$ cmake -E copy /private/tmp/realmmesh-p5/deps-src/sodium-download/libsodium-1.0.22.tar.gz /private/tmp/realmmesh-p6/final/build/dev-make/third_party/sodium/sodium_external-prefix/src/libsodium-1.0.22.tar.gz
$ cmake --preset dev-make -DREALMMESH_CCACHE=OFF -DCMAKE_PROJECT_RealmMesh_INCLUDE=/private/tmp/realmmesh-p6/fallback-results/compile-observer.cmake -DCMAKE_C_LINKER_LAUNCHER=/private/tmp/realmmesh-p6/launcher -DCMAKE_CXX_LINKER_LAUNCHER=/private/tmp/realmmesh-p6/launcher -DCMAKE_C_COMPILER_LAUNCHER= -DCMAKE_CXX_COMPILER_LAUNCHER= -DFETCHCONTENT_SOURCE_DIR_ABSL=/private/tmp/realmmesh-p5/deps-src/absl-src -DFETCHCONTENT_SOURCE_DIR_CPP_HTTPLIB_SOURCE=/private/tmp/realmmesh-p5/deps-src/cpp_httplib_source-src -DFETCHCONTENT_SOURCE_DIR_GOOGLETEST=/private/tmp/realmmesh-p5/deps-src/googletest-src -DFETCHCONTENT_SOURCE_DIR_LUA_SOURCE=/private/tmp/realmmesh-p5/deps-src/lua_source-src -DFETCHCONTENT_SOURCE_DIR_LUAUNIT=/private/tmp/realmmesh-p5/deps-src/luaunit-src -DFETCHCONTENT_SOURCE_DIR_MONGO-C-DRIVER=/private/tmp/realmmesh-p5/deps-src/mongo-c-driver-src -DFETCHCONTENT_SOURCE_DIR_MONGO-CXX-DRIVER=/private/tmp/realmmesh-p5/deps-src/mongo-cxx-driver-src -DFETCHCONTENT_SOURCE_DIR_NLOHMANN_JSON_SOURCE=/private/tmp/realmmesh-p5/deps-src/nlohmann_json_source-src -DFETCHCONTENT_SOURCE_DIR_PROTOBUF=/private/tmp/realmmesh-p5/deps-src/protobuf-src -DFETCHCONTENT_SOURCE_DIR_REALMMESH_PROTOC=/private/tmp/realmmesh-p5/deps-src/realmmesh_protoc-src -DFETCHCONTENT_SOURCE_DIR_SOL2_SOURCE=/private/tmp/realmmesh-p5/deps-src/sol2_source-src -DFETCHCONTENT_SOURCE_DIR_SPDLOG=/private/tmp/realmmesh-p5/deps-src/spdlog-src -DOPENSSL_INCLUDE_DIR=/opt/homebrew/opt/openssl@3/include
-- The C compiler identification is AppleClang 21.0.0.21000334
-- The CXX compiler identification is AppleClang 21.0.0.21000334
-- Detecting C compiler ABI info
-- Detecting C compiler ABI info - done
-- Check for working C compiler: /usr/bin/cc - skipped
-- Detecting C compile features
-- Detecting C compile features - done
-- Detecting CXX compiler ABI info
-- Detecting CXX compiler ABI info - done
-- Check for working CXX compiler: /usr/bin/c++ - skipped
-- Detecting CXX compile features
-- Detecting CXX compile features - done
-- RealmMesh ccache: OFF, disabled (OFF or tool absent); native compilation uses existing custom launchers or compiler directly
-- Found OpenSSL: /opt/homebrew/opt/openssl@3/lib/libcrypto.dylib (found suitable version "3.6.5", minimum required is "3.0") found components: SSL Crypto
-- RealmMesh: OpenSSL 3.6.5 from /opt/homebrew/Cellar/openssl@3/3.6.5 (root /opt/homebrew/opt/openssl@3, macOS default (Homebrew openssl@3))
-- realm_build_dir: preset dev-make -> /private/tmp/realmmesh-p6/final/build/dev-make
-- Using the multi-header code from /private/tmp/realmmesh-p5/deps-src/nlohmann_json_source-src/include/
-- MsQuic: 2.6.2 (/opt/homebrew/Cellar/libmsquic/2.6.2/lib/libmsquic.2.6.2.dylib)
-- Performing Test ABSL_INTERNAL_AT_LEAST_CXX17
-- Performing Test ABSL_INTERNAL_AT_LEAST_CXX17 - Failed
-- Performing Test ABSL_INTERNAL_AT_LEAST_CXX20
-- Performing Test ABSL_INTERNAL_AT_LEAST_CXX20 - Failed
-- Performing Test CMAKE_HAVE_LIBC_PTHREAD
-- Performing Test CMAKE_HAVE_LIBC_PTHREAD - Success
-- Found Threads: TRUE
-- realm_protocol: protoc 35.0 from the pinned release download
-- protobuf version: 35.0.0
-- Performing Test protobuf_HAVE_LD_VERSION_SCRIPT
-- Performing Test protobuf_HAVE_LD_VERSION_SCRIPT - Failed
-- Performing Test protobuf_HAVE_BUILTIN_ATOMICS
-- Performing Test protobuf_HAVE_BUILTIN_ATOMICS - Success
-- Build spdlog: 1.17.0
-- Build type: Debug
-- Looking for fwrite_unlocked
-- Looking for fwrite_unlocked - not found
-- Performing Test HAVE_LLD_LINKER_SUPPORT
-- Performing Test HAVE_LLD_LINKER_SUPPORT - Failed
-- Using bundled libbson
-- Looking for snprintf
-- Looking for snprintf - found
-- Performing Test BSON_HAVE_TIMESPEC
-- Performing Test BSON_HAVE_TIMESPEC - Success
-- Looking for gmtime_r
-- Looking for gmtime_r - found
-- Looking for rand_r
-- Looking for rand_r - found
-- Looking for strings.h
-- Looking for strings.h - found
-- Looking for strlcpy
-- Looking for strlcpy - found
-- Looking for stdbool.h
-- Looking for stdbool.h - found
-- Looking for clock_gettime
-- Looking for clock_gettime - found
-- Looking for strnlen
-- Looking for strnlen - found
-- Looking for aligned_alloc
-- Looking for aligned_alloc - found
-- Looking for sched_getcpu
-- Looking for sched_getcpu - not found
-- libmongoc version (from VERSION_CURRENT file): 2.5.5
-- Disabling zlib compression
-- Found OpenSSL: /opt/homebrew/opt/openssl@3/lib/libcrypto.dylib (found version "3.6.5")
-- libmongoc TLS : OpenSSL
-- Looking for ASN1_STRING_get0_data
-- Looking for ASN1_STRING_get0_data - found
-- Using SASL backend : OFF
-- Looking for sys/types.h
-- Looking for sys/types.h - found
-- Looking for stdint.h
-- Looking for stdint.h - found
-- Looking for stddef.h
-- Looking for stddef.h - found
-- Check size of socklen_t
-- Check size of socklen_t - done
-- Looking for res_nsearch
-- Looking for res_nsearch - found
-- Looking for res_search
-- Looking for res_search - found
-- Looking for res_ndestroy
-- Looking for res_ndestroy - found
-- Looking for res_nclose
-- Looking for res_nclose - found
-- Detected parameters: accept (int, struct sockaddr *, socklen_t *)
-- Performing Test MONGOC_HAVE_SS_FAMILY
-- Performing Test MONGOC_HAVE_SS_FAMILY - Success
-- SASL disabled
-- Enabling utf8proc (bundled)
-- Adding -fPIC to compilation of mongoc_static components
-- Build files generated for:
-- 	build system: Unix Makefiles
-- The following features have been enabled:

 * TLS, for secure network communication (OpenSSL)
 * Cryptography, cryptographic primitives (OpenSSL)

-- The following features have been disabled:

 * AWS Authentication, authenticate with MongoDB servers using credentials from AWS instance metadata. (Manually disabled)
 * SASL Authentication, authenticate with MongoDB servers using SASL: “Simple Authentication and Security Layer” (OFF)

-- bsoncxx version: 4.6.0
-- bsoncxx soversion: 1
-- Auto-configuring bsoncxx to use its own polyfill implementations since C++17 is inactive
-- Using bson targets imported via add_subdirectory() without version checks
-- Performing Test COMPILER_HAS_HIDDEN_VISIBILITY
-- Performing Test COMPILER_HAS_HIDDEN_VISIBILITY - Success
-- Performing Test COMPILER_HAS_HIDDEN_INLINE_VISIBILITY
-- Performing Test COMPILER_HAS_HIDDEN_INLINE_VISIBILITY - Success
-- mongocxx version: 4.6.0
-- mongocxx soversion: 1
-- Using mongoc targets imported via add_subdirectory() without version checks
-- Build files generated for:
-- 	build system: Unix Makefiles
-- realm_network: QUIC transport enabled (MsQuic found)
-- realm_network Event Loop backend: kqueue (REALMMESH_NET_BACKEND=auto)
-- Configuring done (4.6s)
-- Generating done (0.8s)
-- Build files have been written to: /private/tmp/realmmesh-p6/final/build/dev-make
$ scripts/build.sh --preset dev-make --jobs 8
build jobs: 8 (from --jobs; budget 8 = min(15 CPUs, 8, memory 48.00 GiB))
-- RealmMesh ccache: OFF, disabled (OFF or tool absent); native compilation uses existing custom launchers or compiler directly
-- Found OpenSSL: /opt/homebrew/opt/openssl@3/lib/libcrypto.dylib (found suitable version "3.6.5", minimum required is "3.0") found components: SSL Crypto
-- RealmMesh: OpenSSL 3.6.5 from /opt/homebrew/Cellar/openssl@3/3.6.5 (root /opt/homebrew/opt/openssl@3, macOS default (Homebrew openssl@3))
-- realm_build_dir: preset dev-make -> /private/tmp/realmmesh-p6/final/build/dev-make
-- Using the multi-header code from /private/tmp/realmmesh-p5/deps-src/nlohmann_json_source-src/include/
-- MsQuic: 2.6.2 (/opt/homebrew/Cellar/libmsquic/2.6.2/lib/libmsquic.2.6.2.dylib)
-- realm_protocol: protoc 35.0 from the pinned release download
-- protobuf version: 35.0.0
-- Build spdlog: 1.17.0
-- Build type: Debug
-- Using bundled libbson
-- libmongoc version (from VERSION_CURRENT file): 2.5.5
-- Disabling zlib compression
-- Found OpenSSL: /opt/homebrew/opt/openssl@3/lib/libcrypto.dylib (found version "3.6.5")
-- libmongoc TLS : OpenSSL
-- Using SASL backend : OFF
-- Detected parameters: accept (int, struct sockaddr *, socklen_t *)
-- SASL disabled
-- Enabling utf8proc (bundled)
-- Adding -fPIC to compilation of mongoc_static components
-- Build files generated for:
-- 	build system: Unix Makefiles
-- The following features have been enabled:

 * TLS, for secure network communication (OpenSSL)
 * Cryptography, cryptographic primitives (OpenSSL)

-- The following features have been disabled:

 * AWS Authentication, authenticate with MongoDB servers using credentials from AWS instance metadata. (Manually disabled)
 * SASL Authentication, authenticate with MongoDB servers using SASL: “Simple Authentication and Security Layer” (OFF)

-- bsoncxx version: 4.6.0
-- bsoncxx soversion: 1
-- Auto-configuring bsoncxx to use its own polyfill implementations since C++17 is inactive
-- Using bson targets imported via add_subdirectory() without version checks
-- mongocxx version: 4.6.0
-- mongocxx soversion: 1
-- Using mongoc targets imported via add_subdirectory() without version checks
-- Build files generated for:
-- 	build system: Unix Makefiles
-- realm_network: QUIC transport enabled (MsQuic found)
-- realm_network Event Loop backend: kqueue (REALMMESH_NET_BACKEND=auto)
-- Configuring done (0.4s)
-- Generating done (0.8s)
-- Build files have been written to: /private/tmp/realmmesh-p6/final/build/dev-make
[  0%] Building CXX object _deps/absl-build/absl/base/CMakeFiles/absl_log_severity.dir/log_severity.cc.o
[  0%] Building CXX object _deps/absl-build/absl/debugging/CMakeFiles/absl_utf8_for_code_point.dir/internal/utf8_for_code_point.cc.o
[  1%] Building CXX object _deps/absl-build/absl/base/CMakeFiles/absl_spinlock_wait.dir/internal/spinlock_wait.cc.o
[  1%] Creating directories for 'sodium_external'
[  1%] Building CXX object _deps/absl-build/absl/time/CMakeFiles/absl_time_zone.dir/internal/cctz/src/time_zone_fixed.cc.o
[  1%] Building CXX object _deps/absl-build/absl/profiling/CMakeFiles/absl_exponential_biased.dir/internal/exponential_biased.cc.o
[  1%] Building C object third_party/lua/CMakeFiles/realm_lua.dir/private/tmp/realmmesh-p5/deps-src/lua_source-src/src/lapi.c.o
[  1%] Building CXX object _deps/absl-build/absl/base/CMakeFiles/absl_strerror.dir/internal/strerror.cc.o
[  1%] Performing download step (download, verify and extract) for 'sodium_external'
-- verifying file...
       file='/private/tmp/realmmesh-p6/final/build/dev-make/third_party/sodium/sodium_external-prefix/src/libsodium-1.0.22.tar.gz'
[  1%] Linking CXX static library libabsl_utf8_for_code_point.a
-- File already exists and hash match (skip download):
  file='/private/tmp/realmmesh-p6/final/build/dev-make/third_party/sodium/sodium_external-prefix/src/libsodium-1.0.22.tar.gz'
  SHA256='adbdd8f16149e81ac6078a03aca6fc03b592b89ef7b5ed83841c086191be3349'
-- extracting...
     src='/private/tmp/realmmesh-p6/final/build/dev-make/third_party/sodium/sodium_external-prefix/src/libsodium-1.0.22.tar.gz'
     dst='/private/tmp/realmmesh-p6/final/build/dev-make/third_party/sodium/sodium_external-prefix/src/sodium_external'
-- extracting... [tar xf]
[  1%] Building C object third_party/lua/CMakeFiles/realm_lua.dir/private/tmp/realmmesh-p5/deps-src/lua_source-src/src/lauxlib.c.o
[  1%] Built target absl_utf8_for_code_point
[  1%] Linking CXX static library libabsl_spinlock_wait.a
[  1%] Building CXX object _deps/absl-build/absl/time/CMakeFiles/absl_time_zone.dir/internal/cctz/src/time_zone_format.cc.o
[  1%] Building C object third_party/lua/CMakeFiles/realm_lua.dir/private/tmp/realmmesh-p5/deps-src/lua_source-src/src/lbaselib.c.o
[  1%] Built target absl_spinlock_wait
-- extracting... [analysis]
-- extracting... [rename]
-- extracting... [clean up]
-- extracting... done
[  1%] Building CXX object _deps/absl-build/absl/time/CMakeFiles/absl_time_zone.dir/internal/cctz/src/time_zone_if.cc.o
[  2%] Building C object third_party/lua/CMakeFiles/realm_lua.dir/private/tmp/realmmesh-p5/deps-src/lua_source-src/src/lcode.c.o
[  2%] Linking CXX static library libabsl_exponential_biased.a
[  2%] No update_disconnected step for 'sodium_external'
[  2%] No patch_disconnected step for 'sodium_external'
[  2%] Linking CXX static library libabsl_strerror.a
[  2%] Built target absl_exponential_biased
[  2%] Performing configure step for 'sodium_external'
[  2%] Building C object third_party/lua/CMakeFiles/realm_lua.dir/private/tmp/realmmesh-p5/deps-src/lua_source-src/src/lcorolib.c.o
[  2%] Building CXX object _deps/absl-build/absl/time/CMakeFiles/absl_civil_time.dir/internal/cctz/src/civil_time_detail.cc.o
[  2%] Built target absl_strerror
[  2%] Building C object third_party/lua/CMakeFiles/realm_lua.dir/private/tmp/realmmesh-p5/deps-src/lua_source-src/src/lctype.c.o
[  2%] Linking CXX static library libabsl_log_severity.a
[  2%] Building CXX object _deps/absl-build/absl/debugging/CMakeFiles/absl_leak_check.dir/leak_check.cc.o
[  2%] Building CXX object _deps/absl-build/absl/time/CMakeFiles/absl_time_zone.dir/internal/cctz/src/time_zone_impl.cc.o
[  2%] Building C object third_party/lua/CMakeFiles/realm_lua.dir/private/tmp/realmmesh-p5/deps-src/lua_source-src/src/ldblib.c.o
[  2%] Linking CXX static library libabsl_leak_check.a
[  2%] Built target absl_log_severity
[  2%] Building CXX object _deps/absl-build/absl/time/CMakeFiles/absl_time_zone.dir/internal/cctz/src/time_zone_info.cc.o
[  2%] Building C object third_party/lua/CMakeFiles/realm_lua.dir/private/tmp/realmmesh-p5/deps-src/lua_source-src/src/ldebug.c.o
[  2%] Built target absl_leak_check
[  4%] Building CXX object _deps/absl-build/absl/time/CMakeFiles/absl_time_zone.dir/internal/cctz/src/time_zone_libc.cc.o
[  4%] Building CXX object _deps/absl-build/absl/time/CMakeFiles/absl_time_zone.dir/internal/cctz/src/time_zone_lookup.cc.o
[  4%] Building C object third_party/lua/CMakeFiles/realm_lua.dir/private/tmp/realmmesh-p5/deps-src/lua_source-src/src/ldo.c.o
[  4%] Building CXX object _deps/absl-build/absl/time/CMakeFiles/absl_time_zone.dir/internal/cctz/src/time_zone_posix.cc.o
[  4%] Building C object third_party/lua/CMakeFiles/realm_lua.dir/private/tmp/realmmesh-p5/deps-src/lua_source-src/src/ldump.c.o
[  4%] Building C object third_party/lua/CMakeFiles/realm_lua.dir/private/tmp/realmmesh-p5/deps-src/lua_source-src/src/lfunc.c.o
checking build system type... aarch64-apple-darwin27.0.0
checking host system type... aarch64-apple-darwin27.0.0
checking target system type... aarch64-apple-darwin27.0.0
checking for a BSD-compatible install... [  4%] Linking CXX static library libabsl_civil_time.a
[  4%] Building C object third_party/lua/CMakeFiles/realm_lua.dir/private/tmp/realmmesh-p5/deps-src/lua_source-src/src/lgc.c.o
/usr/bin/install -c
checking whether sleep supports fractional seconds... yes
checking filesystem timestamp resolution... [  4%] Built target absl_civil_time
[  4%] Building CXX object _deps/absl-build/absl/time/CMakeFiles/absl_time_zone.dir/internal/cctz/src/zone_info_source.cc.o
[  4%] Building C object third_party/lua/CMakeFiles/realm_lua.dir/private/tmp/realmmesh-p5/deps-src/lua_source-src/src/linit.c.o
[  4%] Building C object third_party/lua/CMakeFiles/realm_lua.dir/private/tmp/realmmesh-p5/deps-src/lua_source-src/src/liolib.c.o
[  4%] Building CXX object _deps/absl-build/absl/flags/CMakeFiles/absl_flags_commandlineflag_internal.dir/internal/commandlineflag.cc.o
[  4%] Building C object third_party/lua/CMakeFiles/realm_lua.dir/private/tmp/realmmesh-p5/deps-src/lua_source-src/src/llex.c.o
[  4%] Linking CXX static library libabsl_flags_commandlineflag_internal.a
[  4%] Building C object third_party/lua/CMakeFiles/realm_lua.dir/private/tmp/realmmesh-p5/deps-src/lua_source-src/src/lmathlib.c.o
[  4%] Building CXX object _deps/absl-build/absl/log/CMakeFiles/absl_log_internal_nullguard.dir/internal/nullguard.cc.o
[  4%] Building C object third_party/lua/CMakeFiles/realm_lua.dir/private/tmp/realmmesh-p5/deps-src/lua_source-src/src/lmem.c.o
[  4%] Built target absl_flags_commandlineflag_internal
[  5%] Building C object third_party/lua/CMakeFiles/realm_lua.dir/private/tmp/realmmesh-p5/deps-src/lua_source-src/src/loadlib.c.o
[  5%] Building C object third_party/lua/CMakeFiles/realm_lua.dir/private/tmp/realmmesh-p5/deps-src/lua_source-src/src/lobject.c.o
[  5%] Building CXX object _deps/absl-build/absl/profiling/CMakeFiles/absl_periodic_sampler.dir/internal/periodic_sampler.cc.o
[  5%] Building C object third_party/lua/CMakeFiles/realm_lua.dir/private/tmp/realmmesh-p5/deps-src/lua_source-src/src/lopcodes.c.o
[  5%] Building C object third_party/lua/CMakeFiles/realm_lua.dir/private/tmp/realmmesh-p5/deps-src/lua_source-src/src/loslib.c.o
[  5%] Building C object third_party/lua/CMakeFiles/realm_lua.dir/private/tmp/realmmesh-p5/deps-src/lua_source-src/src/lparser.c.o
[  5%] Building C object third_party/lua/CMakeFiles/realm_lua.dir/private/tmp/realmmesh-p5/deps-src/lua_source-src/src/lstate.c.o
[  5%] Building CXX object _deps/absl-build/absl/random/CMakeFiles/absl_random_internal_platform.dir/internal/randen_round_keys.cc.o
[  5%] Building C object third_party/lua/CMakeFiles/realm_lua.dir/private/tmp/realmmesh-p5/deps-src/lua_source-src/src/lstring.c.o
[  5%] Linking CXX static library libabsl_periodic_sampler.a
[  5%] Building C object third_party/lua/CMakeFiles/realm_lua.dir/private/tmp/realmmesh-p5/deps-src/lua_source-src/src/lstrlib.c.o
[  5%] Building C object third_party/lua/CMakeFiles/realm_lua.dir/private/tmp/realmmesh-p5/deps-src/lua_source-src/src/ltable.c.o
[  5%] Linking CXX static library libabsl_random_internal_platform.a
[  5%] Linking CXX static library libabsl_log_internal_nullguard.a
[  5%] Building C object third_party/lua/CMakeFiles/realm_lua.dir/private/tmp/realmmesh-p5/deps-src/lua_source-src/src/ltablib.c.o
[  5%] Built target absl_periodic_sampler
[  5%] Linking CXX static library libabsl_time_zone.a
[  5%] Building C object third_party/lua/CMakeFiles/realm_lua.dir/private/tmp/realmmesh-p5/deps-src/lua_source-src/src/ltm.c.o
[  5%] Building C object third_party/lua/CMakeFiles/realm_lua.dir/private/tmp/realmmesh-p5/deps-src/lua_source-src/src/lundump.c.o
[  5%] Built target absl_random_internal_platform
[  5%] Building C object _deps/protobuf-build/third_party/utf8_range/CMakeFiles/utf8_range.dir/utf8_range.c.o
[  5%] Built target absl_log_internal_nullguard
[  5%] Building C object third_party/lua/CMakeFiles/realm_lua.dir/private/tmp/realmmesh-p5/deps-src/lua_source-src/src/lutf8lib.c.o
[  6%] Building C object third_party/lua/CMakeFiles/realm_lua.dir/private/tmp/realmmesh-p5/deps-src/lua_source-src/src/lvm.c.o
[  8%] Building CXX object _deps/spdlog-build/CMakeFiles/spdlog.dir/src/spdlog.cpp.o
[  8%] Built target absl_time_zone
[  8%] Building C object third_party/lua/CMakeFiles/realm_lua.dir/private/tmp/realmmesh-p5/deps-src/lua_source-src/src/lzio.c.o
[  8%] Building CXX object _deps/spdlog-build/CMakeFiles/spdlog.dir/src/stdout_sinks.cpp.o
[  8%] Building C object _deps/mongo-c-driver-build/src/libbson/CMakeFiles/bson_static.dir/private/tmp/realmmesh-p5/deps-src/mongo-c-driver-src/src/common/src/common-atomic.c.o
[  8%] Building C object _deps/mongo-c-driver-build/src/libmongoc/CMakeFiles/utf8proc_obj.dir/private/tmp/realmmesh-p5/deps-src/mongo-c-driver-src/src/utf8proc-2.11.3/utf8proc.c.o
[  8%] Building CXX object _deps/spdlog-build/CMakeFiles/spdlog.dir/src/color_sinks.cpp.o
[  8%] Linking C static library libutf8_range.a
2
checking whether build environment is sane... yes
[  8%] Linking C static library librealm_lua.a
checking for a race-free mkdir -p... mkdir -p
checking for gawk... no
checking for mawk... no
checking for nawk... no
checking for awk... awk
checking whether make sets $(MAKE)... [  8%] Building C object _deps/mongo-c-driver-build/src/libbson/CMakeFiles/bson_static.dir/private/tmp/realmmesh-p5/deps-src/mongo-c-driver-src/src/common/src/common-b64.c.o
yes
[  8%] Built target utf8_range
checking whether make supports nested variables... yes
[  8%] Built target realm_lua
[  8%] Generating libbsoncxx1-static.pc
checking xargs -n works... [  8%] Building CXX object _deps/spdlog-build/CMakeFiles/spdlog.dir/src/file_sinks.cpp.o
yes
[  8%] Building C object _deps/mongo-c-driver-build/src/libbson/CMakeFiles/bson_static.dir/private/tmp/realmmesh-p5/deps-src/mongo-c-driver-src/src/common/src/common-json.c.o
checking whether UID '501' is supported by ustar format... yes
checking whether GID '20' is supported by ustar format... yes
checking how to create a ustar tar archive... [  8%] Built target generate-libbsoncxx_static-pc
[  8%] Building CXX object _deps/spdlog-build/CMakeFiles/spdlog.dir/src/async.cpp.o
gnutar
checking whether to enable maintainer-specific portions of Makefiles... no
checking for gcc... gcc
[  8%] Built target utf8proc_obj
[  8%] Building C object _deps/mongo-c-driver-build/src/libbson/CMakeFiles/bson_static.dir/private/tmp/realmmesh-p5/deps-src/mongo-c-driver-src/src/common/src/common-md5.c.o
[  8%] Generating libmongocxx1-static.pc
[  8%] Built target generate-libmongocxx_static-pc
[  8%] Building CXX object _deps/spdlog-build/CMakeFiles/spdlog.dir/src/cfg.cpp.o
[  8%] Building C object _deps/mongo-c-driver-build/src/libbson/CMakeFiles/bson_static.dir/private/tmp/realmmesh-p5/deps-src/mongo-c-driver-src/src/common/src/common-oid.c.o
[  8%] Building C object _deps/mongo-c-driver-build/src/libbson/CMakeFiles/bson_static.dir/private/tmp/realmmesh-p5/deps-src/mongo-c-driver-src/src/common/src/common-string.c.o
checking whether the C compiler works... yes
checking for C compiler default output file name... a.out
[  8%] Building C object _deps/mongo-c-driver-build/src/libbson/CMakeFiles/bson_static.dir/private/tmp/realmmesh-p5/deps-src/mongo-c-driver-src/src/common/src/common-thread.c.o
checking for suffix of executables... [  8%] Building C object _deps/mongo-c-driver-build/src/libbson/CMakeFiles/bson_static.dir/src/bson/bson-bcon.c.o

[  8%] Building CXX object _deps/spdlog-build/CMakeFiles/spdlog.dir/src/bundled_fmtlib_format.cpp.o
checking whether we are cross compiling... [  8%] Building C object _deps/mongo-c-driver-build/src/libbson/CMakeFiles/bson_static.dir/src/bson/bson-clock.c.o
[  8%] Building CXX object framework/scripting/CMakeFiles/realm_scripting.dir/src/lua_runtime.cpp.o
[  8%] Building CXX object framework/scheduler/CMakeFiles/realm_scheduler.dir/src/frame_scheduler.cpp.o
[  8%] Building C object _deps/mongo-c-driver-build/src/libbson/CMakeFiles/bson_static.dir/src/bson/bson-context.c.o
[  8%] Building CXX object framework/service/CMakeFiles/realm_service.dir/src/service_lifecycle.cpp.o
[  8%] Building C object _deps/mongo-c-driver-build/src/libbson/CMakeFiles/bson_static.dir/src/bson/bson-decimal128.c.o
no
checking for suffix of object files... [  8%] Building CXX object tools/detach/CMakeFiles/realm_detach.dir/main.cpp.o
o
checking whether the compiler supports GNU C... [  9%] Building C object _deps/mongo-c-driver-build/src/libbson/CMakeFiles/bson_static.dir/src/bson/bson-iso8601.c.o
[  9%] Linking CXX static library librealm_service.a
[  9%] Linking CXX executable ../../bin/realm_detach
yes
checking whether gcc accepts -g... [  9%] Building C object _deps/mongo-c-driver-build/src/libbson/CMakeFiles/bson_static.dir/src/bson/bson-iter.c.o
[  9%] Built target realm_service
[  9%] Built target realm_detach
yes
checking for gcc option to enable C23 features... [  9%] Building C object _deps/mongo-c-driver-build/src/libbson/CMakeFiles/bson_static.dir/src/bson/bson-json.c.o
[  9%] Building CXX object _deps/googletest-build/googletest/CMakeFiles/gtest.dir/src/gtest-all.cc.o
[  9%] Building C object _deps/mongo-c-driver-build/src/libbson/CMakeFiles/bson_static.dir/src/bson/bson-keys.c.o
[  9%] Building C object _deps/mongo-c-driver-build/src/libbson/CMakeFiles/bson_static.dir/src/bson/bson-oid.c.o
-std=gnu23
checking whether gcc -std=gnu23 understands -c and -o together... [  9%] Building C object _deps/mongo-c-driver-build/src/libbson/CMakeFiles/bson_static.dir/src/bson/bson-reader.c.o
[  9%] Building C object _deps/mongo-c-driver-build/src/libbson/CMakeFiles/bson_static.dir/src/bson/bson-string.c.o
[  9%] Building C object _deps/mongo-c-driver-build/src/libbson/CMakeFiles/bson_static.dir/src/bson/bson-timegm.c.o
[  9%] Linking CXX static library libspdlogd.a
yes
checking whether make supports the include directive... [  9%] Building C object _deps/mongo-c-driver-build/src/libbson/CMakeFiles/bson_static.dir/src/bson/bson-utf8.c.o
yes (GNU style)
checking dependency style of gcc -std=gnu23... [  9%] Building C object _deps/mongo-c-driver-build/src/libbson/CMakeFiles/bson_static.dir/src/bson/bson-value.c.o
[  9%] Building C object _deps/mongo-c-driver-build/src/libbson/CMakeFiles/bson_static.dir/src/bson/bson-vector.c.o
[  9%] Built target spdlog
[  9%] Building C object _deps/mongo-c-driver-build/src/libbson/CMakeFiles/bson_static.dir/src/bson/bson-version-functions.c.o
[  9%] Linking CXX static library librealm_scheduler.a
[  9%] Building C object _deps/mongo-c-driver-build/src/libbson/CMakeFiles/bson_static.dir/src/bson/bson-writer.c.o
[  9%] Building C object _deps/mongo-c-driver-build/src/libbson/CMakeFiles/bson_static.dir/src/bson/bson.c.o
[ 10%] Building C object _deps/mongo-c-driver-build/src/libbson/CMakeFiles/bson_static.dir/src/bson/error.c.o
gcc3
checking dependency style of gcc -std=gnu23... [ 10%] Generating test-tls/certificate.pem, test-tls/private-key.pem
[ 10%] Built target realm_scheduler
[ 10%] Building C object _deps/mongo-c-driver-build/src/libbson/CMakeFiles/bson_static.dir/src/bson/memory.c.o
[ 10%] Building C object _deps/mongo-c-driver-build/src/libbson/CMakeFiles/bson_static.dir/src/bson/validate.c.o
-----
[ 10%] Building C object _deps/mongo-c-driver-build/src/libbson/CMakeFiles/bson_static.dir/src/jsonsl/jsonsl.c.o
[ 10%] Built target realmmesh_test_tls_identity
[ 10%] Building C object third_party/lua/CMakeFiles/realm_lua_cli.dir/private/tmp/realmmesh-p5/deps-src/lua_source-src/src/lua.c.o
gcc3
checking for stdio.h... [ 10%] Building CXX object _deps/absl-build/absl/base/CMakeFiles/absl_raw_logging_internal.dir/internal/raw_logging.cc.o
[ 10%] Building CXX object _deps/absl-build/absl/random/CMakeFiles/absl_random_internal_randen_hwaes_impl.dir/internal/randen_hwaes.cc.o
yes
checking for stdlib.h... [ 10%] Building CXX object _deps/absl-build/absl/random/CMakeFiles/absl_random_internal_randen_slow.dir/internal/randen_slow.cc.o
[ 10%] Linking C executable realm_lua_cli
[ 10%] Linking C static library libbson2.a
yes
checking for string.h... [ 10%] Built target realm_lua_cli
yes
checking for inttypes.h... [ 10%] Building CXX object framework/observability/CMakeFiles/realm_observability.dir/src/logger.cpp.o
[ 10%] Built target bson_static
[ 10%] Building CXX object framework/observability/CMakeFiles/realm_observability.dir/src/metrics_registry.cpp.o
yes
checking for stdint.h... yes
checking for strings.h... yes
checking for sys/stat.h... yes
checking for sys/types.h... [ 10%] Linking CXX static library libabsl_raw_logging_internal.a
[ 12%] Linking CXX static library libabsl_random_internal_randen_slow.a
yes
checking for unistd.h... [ 12%] Linking CXX static library libabsl_random_internal_randen_hwaes_impl.a
[ 12%] Built target absl_raw_logging_internal
[ 12%] Built target absl_random_internal_randen_slow
[ 13%] Linking CXX static library librealm_scripting.a
yes
checking for wchar.h... [ 13%] Building C object _deps/mongo-c-driver-build/src/libmongoc/CMakeFiles/mongoc_static.dir/src/mongoc/mcd-azure.c.o
[ 13%] Building CXX object _deps/mongo-cxx-driver-build/src/bsoncxx/CMakeFiles/bsoncxx_static.dir/lib/bsoncxx/private/itoa.cpp.o
[ 13%] Built target absl_random_internal_randen_hwaes_impl
[ 13%] Building C object _deps/mongo-c-driver-build/src/libmongoc/CMakeFiles/mongoc_static.dir/src/mongoc/mcd-nsinfo.c.o
yes
checking for minix/config.h... [ 13%] Built target realm_scripting
[ 13%] Building CXX object _deps/mongo-cxx-driver-build/src/bsoncxx/CMakeFiles/bsoncxx_static.dir/lib/bsoncxx/private/version.cpp.o
[ 13%] Building CXX object _deps/absl-build/absl/base/CMakeFiles/absl_base.dir/internal/cycleclock.cc.o
[ 13%] Building C object _deps/mongo-c-driver-build/src/libmongoc/CMakeFiles/mongoc_static.dir/src/mongoc/mcd-rpc.c.o
[ 13%] Building CXX object _deps/mongo-cxx-driver-build/src/bsoncxx/CMakeFiles/bsoncxx_static.dir/lib/bsoncxx/v1/array/value.cpp.o
no
checking whether it is safe to define __EXTENSIONS__... yes
checking whether _XOPEN_SOURCE should be defined... no
checking whether C compiler accepts -O3... [ 13%] Building C object _deps/mongo-c-driver-build/src/libmongoc/CMakeFiles/mongoc_static.dir/src/mongoc/mongoc-aggregate.c.o
[ 13%] Building CXX object _deps/absl-build/absl/base/CMakeFiles/absl_base.dir/internal/spinlock.cc.o
yes
checking if we are using FilC... no
checking for a sed that does not truncate output... [ 13%] Building CXX object _deps/mongo-cxx-driver-build/src/bsoncxx/CMakeFiles/bsoncxx_static.dir/lib/bsoncxx/v1/array/view.cpp.o
[ 13%] Building CXX object _deps/absl-build/absl/base/CMakeFiles/absl_base.dir/internal/sysinfo.cc.o
[ 14%] Building CXX object _deps/mongo-cxx-driver-build/src/bsoncxx/CMakeFiles/bsoncxx_static.dir/lib/bsoncxx/v1/config/config.cpp.o
[ 14%] Building C object _deps/mongo-c-driver-build/src/libmongoc/CMakeFiles/mongoc_static.dir/src/mongoc/mongoc-apm.c.o
[ 14%] Building CXX object _deps/absl-build/absl/base/CMakeFiles/absl_base.dir/internal/thread_identity.cc.o
[ 14%] Building C object _deps/mongo-c-driver-build/src/libmongoc/CMakeFiles/mongoc_static.dir/src/mongoc/mongoc-array.c.o
/usr/bin/sed
checking how to run the C preprocessor... [ 14%] Building C object _deps/mongo-c-driver-build/src/libmongoc/CMakeFiles/mongoc_static.dir/src/mongoc/mongoc-async.c.o
[ 14%] Linking CXX static library ../../../lib/libgtest.a
[ 14%] Building CXX object _deps/absl-build/absl/base/CMakeFiles/absl_base.dir/internal/unscaledcycleclock.cc.o
gcc -std=gnu23 -E
[ 14%] Building CXX object _deps/mongo-cxx-driver-build/src/bsoncxx/CMakeFiles/bsoncxx_static.dir/lib/bsoncxx/v1/config/export.cpp.o
[ 14%] Built target gtest
[ 14%] Building C object _deps/mongo-c-driver-build/src/libmongoc/CMakeFiles/mongoc_static.dir/src/mongoc/mongoc-async-cmd.c.o
[ 14%] Building CXX object _deps/mongo-cxx-driver-build/src/bsoncxx/CMakeFiles/bsoncxx_static.dir/lib/bsoncxx/v1/config/version.cpp.o
[ 14%] Building CXX object _deps/mongo-cxx-driver-build/src/bsoncxx/CMakeFiles/bsoncxx_static.dir/lib/bsoncxx/v1/decimal128.cpp.o
[ 14%] Building CXX object _deps/absl-build/absl/base/CMakeFiles/absl_throw_delegate.dir/internal/throw_delegate.cc.o
checking for egrep -e... [ 14%] Building CXX object _deps/mongo-cxx-driver-build/src/bsoncxx/CMakeFiles/bsoncxx_static.dir/lib/bsoncxx/v1/detail/postlude.cpp.o
/usr/bin/grep -E
checking whether gcc -std=gnu23 is Clang... [ 14%] Building C object _deps/mongo-c-driver-build/src/libmongoc/CMakeFiles/mongoc_static.dir/src/mongoc/mongoc-buffer.c.o
[ 14%] Building CXX object _deps/mongo-cxx-driver-build/src/bsoncxx/CMakeFiles/bsoncxx_static.dir/lib/bsoncxx/v1/detail/prelude.cpp.o
yes
checking whether pthreads work with "-pthread" and "-lpthread"... [ 14%] Linking CXX static library libabsl_base.a
[ 14%] Building CXX object _deps/mongo-cxx-driver-build/src/bsoncxx/CMakeFiles/bsoncxx_static.dir/lib/bsoncxx/v1/document/value.cpp.o
[ 14%] Building C object _deps/mongo-c-driver-build/src/libmongoc/CMakeFiles/mongoc_static.dir/src/mongoc/mongoc-bulk-operation.c.o
[ 14%] Building C object _deps/mongo-c-driver-build/src/libmongoc/CMakeFiles/mongoc_static.dir/src/mongoc/mongoc-change-stream.c.o
yes
checking whether Clang needs flag to prevent "argument unused" warning when linking with -pthread... [ 14%] Built target absl_base
[ 14%] Building CXX object _deps/absl-build/absl/base/CMakeFiles/absl_scoped_set_env.dir/internal/scoped_set_env.cc.o
[ 14%] Building C object _deps/mongo-c-driver-build/src/libmongoc/CMakeFiles/mongoc_static.dir/src/mongoc/mongoc-client.c.o
[ 14%] Building CXX object _deps/mongo-cxx-driver-build/src/bsoncxx/CMakeFiles/bsoncxx_static.dir/lib/bsoncxx/v1/document/view.cpp.o
[ 14%] Building CXX object _deps/mongo-cxx-driver-build/src/bsoncxx/CMakeFiles/bsoncxx_static.dir/lib/bsoncxx/v1/element/view.cpp.o
no
checking for joinable pthread attribute... [ 14%] Linking CXX static library libabsl_throw_delegate.a
PTHREAD_CREATE_JOINABLE
checking whether more special flags are required for pthreads... no
checking for PTHREAD_PRIO_INHERIT... [ 14%] Built target absl_throw_delegate
[ 16%] Building C object _deps/mongo-c-driver-build/src/libmongoc/CMakeFiles/mongoc_static.dir/src/mongoc/mongoc-client-pool.c.o
[ 16%] Building CXX object _deps/absl-build/absl/base/CMakeFiles/absl_tracing_internal.dir/internal/tracing.cc.o
yes
[ 16%] Building C object _deps/mongo-c-driver-build/src/libmongoc/CMakeFiles/mongoc_static.dir/src/mongoc/mongoc-client-side-encryption.c.o
[ 16%] Linking CXX static library libabsl_tracing_internal.a
[ 16%] Linking CXX static library libabsl_scoped_set_env.a
checking for variable-length arrays... [ 16%] Built target absl_tracing_internal
[ 16%] Building C object _deps/mongo-c-driver-build/src/libmongoc/CMakeFiles/mongoc_static.dir/src/mongoc/mongoc-cluster.c.o
[ 16%] Built target absl_scoped_set_env
[ 17%] Building CXX object _deps/absl-build/absl/debugging/CMakeFiles/absl_debugging_internal.dir/internal/address_is_readable.cc.o
[ 17%] Building CXX object _deps/mongo-cxx-driver-build/src/bsoncxx/CMakeFiles/bsoncxx_static.dir/lib/bsoncxx/v1/exception.cpp.o
[ 17%] Building CXX object _deps/mongo-cxx-driver-build/src/bsoncxx/CMakeFiles/bsoncxx_static.dir/lib/bsoncxx/v1/oid.cpp.o
yes
checking for __wasi__ defined... [ 17%] Building CXX object _deps/absl-build/absl/debugging/CMakeFiles/absl_debugging_internal.dir/internal/elf_mem_image.cc.o
[ 17%] Building CXX object _deps/absl-build/absl/strings/CMakeFiles/absl_strings_internal.dir/internal/ostringstream.cc.o
[ 17%] Building CXX object _deps/mongo-cxx-driver-build/src/bsoncxx/CMakeFiles/bsoncxx_static.dir/lib/bsoncxx/v1/types/id.cpp.o
no
checking whether C compiler accepts -fvisibility=hidden... [ 17%] Building CXX object _deps/absl-build/absl/debugging/CMakeFiles/absl_debugging_internal.dir/internal/vdso_support.cc.o
yes
checking whether C compiler accepts -fPIC... [ 17%] Linking CXX static library libabsl_debugging_internal.a
[ 17%] Building CXX object _deps/mongo-cxx-driver-build/src/bsoncxx/CMakeFiles/bsoncxx_static.dir/lib/bsoncxx/v1/types/value.cpp.o
[ 17%] Building C object _deps/mongo-c-driver-build/src/libmongoc/CMakeFiles/mongoc_static.dir/src/mongoc/mongoc-cluster-aws.c.o
yes
checking whether C compiler accepts -fPIE... [ 17%] Built target absl_debugging_internal
[ 18%] Building CXX object _deps/mongo-cxx-driver-build/src/bsoncxx/CMakeFiles/bsoncxx_static.dir/lib/bsoncxx/v1/types/view.cpp.o
[ 18%] Building CXX object _deps/absl-build/absl/debugging/CMakeFiles/absl_decode_rust_punycode.dir/internal/decode_rust_punycode.cc.o
yes
checking whether the linker accepts -pie... [ 18%] Building CXX object _deps/mongo-cxx-driver-build/src/bsoncxx/CMakeFiles/bsoncxx_static.dir/lib/bsoncxx/v_noabi/bsoncxx/array/element.cpp.o
[ 18%] Building C object _deps/mongo-c-driver-build/src/libmongoc/CMakeFiles/mongoc_static.dir/src/mongoc/mongoc-cluster-oidc.c.o
[ 18%] Building CXX object _deps/absl-build/absl/strings/CMakeFiles/absl_strings_internal.dir/internal/utf8.cc.o
yes
checking whether C compiler accepts -fno-strict-aliasing... [ 18%] Building CXX object _deps/absl-build/absl/strings/CMakeFiles/absl_strings_internal.dir/internal/escaping.cc.o
yes
checking whether C compiler accepts -fno-strict-overflow... [ 18%] Building C object _deps/mongo-c-driver-build/src/libmongoc/CMakeFiles/mongoc_static.dir/src/mongoc/mongoc-cluster-sasl.c.o
[ 18%] Building CXX object _deps/mongo-cxx-driver-build/src/bsoncxx/CMakeFiles/bsoncxx_static.dir/lib/bsoncxx/v_noabi/bsoncxx/array/value.cpp.o
yes
checking whether C compiler accepts -fstack-protector... [ 18%] Linking CXX static library libabsl_decode_rust_punycode.a
[ 18%] Building CXX object _deps/mongo-cxx-driver-build/src/bsoncxx/CMakeFiles/bsoncxx_static.dir/lib/bsoncxx/v_noabi/bsoncxx/array/view.cpp.o
[ 18%] Building C object _deps/mongo-c-driver-build/src/libmongoc/CMakeFiles/mongoc_static.dir/src/mongoc/mongoc-collection.c.o
[ 18%] Built target absl_decode_rust_punycode
yes
checking whether the linker accepts -fstack-protector... [ 18%] Building CXX object _deps/mongo-cxx-driver-build/src/bsoncxx/CMakeFiles/bsoncxx_static.dir/lib/bsoncxx/v_noabi/bsoncxx/builder/core.cpp.o
[ 18%] Building CXX object _deps/absl-build/absl/numeric/CMakeFiles/absl_int128.dir/int128.cc.o
yes
checking whether C compiler accepts  -O3 -pthread -fvisibility=hidden -fPIC -fPIE -fno-strict-aliasing -fno-strict-overflow -fstack-protector -Wall... [ 18%] Linking CXX static library libabsl_strings_internal.a
yes
checking whether C compiler accepts  -O3 -pthread -fvisibility=hidden -fPIC -fPIE -fno-strict-aliasing -fno-strict-overflow -fstack-protector -Wno-deprecated-declarations... [ 18%] Built target absl_strings_internal
[ 18%] Building CXX object _deps/mongo-cxx-driver-build/src/bsoncxx/CMakeFiles/bsoncxx_static.dir/lib/bsoncxx/v_noabi/bsoncxx/config/config.cpp.o
[ 18%] Building CXX object _deps/absl-build/absl/strings/CMakeFiles/absl_string_view.dir/string_view.cc.o
[ 18%] Building C object _deps/mongo-c-driver-build/src/libmongoc/CMakeFiles/mongoc_static.dir/src/mongoc/mongoc-compression.c.o
[ 18%] Building CXX object _deps/absl-build/absl/crc/CMakeFiles/absl_crc_cpu_detect.dir/internal/cpu_detect.cc.o
yes
checking whether C compiler accepts  -O3 -pthread -fvisibility=hidden -fPIC -fPIE -fno-strict-aliasing -fno-strict-overflow -fstack-protector -Wno-deprecated-declarations -Wno-unknown-pragmas... [ 18%] Building CXX object _deps/mongo-cxx-driver-build/src/bsoncxx/CMakeFiles/bsoncxx_static.dir/lib/bsoncxx/v_noabi/bsoncxx/config/export.cpp.o
[ 18%] Building C object _deps/mongo-c-driver-build/src/libmongoc/CMakeFiles/mongoc_static.dir/src/mongoc/mongoc-counters.c.o
[ 18%] Building CXX object _deps/mongo-cxx-driver-build/src/bsoncxx/CMakeFiles/bsoncxx_static.dir/lib/bsoncxx/v_noabi/bsoncxx/config/version.cpp.o
yes
checking for clang... [ 18%] Building CXX object _deps/mongo-cxx-driver-build/src/bsoncxx/CMakeFiles/bsoncxx_static.dir/lib/bsoncxx/v_noabi/bsoncxx/decimal128.cpp.o
[ 18%] Building C object _deps/mongo-c-driver-build/src/libmongoc/CMakeFiles/mongoc_static.dir/src/mongoc/mongoc-crypt.c.o
yes
[ 18%] Linking CXX static library libabsl_int128.a
checking whether C compiler accepts  -O3 -pthread -fvisibility=hidden -fPIC -fPIE -fno-strict-aliasing -fno-strict-overflow -fstack-protector -Wall -Wno-unknown-warning-option... [ 18%] Building CXX object _deps/mongo-cxx-driver-build/src/bsoncxx/CMakeFiles/bsoncxx_static.dir/lib/bsoncxx/v_noabi/bsoncxx/document/element.cpp.o
[ 18%] Linking CXX static library libabsl_string_view.a
[ 18%] Built target absl_int128
[ 18%] Building C object _deps/mongo-c-driver-build/src/libmongoc/CMakeFiles/mongoc_static.dir/src/mongoc/mongoc-cursor-array.c.o
[ 18%] Building CXX object _deps/mongo-cxx-driver-build/src/bsoncxx/CMakeFiles/bsoncxx_static.dir/lib/bsoncxx/v_noabi/bsoncxx/document/value.cpp.o
yes
checking whether C compiler accepts  -O3 -pthread -fvisibility=hidden -fPIC -fPIE -fno-strict-aliasing -fno-strict-overflow -fstack-protector -Wall -Wno-unknown-warning-option -Wextra... [ 18%] Built target absl_string_view
[ 18%] Building CXX object _deps/absl-build/absl/hash/CMakeFiles/absl_city.dir/internal/city.cc.o
yes
checking whether C compiler accepts  -Wextra -Warray-bounds... [ 18%] Building C object _deps/mongo-c-driver-build/src/libmongoc/CMakeFiles/mongoc_static.dir/src/mongoc/mongoc-cursor.c.o
[ 18%] Linking CXX static library libabsl_crc_cpu_detect.a
[ 18%] Built target absl_crc_cpu_detect
yes
checking whether C compiler accepts  -Wextra -Warray-bounds -Wbad-function-cast... [ 18%] Building CXX object _deps/mongo-cxx-driver-build/src/bsoncxx/CMakeFiles/bsoncxx_static.dir/lib/bsoncxx/v_noabi/bsoncxx/document/view.cpp.o
[ 18%] Building CXX object _deps/absl-build/absl/hash/CMakeFiles/absl_low_level_hash.dir/internal/low_level_hash.cc.o
yes
checking whether C compiler accepts  -Wextra -Warray-bounds -Wbad-function-cast -Wcast-qual... [ 18%] Building C object _deps/mongo-c-driver-build/src/libmongoc/CMakeFiles/mongoc_static.dir/src/mongoc/mongoc-cursor-cmd.c.o
[ 18%] Building C object _deps/mongo-c-driver-build/src/libmongoc/CMakeFiles/mongoc_static.dir/src/mongoc/mongoc-cursor-change-stream.c.o
[ 18%] Building CXX object _deps/mongo-cxx-driver-build/src/bsoncxx/CMakeFiles/bsoncxx_static.dir/lib/bsoncxx/v_noabi/bsoncxx/exception/error_code.cpp.o
[ 18%] Linking CXX static library libabsl_city.a
yes
checking whether C compiler accepts  -Wextra -Warray-bounds -Wbad-function-cast -Wcast-qual -Wdiv-by-zero... [ 20%] Building C object _deps/mongo-c-driver-build/src/libmongoc/CMakeFiles/mongoc_static.dir/src/mongoc/mongoc-cursor-find.c.o
[ 20%] Built target absl_city
[ 20%] Building CXX object _deps/absl-build/absl/strings/CMakeFiles/absl_cordz_functions.dir/internal/cordz_functions.cc.o
yes
checking whether C compiler accepts  -Wextra -Warray-bounds -Wbad-function-cast -Wcast-qual -Wdiv-by-zero -Wduplicated-branches... [ 20%] Building CXX object _deps/absl-build/absl/log/CMakeFiles/absl_log_internal_conditions.dir/internal/conditions.cc.o
[ 20%] Building CXX object _deps/mongo-cxx-driver-build/src/bsoncxx/CMakeFiles/bsoncxx_static.dir/lib/bsoncxx/v_noabi/bsoncxx/exception/exception.cpp.o
[ 20%] Linking CXX static library librealm_observability.a
[ 21%] Building CXX object _deps/mongo-cxx-driver-build/src/bsoncxx/CMakeFiles/bsoncxx_static.dir/lib/bsoncxx/v_noabi/bsoncxx/json.cpp.o
[ 21%] Linking CXX static library libabsl_low_level_hash.a
yes
checking whether C compiler accepts  -Wextra -Warray-bounds -Wbad-function-cast -Wcast-qual -Wdiv-by-zero -Wduplicated-branches -Wduplicated-cond... [ 21%] Building C object _deps/mongo-c-driver-build/src/libmongoc/CMakeFiles/mongoc_static.dir/src/mongoc/mongoc-database.c.o
[ 21%] Linking CXX static library libabsl_log_internal_conditions.a
[ 21%] Built target absl_low_level_hash
[ 21%] Built target realm_observability
[ 21%] Building CXX object _deps/mongo-cxx-driver-build/src/bsoncxx/CMakeFiles/bsoncxx_static.dir/lib/bsoncxx/v_noabi/bsoncxx/oid.cpp.o
[ 21%] Building C object _deps/mongo-c-driver-build/src/libmongoc/CMakeFiles/mongoc_static.dir/src/mongoc/mongoc-error.c.o
yes
checking whether C compiler accepts  -Wextra -Warray-bounds -Wbad-function-cast -Wcast-qual -Wdiv-by-zero -Wduplicated-branches -Wduplicated-cond -Wfloat-equal... [ 21%] Built target absl_log_internal_conditions
[ 21%] Building CXX object _deps/mongo-cxx-driver-build/src/bsoncxx/CMakeFiles/bsoncxx_static.dir/lib/bsoncxx/v_noabi/bsoncxx/string/view_or_value.cpp.o
[ 21%] Building CXX object _deps/mongo-cxx-driver-build/src/bsoncxx/CMakeFiles/bsoncxx_static.dir/lib/bsoncxx/v_noabi/bsoncxx/types.cpp.o
yes
checking whether C compiler accepts  -Wextra -Warray-bounds -Wbad-function-cast -Wcast-qual -Wdiv-by-zero -Wduplicated-branches -Wduplicated-cond -Wfloat-equal -Wformat=2... [ 21%] Building C object _deps/mongo-c-driver-build/src/libmongoc/CMakeFiles/mongoc_static.dir/src/mongoc/mongoc-deprioritized-servers.c.o
[ 21%] Building C object _deps/mongo-c-driver-build/src/libmongoc/CMakeFiles/mongoc_static.dir/src/mongoc/mongoc-flags.c.o
[ 21%] Building C object _deps/mongo-c-driver-build/src/libmongoc/CMakeFiles/mongoc_static.dir/src/mongoc/mongoc-find-and-modify.c.o
[ 21%] Linking CXX static library libabsl_cordz_functions.a
[ 21%] Building C object _deps/mongo-c-driver-build/src/libmongoc/CMakeFiles/mongoc_static.dir/src/mongoc/mongoc-generation-map.c.o
yes
checking whether C compiler accepts  -Wextra -Warray-bounds -Wbad-function-cast -Wcast-qual -Wdiv-by-zero -Wduplicated-branches -Wduplicated-cond -Wfloat-equal -Wformat=2 -Wlogical-op... [ 21%] Built target absl_cordz_functions
[ 21%] Building C object _deps/mongo-c-driver-build/src/libmongoc/CMakeFiles/mongoc_static.dir/src/mongoc/mongoc-init.c.o
[ 21%] Building CXX object _deps/mongo-cxx-driver-build/src/bsoncxx/CMakeFiles/bsoncxx_static.dir/lib/bsoncxx/v_noabi/bsoncxx/types/bson_value/value.cpp.o
[ 21%] Building CXX object _deps/mongo-cxx-driver-build/src/bsoncxx/CMakeFiles/bsoncxx_static.dir/lib/bsoncxx/v_noabi/bsoncxx/types/bson_value/view.cpp.o
[ 21%] Building C object _deps/mongo-c-driver-build/src/libmongoc/CMakeFiles/mongoc_static.dir/src/mongoc/mongoc-gridfs.c.o
yes
checking whether C compiler accepts  -Wextra -Warray-bounds -Wbad-function-cast -Wcast-qual -Wdiv-by-zero -Wduplicated-branches -Wduplicated-cond -Wfloat-equal -Wformat=2 -Wlogical-op -Wmaybe-uninitialized... [ 21%] Building CXX object _deps/mongo-cxx-driver-build/src/bsoncxx/CMakeFiles/bsoncxx_static.dir/lib/bsoncxx/v_noabi/bsoncxx/validate.cpp.o
[ 21%] Building CXX object _deps/mongo-cxx-driver-build/src/bsoncxx/CMakeFiles/bsoncxx_static.dir/lib/bsoncxx/v_noabi/bsoncxx/vector.cpp.o
yes
checking whether C compiler accepts  -Wextra -Warray-bounds -Wbad-function-cast -Wcast-qual -Wdiv-by-zero -Wduplicated-branches -Wduplicated-cond -Wfloat-equal -Wformat=2 -Wlogical-op -Wmaybe-uninitialized -Wmisleading-indentation... [ 21%] Building C object _deps/mongo-c-driver-build/src/libmongoc/CMakeFiles/mongoc_static.dir/src/mongoc/mongoc-gridfs-bucket.c.o
[ 21%] Building C object _deps/mongo-c-driver-build/src/libmongoc/CMakeFiles/mongoc_static.dir/src/mongoc/mongoc-gridfs-bucket-file.c.o
[ 21%] Building CXX object _deps/absl-build/absl/random/CMakeFiles/absl_random_seed_gen_exception.dir/seed_gen_exception.cc.o
yes
checking whether C compiler accepts  -Wextra -Warray-bounds -Wbad-function-cast -Wcast-qual -Wdiv-by-zero -Wduplicated-branches -Wduplicated-cond -Wfloat-equal -Wformat=2 -Wlogical-op -Wmaybe-uninitialized -Wmisleading-indentation -Wmissing-declarations... [ 21%] Building C object _deps/mongo-c-driver-build/src/libmongoc/CMakeFiles/mongoc_static.dir/src/mongoc/mongoc-gridfs-file.c.o
yes
checking whether C compiler accepts  -Wextra -Warray-bounds -Wbad-function-cast -Wcast-qual -Wdiv-by-zero -Wduplicated-branches -Wduplicated-cond -Wfloat-equal -Wformat=2 -Wlogical-op -Wmaybe-uninitialized -Wmisleading-indentation -Wmissing-declarations -Wmissing-prototypes... [ 21%] Building C object _deps/mongo-c-driver-build/src/libmongoc/CMakeFiles/mongoc_static.dir/src/mongoc/mongoc-gridfs-file-list.c.o
[ 21%] Building CXX object _deps/absl-build/absl/random/CMakeFiles/absl_random_internal_randen_hwaes.dir/internal/randen_detect.cc.o
[ 22%] Building C object _deps/mongo-c-driver-build/src/libmongoc/CMakeFiles/mongoc_static.dir/src/mongoc/mongoc-gridfs-file-page.c.o
yes
[ 22%] Building CXX object _deps/googletest-build/googlemock/CMakeFiles/gmock.dir/src/gmock-all.cc.o
checking whether C compiler accepts  -Wextra -Warray-bounds -Wbad-function-cast -Wcast-qual -Wdiv-by-zero -Wduplicated-branches -Wduplicated-cond -Wfloat-equal -Wformat=2 -Wlogical-op -Wmaybe-uninitialized -Wmisleading-indentation -Wmissing-declarations -Wmissing-prototypes -Wnested-externs... [ 22%] Building C object _deps/mongo-c-driver-build/src/libmongoc/CMakeFiles/mongoc_static.dir/src/mongoc/mongoc-handshake.c.o
[ 22%] Linking CXX static library libbsoncxx1-static.a
[ 22%] Building C object _deps/mongo-c-driver-build/src/libmongoc/CMakeFiles/mongoc_static.dir/src/mongoc/mongoc-host-list.c.o
yes
checking whether C compiler accepts  -Wextra -Warray-bounds -Wbad-function-cast -Wcast-qual -Wdiv-by-zero -Wduplicated-branches -Wduplicated-cond -Wfloat-equal -Wformat=2 -Wlogical-op -Wmaybe-uninitialized -Wmisleading-indentation -Wmissing-declarations -Wmissing-prototypes -Wnested-externs -Wno-type-limits... [ 22%] Linking CXX static library libabsl_random_seed_gen_exception.a
[ 22%] Building C object _deps/mongo-c-driver-build/src/libmongoc/CMakeFiles/mongoc_static.dir/src/mongoc/mongoc-http.c.o
[ 22%] Built target bsoncxx_static
[ 22%] Building C object _deps/mongo-c-driver-build/src/libmongoc/CMakeFiles/mongoc_static.dir/src/mongoc/mongoc-interrupt.c.o
[ 22%] Building CXX object _deps/googletest-build/googletest/CMakeFiles/gtest_main.dir/src/gtest_main.cc.o
yes
checking whether C compiler accepts  -Wextra -Warray-bounds -Wbad-function-cast -Wcast-qual -Wdiv-by-zero -Wduplicated-branches -Wduplicated-cond -Wfloat-equal -Wformat=2 -Wlogical-op -Wmaybe-uninitialized -Wmisleading-indentation -Wmissing-declarations -Wmissing-prototypes -Wnested-externs -Wno-type-limits -Wno-unknown-pragmas... [ 22%] Built target absl_random_seed_gen_exception
[ 22%] Building C object _deps/mongo-c-driver-build/src/libmongoc/CMakeFiles/mongoc_static.dir/src/mongoc/mongoc-jitter-source.c.o
[ 22%] Building C object _deps/mongo-c-driver-build/src/libmongoc/CMakeFiles/mongoc_static.dir/src/mongoc/mongoc-list.c.o
yes
checking whether C compiler accepts  -Wextra -Warray-bounds -Wbad-function-cast -Wcast-qual -Wdiv-by-zero -Wduplicated-branches -Wduplicated-cond -Wfloat-equal -Wformat=2 -Wlogical-op -Wmaybe-uninitialized -Wmisleading-indentation -Wmissing-declarations -Wmissing-prototypes -Wnested-externs -Wno-type-limits -Wno-unknown-pragmas -Wnormalized=id... [ 22%] Building C object _deps/mongo-c-driver-build/src/libmongoc/CMakeFiles/mongoc_static.dir/src/mongoc/mongoc-linux-distro-scanner.c.o
[ 22%] Building C object _deps/mongo-c-driver-build/src/libmongoc/CMakeFiles/mongoc_static.dir/src/mongoc/mongoc-log.c.o
[ 22%] Building C object _deps/mongo-c-driver-build/src/libmongoc/CMakeFiles/mongoc_static.dir/src/mongoc/mongoc-log-and-monitor-private.c.o
[ 22%] Building C object _deps/mongo-c-driver-build/src/libmongoc/CMakeFiles/mongoc_static.dir/src/mongoc/mongoc-memcmp.c.o
[ 22%] Linking CXX static library libabsl_random_internal_randen_hwaes.a
[ 22%] Building C object _deps/mongo-c-driver-build/src/libmongoc/CMakeFiles/mongoc_static.dir/src/mongoc/mongoc-cmd.c.o
[ 22%] Building C object _deps/mongo-c-driver-build/src/libmongoc/CMakeFiles/mongoc_static.dir/src/mongoc/mongoc-oidc-cache.c.o
yes
checking whether C compiler accepts  -Wextra -Warray-bounds -Wbad-function-cast -Wcast-qual -Wdiv-by-zero -Wduplicated-branches -Wduplicated-cond -Wfloat-equal -Wformat=2 -Wlogical-op -Wmaybe-uninitialized -Wmisleading-indentation -Wmissing-declarations -Wmissing-prototypes -Wnested-externs -Wno-type-limits -Wno-unknown-pragmas -Wnormalized=id -Wnull-dereference... [ 22%] Building C object _deps/mongo-c-driver-build/src/libmongoc/CMakeFiles/mongoc_static.dir/src/mongoc/mongoc-oidc-callback.c.o
[ 22%] Built target absl_random_internal_randen_hwaes
[ 22%] Building CXX object _deps/absl-build/absl/base/CMakeFiles/absl_malloc_internal.dir/internal/low_level_alloc.cc.o
[ 24%] Building C object _deps/mongo-c-driver-build/src/libmongoc/CMakeFiles/mongoc_static.dir/src/mongoc/mongoc-oidc-env.c.o
[ 24%] Building C object _deps/mongo-c-driver-build/src/libmongoc/CMakeFiles/mongoc_static.dir/src/mongoc/mongoc-opcode.c.o
yes
checking whether C compiler accepts  -Wextra -Warray-bounds -Wbad-function-cast -Wcast-qual -Wdiv-by-zero -Wduplicated-branches -Wduplicated-cond -Wfloat-equal -Wformat=2 -Wlogical-op -Wmaybe-uninitialized -Wmisleading-indentation -Wmissing-declarations -Wmissing-prototypes -Wnested-externs -Wno-type-limits -Wno-unknown-pragmas -Wnormalized=id -Wnull-dereference -Wold-style-declaration... [ 24%] Building CXX object _deps/absl-build/absl/debugging/CMakeFiles/absl_stacktrace.dir/stacktrace.cc.o
[ 24%] Building C object _deps/mongo-c-driver-build/src/libmongoc/CMakeFiles/mongoc_static.dir/src/mongoc/mongoc-optional.c.o
[ 24%] Building C object _deps/mongo-c-driver-build/src/libmongoc/CMakeFiles/mongoc_static.dir/src/mongoc/mongoc-opts-helpers.c.o
[ 24%] Building C object _deps/mongo-c-driver-build/src/libmongoc/CMakeFiles/mongoc_static.dir/src/mongoc/mongoc-opts.c.o
yes
checking whether C compiler accepts  -Wextra -Warray-bounds -Wbad-function-cast -Wcast-qual -Wdiv-by-zero -Wduplicated-branches -Wduplicated-cond -Wfloat-equal -Wformat=2 -Wlogical-op -Wmaybe-uninitialized -Wmisleading-indentation -Wmissing-declarations -Wmissing-prototypes -Wnested-externs -Wno-type-limits -Wno-unknown-pragmas -Wnormalized=id -Wnull-dereference -Wold-style-declaration -Wpointer-arith... [ 24%] Building CXX object _deps/absl-build/absl/debugging/CMakeFiles/absl_demangle_rust.dir/internal/demangle_rust.cc.o
[ 24%] Building C object _deps/mongo-c-driver-build/src/libmongoc/CMakeFiles/mongoc_static.dir/src/mongoc/mongoc-queue.c.o
yes
checking whether C compiler accepts  -Wextra -Warray-bounds -Wbad-function-cast -Wcast-qual -Wdiv-by-zero -Wduplicated-branches -Wduplicated-cond -Wfloat-equal -Wformat=2 -Wlogical-op -Wmaybe-uninitialized -Wmisleading-indentation -Wmissing-declarations -Wmissing-prototypes -Wnested-externs -Wno-type-limits -Wno-unknown-pragmas -Wnormalized=id -Wnull-dereference -Wold-style-declaration -Wpointer-arith -Wredundant-decls... [ 24%] Linking CXX static library libabsl_demangle_rust.a
[ 24%] Building C object _deps/mongo-c-driver-build/src/libmongoc/CMakeFiles/mongoc_static.dir/src/mongoc/mongoc-read-concern.c.o
[ 24%] Linking CXX static library ../../../lib/libgtest_main.a
[ 24%] Linking CXX static library libabsl_stacktrace.a
[ 24%] Building C object _deps/mongo-c-driver-build/src/libmongoc/CMakeFiles/mongoc_static.dir/src/mongoc/mongoc-read-prefs.c.o
[ 24%] Built target absl_demangle_rust
yes
[ 24%] Building C object _deps/mongo-c-driver-build/src/libmongoc/CMakeFiles/mongoc_static.dir/src/mongoc/mongoc-rpc.c.o
checking whether C compiler accepts  -Wextra -Warray-bounds -Wbad-function-cast -Wcast-qual -Wdiv-by-zero -Wduplicated-branches -Wduplicated-cond -Wfloat-equal -Wformat=2 -Wlogical-op -Wmaybe-uninitialized -Wmisleading-indentation -Wmissing-declarations -Wmissing-prototypes -Wnested-externs -Wno-type-limits -Wno-unknown-pragmas -Wnormalized=id -Wnull-dereference -Wold-style-declaration -Wpointer-arith -Wredundant-decls -Wrestrict... [ 24%] Built target gtest_main
[ 24%] Building CXX object _deps/absl-build/absl/strings/CMakeFiles/absl_strings.dir/ascii.cc.o
[ 24%] Built target absl_stacktrace
[ 24%] Building CXX object _deps/absl-build/absl/crc/CMakeFiles/absl_crc_internal.dir/internal/crc.cc.o
[ 24%] Linking CXX static library libabsl_malloc_internal.a
[ 24%] Building CXX object _deps/absl-build/absl/random/CMakeFiles/absl_random_internal_randen.dir/internal/randen.cc.o
yes
[ 24%] Building C object _deps/mongo-c-driver-build/src/libmongoc/CMakeFiles/mongoc_static.dir/src/mongoc/mongoc-retryable-cmd.c.o
checking whether C compiler accepts  -Wextra -Warray-bounds -Wbad-function-cast -Wcast-qual -Wdiv-by-zero -Wduplicated-branches -Wduplicated-cond -Wfloat-equal -Wformat=2 -Wlogical-op -Wmaybe-uninitialized -Wmisleading-indentation -Wmissing-declarations -Wmissing-prototypes -Wnested-externs -Wno-type-limits -Wno-unknown-pragmas -Wnormalized=id -Wnull-dereference -Wold-style-declaration -Wpointer-arith -Wredundant-decls -Wrestrict -Wshorten-64-to-32... [ 24%] Building C object _deps/mongo-c-driver-build/src/libmongoc/CMakeFiles/mongoc_static.dir/src/mongoc/mongoc-retry-backoff-generator.c.o
[ 24%] Built target absl_malloc_internal
[ 24%] Building CXX object tests/cpp/framework/scheduler/CMakeFiles/frame_scheduler_test.dir/frame_scheduler_test.cpp.o
[ 24%] Linking CXX static library ../../../lib/libgmock.a
[ 24%] Building C object _deps/mongo-c-driver-build/src/libmongoc/CMakeFiles/mongoc_static.dir/src/mongoc/mongoc-server-api.c.o
yes
[ 24%] Building C object _deps/mongo-c-driver-build/src/libmongoc/CMakeFiles/mongoc_static.dir/src/mongoc/mongoc-server-description.c.o
checking whether C compiler accepts  -Wextra -Warray-bounds -Wbad-function-cast -Wcast-qual -Wdiv-by-zero -Wduplicated-branches -Wduplicated-cond -Wfloat-equal -Wformat=2 -Wlogical-op -Wmaybe-uninitialized -Wmisleading-indentation -Wmissing-declarations -Wmissing-prototypes -Wnested-externs -Wno-type-limits -Wno-unknown-pragmas -Wnormalized=id -Wnull-dereference -Wold-style-declaration -Wpointer-arith -Wredundant-decls -Wrestrict -Wshorten-64-to-32 -Wsometimes-uninitialized... [ 24%] Built target gmock
[ 25%] Building C object _deps/mongo-c-driver-build/src/libmongoc/CMakeFiles/mongoc_static.dir/src/mongoc/mongoc-server-stream.c.o
yes
[ 25%] Building CXX object tests/cpp/framework/concurrency/CMakeFiles/bounded_queue_test.dir/bounded_queue_test.cpp.o
checking whether C compiler accepts  -Wextra -Warray-bounds -Wbad-function-cast -Wcast-qual -Wdiv-by-zero -Wduplicated-branches -Wduplicated-cond -Wfloat-equal -Wformat=2 -Wlogical-op -Wmaybe-uninitialized -Wmisleading-indentation -Wmissing-declarations -Wmissing-prototypes -Wnested-externs -Wno-type-limits -Wno-unknown-pragmas -Wnormalized=id -Wnull-dereference -Wold-style-declaration -Wpointer-arith -Wredundant-decls -Wrestrict -Wshorten-64-to-32 -Wsometimes-uninitialized -Wstrict-prototypes... [ 25%] Building CXX object _deps/absl-build/absl/strings/CMakeFiles/absl_strings.dir/charconv.cc.o
yes
checking whether C compiler accepts  -Wextra -Warray-bounds -Wbad-function-cast -Wcast-qual -Wdiv-by-zero -Wduplicated-branches -Wduplicated-cond -Wfloat-equal -Wformat=2 -Wlogical-op -Wmaybe-uninitialized -Wmisleading-indentation -Wmissing-declarations -Wmissing-prototypes -Wnested-externs -Wno-type-limits -Wno-unknown-pragmas -Wnormalized=id -Wnull-dereference -Wold-style-declaration -Wpointer-arith -Wredundant-decls -Wrestrict -Wshorten-64-to-32 -Wsometimes-uninitialized -Wstrict-prototypes -Wswitch-enum... [ 25%] Building C object _deps/mongo-c-driver-build/src/libmongoc/CMakeFiles/mongoc_static.dir/src/mongoc/mongoc-client-session.c.o
[ 25%] Building C object _deps/mongo-c-driver-build/src/libmongoc/CMakeFiles/mongoc_static.dir/src/mongoc/mongoc-server-monitor.c.o
[ 25%] Linking CXX static library libabsl_random_internal_randen.a
[ 25%] Building CXX object _deps/absl-build/absl/crc/CMakeFiles/absl_crc_internal.dir/internal/crc_x86_arm_combined.cc.o
[ 25%] Built target absl_random_internal_randen
yes
[ 25%] Building CXX object _deps/absl-build/absl/strings/CMakeFiles/absl_strings.dir/escaping.cc.o
checking whether C compiler accepts  -Wextra -Warray-bounds -Wbad-function-cast -Wcast-qual -Wdiv-by-zero -Wduplicated-branches -Wduplicated-cond -Wfloat-equal -Wformat=2 -Wlogical-op -Wmaybe-uninitialized -Wmisleading-indentation -Wmissing-declarations -Wmissing-prototypes -Wnested-externs -Wno-type-limits -Wno-unknown-pragmas -Wnormalized=id -Wnull-dereference -Wold-style-declaration -Wpointer-arith -Wredundant-decls -Wrestrict -Wshorten-64-to-32 -Wsometimes-uninitialized -Wstrict-prototypes -Wswitch-enum -Wvariable-decl... yes
checking whether C compiler accepts  -Wextra -Warray-bounds -Wbad-function-cast -Wcast-qual -Wdiv-by-zero -Wduplicated-branches -Wduplicated-cond -Wfloat-equal -Wformat=2 -Wlogical-op -Wmaybe-uninitialized -Wmisleading-indentation -Wmissing-declarations -Wmissing-prototypes -Wnested-externs -Wno-type-limits -Wno-unknown-pragmas -Wnormalized=id -Wnull-dereference -Wold-style-declaration -Wpointer-arith -Wredundant-decls -Wrestrict -Wshorten-64-to-32 -Wsometimes-uninitialized -Wstrict-prototypes -Wswitch-enum -Wvariable-decl -Wwrite-strings... [ 25%] Building C object _deps/mongo-c-driver-build/src/libmongoc/CMakeFiles/mongoc_static.dir/src/mongoc/mongoc-set.c.o
[ 25%] Building C object _deps/mongo-c-driver-build/src/libmongoc/CMakeFiles/mongoc_static.dir/src/mongoc/mongoc-shared.c.o
[ 25%] Building C object _deps/mongo-c-driver-build/src/libmongoc/CMakeFiles/mongoc_static.dir/src/mongoc/mongoc-socket.c.o
yes
checking whether the linker accepts -Wl,-z,relro... [ 25%] Building C object _deps/mongo-c-driver-build/src/libmongoc/CMakeFiles/mongoc_static.dir/src/mongoc/mongoc-stream-buffered.c.o
no
checking whether the linker accepts -Wl,-z,now... [ 25%] Building CXX object _deps/absl-build/absl/strings/CMakeFiles/absl_strings.dir/internal/charconv_bigint.cc.o
[ 25%] Building C object _deps/mongo-c-driver-build/src/libmongoc/CMakeFiles/mongoc_static.dir/src/mongoc/mongoc-stream.c.o
[ 25%] Building C object _deps/mongo-c-driver-build/src/libmongoc/CMakeFiles/mongoc_static.dir/src/mongoc/mongoc-stream-file.c.o
no
checking whether the linker accepts -Wl,-z,noexecstack... [ 25%] Building CXX object _deps/absl-build/absl/strings/CMakeFiles/absl_strings.dir/internal/charconv_parse.cc.o
[ 25%] Building C object _deps/mongo-c-driver-build/src/libmongoc/CMakeFiles/mongoc_static.dir/src/mongoc/mongoc-stream-gridfs.c.o
no
checking whether segmentation violations can be caught... [ 25%] Building C object _deps/mongo-c-driver-build/src/libmongoc/CMakeFiles/mongoc_static.dir/src/mongoc/mongoc-stream-gridfs-download.c.o
[ 25%] Linking CXX executable frame_scheduler_test
[ 25%] Building C object _deps/mongo-c-driver-build/src/libmongoc/CMakeFiles/mongoc_static.dir/src/mongoc/mongoc-stream-gridfs-upload.c.o
[ 25%] Linking CXX static library libabsl_crc_internal.a
[ 25%] Linking CXX executable bounded_queue_test
[ 27%] Building CXX object tests/cpp/framework/concurrency/CMakeFiles/bounded_work_pool_test.dir/bounded_work_pool_test.cpp.o
[ 27%] Built target absl_crc_internal
[ 27%] Building C object _deps/mongo-c-driver-build/src/libmongoc/CMakeFiles/mongoc_static.dir/src/mongoc/mongoc-structured-log.c.o
[ 27%] Building C object _deps/mongo-c-driver-build/src/libmongoc/CMakeFiles/mongoc_static.dir/src/mongoc/mongoc-stream-socket.c.o
[ 27%] Building CXX object _deps/absl-build/absl/strings/CMakeFiles/absl_strings.dir/internal/damerau_levenshtein_distance.cc.o
[ 28%] Building C object _deps/mongo-c-driver-build/src/libmongoc/CMakeFiles/mongoc_static.dir/src/mongoc/mongoc-timeout.c.o
[ 29%] Building CXX object _deps/absl-build/absl/strings/CMakeFiles/absl_strings.dir/internal/memutil.cc.o
[ 29%] Building C object _deps/mongo-c-driver-build/src/libmongoc/CMakeFiles/mongoc_static.dir/src/mongoc/mongoc-topology.c.o
[ 29%] Building C object _deps/mongo-c-driver-build/src/libmongoc/CMakeFiles/mongoc_static.dir/src/mongoc/mongoc-topology-background-monitoring.c.o
[ 29%] Building C object _deps/mongo-c-driver-build/src/libmongoc/CMakeFiles/mongoc_static.dir/src/mongoc/mongoc-topology-description.c.o
[ 29%] Building C object _deps/mongo-c-driver-build/src/libmongoc/CMakeFiles/mongoc_static.dir/src/mongoc/mongoc-topology-description-apm.c.o
[ 29%] Building CXX object _deps/absl-build/absl/strings/CMakeFiles/absl_strings.dir/internal/stringify_sink.cc.o
yes
checking whether SIGABRT can be caught... [ 29%] Building C object _deps/mongo-c-driver-build/src/libmongoc/CMakeFiles/mongoc_static.dir/src/mongoc/mongoc-topology-scanner.c.o
[ 29%] Building CXX object tests/cpp/framework/scripting/CMakeFiles/lua_runtime_test.dir/lua_runtime_test.cpp.o
[ 29%] Building CXX object _deps/absl-build/absl/strings/CMakeFiles/absl_strings.dir/match.cc.o
[ 29%] Building CXX object _deps/absl-build/absl/strings/CMakeFiles/absl_strings.dir/numbers.cc.o
[ 29%] Built target frame_scheduler_test
[ 29%] Building C object _deps/mongo-c-driver-build/src/libmongoc/CMakeFiles/mongoc_static.dir/src/mongoc/mongoc-ts-pool.c.o
[ 29%] Building CXX object tests/cpp/framework/service/CMakeFiles/service_lifecycle_test.dir/service_lifecycle_test.cpp.o
[ 29%] Built target bounded_queue_test
[ 29%] Building CXX object _deps/absl-build/absl/strings/CMakeFiles/absl_strings.dir/str_cat.cc.o
[ 29%] Building C object _deps/mongo-c-driver-build/src/libmongoc/CMakeFiles/mongoc_static.dir/src/mongoc/mongoc-uri.c.o
[ 29%] Building CXX object _deps/absl-build/absl/strings/CMakeFiles/absl_strings.dir/str_replace.cc.o
yes
checking for thread local storage (TLS) class... thread_local
thread local storage is supported
checking whether C compiler accepts -ftls-model=global-dynamic... [ 29%] Building CXX object _deps/absl-build/absl/strings/CMakeFiles/absl_strings.dir/str_split.cc.o
[ 29%] Building C object _deps/mongo-c-driver-build/src/libmongoc/CMakeFiles/mongoc_static.dir/src/mongoc/mongoc-util.c.o
yes
checking how to print strings... printf
checking for a sed that does not truncate output... (cached) /usr/bin/sed
checking for grep that handles long lines and -e... /usr/bin/grep
checking for egrep... /usr/bin/grep -E
checking for fgrep... /usr/bin/grep -F
checking for ld used by gcc -std=gnu23... [ 29%] Building CXX object _deps/absl-build/absl/strings/CMakeFiles/absl_strings.dir/substitute.cc.o
[ 29%] Linking CXX executable bounded_work_pool_test
/Applications/Xcode.app/Contents/Developer/Toolchains/XcodeDefault.xctoolchain/usr/bin/ld
checking if the linker (/Applications/Xcode.app/Contents/Developer/Toolchains/XcodeDefault.xctoolchain/usr/bin/ld) is GNU ld... no
checking for BSD- or MS-compatible name lister (nm)... /usr/bin/nm -B
checking the name lister (/usr/bin/nm -B) interface... [ 29%] Building CXX object tests/cpp/framework/observability/CMakeFiles/observability_logger_test.dir/logger_test.cpp.o
BSD nm
checking whether ln -s works... yes
checking the maximum length of command line arguments... [ 29%] Building C object _deps/mongo-c-driver-build/src/libmongoc/CMakeFiles/mongoc_static.dir/src/mongoc/mongoc-version-functions.c.o
786432
checking how to convert aarch64-apple-darwin27.0.0 file names to aarch64-apple-darwin27.0.0 format... func_convert_file_noop
checking how to convert aarch64-apple-darwin27.0.0 file names to toolchain format... func_convert_file_noop
checking for /Applications/Xcode.app/Contents/Developer/Toolchains/XcodeDefault.xctoolchain/usr/bin/ld option to reload object files... -r
checking for file... file
checking for objdump... objdump
checking how to recognize dependent libraries... pass_all
checking for dlltool... no
checking how to associate runtime and link libraries... printf %s\n
checking for ranlib... ranlib
checking for ar... ar
checking for archiver @FILE support... [ 29%] Building C object _deps/mongo-c-driver-build/src/libmongoc/CMakeFiles/mongoc_static.dir/src/mongoc/mongoc-write-command.c.o
no
checking for strip... strip
checking command to parse /usr/bin/nm -B output from gcc -std=gnu23 object... [ 29%] Linking CXX executable service_lifecycle_test
[ 29%] Building CXX object tests/cpp/framework/observability/CMakeFiles/observability_metrics_registry_test.dir/metrics_registry_test.cpp.o
[ 29%] Building C object _deps/mongo-c-driver-build/src/libmongoc/CMakeFiles/mongoc_static.dir/src/mongoc/mongoc-write-concern.c.o
[ 29%] Linking CXX static library libabsl_strings.a
ok
checking for sysroot... no
checking for a working dd... /bin/dd
checking how to truncate binary pipes... /bin/dd bs=4096 count=1
checking for mt... no
[ 29%] Building C object _deps/mongo-c-driver-build/src/libmongoc/CMakeFiles/mongoc_static.dir/src/mongoc/service-gcp.c.o
checking if : is a manifest tool... [ 29%] Built target bounded_work_pool_test
[ 29%] Built target absl_strings
no
checking for dsymutil... dsymutil
checking for nmedit... nmedit
checking for lipo... lipo
checking for otool... otool
checking for otool64... no
checking for -single_module linker flag... [ 31%] Building C object _deps/mongo-c-driver-build/src/libmongoc/CMakeFiles/mongoc_static.dir/private/tmp/realmmesh-p5/deps-src/mongo-c-driver-src/src/common/src/common-atomic.c.o
[ 31%] Building CXX object _deps/absl-build/absl/base/CMakeFiles/absl_poison.dir/internal/poison.cc.o
ld: warning: -single_module is obsolete
no
checking for -no_fixup_chains linker flag... [ 31%] Linking CXX static library libabsl_poison.a
[ 31%] Building C object _deps/mongo-c-driver-build/src/libmongoc/CMakeFiles/mongoc_static.dir/private/tmp/realmmesh-p5/deps-src/mongo-c-driver-src/src/common/src/common-b64.c.o
[ 31%] Building CXX object _deps/absl-build/absl/debugging/CMakeFiles/absl_demangle_internal.dir/internal/demangle.cc.o
yes
checking for -exported_symbols_list linker flag... [ 31%] Built target absl_poison
[ 31%] Building C object _deps/mongo-c-driver-build/src/libmongoc/CMakeFiles/mongoc_static.dir/private/tmp/realmmesh-p5/deps-src/mongo-c-driver-src/src/common/src/common-md5.c.o
[ 32%] Building CXX object _deps/absl-build/absl/synchronization/CMakeFiles/absl_graphcycles_internal.dir/internal/graphcycles.cc.o
[ 32%] Building C object _deps/mongo-c-driver-build/src/libmongoc/CMakeFiles/mongoc_static.dir/private/tmp/realmmesh-p5/deps-src/mongo-c-driver-src/src/common/src/common-json.c.o
yes
checking for -force_load linker flag... [ 32%] Linking CXX executable lua_runtime_test
[ 32%] Built target service_lifecycle_test
[ 32%] Building C object _deps/mongo-c-driver-build/src/libmongoc/CMakeFiles/mongoc_static.dir/private/tmp/realmmesh-p5/deps-src/mongo-c-driver-src/src/common/src/common-string.c.o
[ 32%] Building CXX object _deps/absl-build/absl/time/CMakeFiles/absl_time.dir/civil_time.cc.o
[ 32%] Linking CXX static library libabsl_demangle_internal.a
yes
checking for dlfcn.h... [ 32%] Building C object _deps/mongo-c-driver-build/src/libmongoc/CMakeFiles/mongoc_static.dir/private/tmp/realmmesh-p5/deps-src/mongo-c-driver-src/src/common/src/common-oid.c.o
yes
checking for objdir... .libs
[ 32%] Built target absl_demangle_internal
[ 32%] Building C object _deps/mongo-c-driver-build/src/libmongoc/CMakeFiles/mongoc_static.dir/private/tmp/realmmesh-p5/deps-src/mongo-c-driver-src/src/common/src/common-thread.c.o
[ 32%] Building CXX object _deps/absl-build/absl/strings/CMakeFiles/absl_str_format_internal.dir/internal/str_format/arg.cc.o
[ 32%] Building C object _deps/mongo-c-driver-build/src/libmongoc/CMakeFiles/mongoc_static.dir/src/mongoc/mongoc-crypto.c.o
checking if gcc -std=gnu23 supports -fno-rtti -fno-exceptions... [ 32%] Linking CXX static library libabsl_graphcycles_internal.a
[ 32%] Building C object _deps/mongo-c-driver-build/src/libmongoc/CMakeFiles/mongoc_static.dir/src/mongoc/mongoc-scram.c.o
[ 32%] Linking CXX executable observability_metrics_registry_test
yes
checking for gcc -std=gnu23 option to produce PIC... -fno-common -DPIC
checking if gcc -std=gnu23 PIC flag -fno-common -DPIC works... [ 32%] Built target absl_graphcycles_internal
yes
checking if gcc -std=gnu23 static flag -static works... [ 32%] Building CXX object _deps/absl-build/absl/hash/CMakeFiles/absl_hash.dir/internal/hash.cc.o
[ 32%] Building C object _deps/mongo-c-driver-build/src/libmongoc/CMakeFiles/mongoc_static.dir/src/mongoc/mongoc-stream-tls.c.o
no
checking if gcc -std=gnu23 supports -c -o file.o... [ 32%] Building CXX object _deps/absl-build/absl/time/CMakeFiles/absl_time.dir/clock.cc.o
[ 32%] Built target lua_runtime_test
yes
checking if gcc -std=gnu23 supports -c -o file.o... (cached) yes
checking whether the gcc -std=gnu23 linker (/Applications/Xcode.app/Contents/Developer/Toolchains/XcodeDefault.xctoolchain/usr/bin/ld) supports shared libraries... yes
checking dynamic linker characteristics... [ 32%] Building C object _deps/mongo-c-driver-build/src/libmongoc/CMakeFiles/mongoc_static.dir/src/mongoc/mongoc-ssl.c.o
[ 32%] Building CXX object _deps/absl-build/absl/flags/CMakeFiles/absl_flags_commandlineflag.dir/commandlineflag.cc.o
darwin27.0.0 dyld
checking how to hardcode library paths into programs... immediate
checking whether stripping libraries is possible... yes
checking if libtool supports shared libraries... yes
checking whether to build shared libraries... no
checking whether to build static libraries... yes
checking if we are using CompCert... [ 32%] Building CXX object _deps/absl-build/absl/strings/CMakeFiles/absl_str_format_internal.dir/internal/str_format/bind.cc.o
no
checking for ar... (cached) ar
checking for ARM64 target... [ 32%] Building C object _deps/mongo-c-driver-build/src/libmongoc/CMakeFiles/mongoc_static.dir/src/mongoc/mongoc-crypto-openssl.c.o
[ 32%] Building C object _deps/mongo-c-driver-build/src/libmongoc/CMakeFiles/mongoc_static.dir/src/mongoc/mongoc-rand-openssl.c.o
yes
checking for ARM crypto instructions set... [ 32%] Built target observability_metrics_registry_test
[ 32%] Linking CXX static library libabsl_hash.a
[ 32%] Building C object _deps/mongo-c-driver-build/src/libmongoc/CMakeFiles/mongoc_static.dir/src/mongoc/mongoc-crypto-cng.c.o
[ 32%] Building CXX object _deps/absl-build/absl/time/CMakeFiles/absl_time.dir/duration.cc.o
[ 32%] Linking CXX static library libabsl_flags_commandlineflag.a
[ 32%] Building CXX object _deps/absl-build/absl/log/CMakeFiles/absl_log_internal_proto.dir/internal/proto.cc.o
[ 33%] Building C object _deps/mongo-c-driver-build/src/libmongoc/CMakeFiles/mongoc_static.dir/src/mongoc/mongoc-rand-cng.c.o
[ 33%] Built target absl_hash
[ 33%] Building CXX object _deps/absl-build/absl/strings/CMakeFiles/absl_str_format_internal.dir/internal/str_format/extension.cc.o
[ 33%] Building C object _deps/mongo-c-driver-build/src/libmongoc/CMakeFiles/mongoc_static.dir/src/mongoc/mongoc-stream-tls-secure-channel.c.o
[ 33%] Built target absl_flags_commandlineflag
yes
checking whether C compiler accepts -mmmx... [ 33%] Building CXX object _deps/absl-build/absl/log/CMakeFiles/absl_log_internal_fnmatch.dir/internal/fnmatch.cc.o
[ 33%] Building C object _deps/mongo-c-driver-build/src/libmongoc/CMakeFiles/mongoc_static.dir/src/mongoc/mongoc-secure-channel.c.o
no
checking for MMX instructions set... [ 33%] Building C object _deps/mongo-c-driver-build/src/libmongoc/CMakeFiles/mongoc_static.dir/src/mongoc/mongoc-crypto-common-crypto.c.o
[ 33%] Building C object _deps/mongo-c-driver-build/src/libmongoc/CMakeFiles/mongoc_static.dir/src/mongoc/mongoc-rand-common-crypto.c.o
[ 33%] Building CXX object _deps/absl-build/absl/strings/CMakeFiles/absl_str_format_internal.dir/internal/str_format/float_conversion.cc.o
[ 33%] Building C object _deps/mongo-c-driver-build/src/libmongoc/CMakeFiles/mongoc_static.dir/src/mongoc/mongoc-stream-tls-secure-transport.c.o
[ 33%] Building C object _deps/mongo-c-driver-build/src/libmongoc/CMakeFiles/mongoc_static.dir/src/mongoc/mongoc-secure-transport.c.o
[ 33%] Linking CXX static library libabsl_log_internal_fnmatch.a
[ 33%] Linking CXX static library libabsl_log_internal_proto.a
[ 33%] Building C object _deps/mongo-c-driver-build/src/libmongoc/CMakeFiles/mongoc_static.dir/src/mongoc/mongoc-stream-tls-openssl.c.o
no
checking whether C compiler accepts -msse2... [ 33%] Building CXX object _deps/absl-build/absl/time/CMakeFiles/absl_time.dir/format.cc.o
[ 33%] Built target absl_log_internal_fnmatch
[ 33%] Built target absl_log_internal_proto
[ 35%] Building CXX object _deps/absl-build/absl/strings/CMakeFiles/absl_str_format_internal.dir/internal/str_format/output.cc.o
[ 35%] Building CXX object _deps/absl-build/absl/time/CMakeFiles/absl_time.dir/time.cc.o
no
checking for SSE2 instructions set... [ 35%] Building CXX object _deps/absl-build/absl/random/CMakeFiles/absl_random_distributions.dir/discrete_distribution.cc.o
[ 35%] Building C object _deps/mongo-c-driver-build/src/libmongoc/CMakeFiles/mongoc_static.dir/src/mongoc/mongoc-stream-tls-openssl-bio.c.o
[ 35%] Building C object _deps/mongo-c-driver-build/src/libmongoc/CMakeFiles/mongoc_static.dir/src/mongoc/mongoc-openssl.c.o
[ 35%] Building CXX object _deps/absl-build/absl/strings/CMakeFiles/absl_str_format_internal.dir/internal/str_format/parser.cc.o
no
checking whether C compiler accepts -msse3... no
checking for SSE3 instructions set... [ 35%] Building CXX object _deps/absl-build/absl/random/CMakeFiles/absl_random_internal_seed_material.dir/internal/seed_material.cc.o
[ 35%] Building CXX object _deps/absl-build/absl/random/CMakeFiles/absl_random_distributions.dir/gaussian_distribution.cc.o
[ 35%] Building C object _deps/mongo-c-driver-build/src/libmongoc/CMakeFiles/mongoc_static.dir/src/mongoc/mongoc-ocsp-cache.c.o
[ 35%] Linking CXX static library libabsl_time.a
[ 35%] Building C object _deps/protobuf-build/third_party/utf8_range/CMakeFiles/utf8_validity.dir/utf8_range.c.o
[ 35%] Built target absl_time
[ 35%] Building C object _deps/mongo-c-driver-build/src/libmongoc/CMakeFiles/mongoc_static.dir/src/mongoc/mongoc-bulkwrite.c.o
no
[ 35%] Building CXX object _deps/googletest-build/googlemock/CMakeFiles/gmock_main.dir/src/gmock_main.cc.o
checking whether C compiler accepts -mssse3... [ 35%] Linking CXX static library libutf8_validity.a
no
checking for SSSE3 instructions set... [ 35%] Built target utf8_validity
[ 35%] Building CXX object _deps/absl-build/absl/debugging/CMakeFiles/absl_symbolize.dir/symbolize.cc.o
[ 35%] Linking C static library libmongoc2.a
[ 35%] Linking CXX static library libabsl_str_format_internal.a
[ 35%] Linking CXX static library libabsl_random_distributions.a
[ 35%] Built target absl_str_format_internal
[ 35%] Linking CXX static library libabsl_random_internal_seed_material.a
[ 35%] Built target mongoc_static
[ 35%] Building CXX object _deps/absl-build/absl/synchronization/CMakeFiles/absl_kernel_timeout_internal.dir/internal/kernel_timeout.cc.o
[ 35%] Building CXX object _deps/absl-build/absl/crc/CMakeFiles/absl_crc32c.dir/crc32c.cc.o
[ 35%] Built target absl_random_distributions
no
checking whether C compiler accepts -msse4.1... [ 35%] Built target absl_random_internal_seed_material
[ 35%] Building CXX object _deps/absl-build/absl/flags/CMakeFiles/absl_flags_marshalling.dir/marshalling.cc.o
[ 35%] Building CXX object _deps/absl-build/absl/flags/CMakeFiles/absl_flags_private_handle_accessor.dir/internal/private_handle_accessor.cc.o
no
checking for SSE4.1 instructions set... [ 36%] Linking CXX static library libabsl_symbolize.a
no
checking whether C compiler accepts -mavx... [ 36%] Built target absl_symbolize
[ 36%] Linking CXX static library ../../../lib/libgmock_main.a
[ 37%] Building CXX object _deps/absl-build/absl/log/CMakeFiles/absl_log_internal_globals.dir/internal/globals.cc.o
no
checking for AVX instructions set... [ 37%] Linking CXX static library libabsl_kernel_timeout_internal.a
[ 37%] Linking CXX static library libabsl_flags_private_handle_accessor.a
[ 37%] Built target gmock_main
[ 37%] Built target absl_kernel_timeout_internal
[ 39%] Building CXX object _deps/absl-build/absl/log/CMakeFiles/absl_log_sink.dir/log_sink.cc.o
[ 39%] Built target absl_flags_private_handle_accessor
[ 39%] Building CXX object _deps/absl-build/absl/crc/CMakeFiles/absl_crc32c.dir/internal/crc_memcpy_fallback.cc.o
[ 39%] Building CXX object _deps/absl-build/absl/crc/CMakeFiles/absl_crc32c.dir/internal/crc_memcpy_x86_arm_combined.cc.o
[ 39%] Building CXX object _deps/absl-build/absl/crc/CMakeFiles/absl_crc32c.dir/internal/crc_non_temporal_memcpy.cc.o
[ 39%] Linking CXX executable observability_logger_test
[ 40%] Linking CXX static library libabsl_flags_marshalling.a
no
checking whether C compiler accepts -mavx2... [ 40%] Built target absl_flags_marshalling
no
checking for AVX2 instructions set... [ 40%] Building CXX object _deps/absl-build/absl/log/CMakeFiles/absl_log_internal_structured_proto.dir/internal/structured_proto.cc.o
[ 40%] Linking CXX static library libabsl_log_internal_globals.a
[ 40%] Built target absl_log_internal_globals
[ 40%] Linking CXX static library libabsl_log_sink.a
[ 41%] Building CXX object _deps/absl-build/absl/random/CMakeFiles/absl_random_internal_distribution_test_util.dir/internal/chi_square.cc.o
[ 41%] Built target absl_log_sink
[ 41%] Building CXX object _deps/absl-build/absl/random/CMakeFiles/absl_random_internal_distribution_test_util.dir/internal/distribution_test_util.cc.o
[ 43%] Building CXX object _deps/mongo-c-driver-build/src/CMakeFiles/mongoc-cxx-check.dir/cpp-check.cpp.o
[ 43%] Linking CXX static library libabsl_crc32c.a
[ 43%] Building CXX object _deps/mongo-cxx-driver-build/src/mongocxx/CMakeFiles/mongocxx_static.dir/lib/mongocxx/private/mongoc.cpp.o
no
checking whether C compiler accepts -mavx512f... [ 43%] Built target absl_crc32c
[ 43%] Building CXX object _deps/mongo-cxx-driver-build/src/mongocxx/CMakeFiles/mongocxx_static.dir/lib/mongocxx/private/scoped_bson.cpp.o
no
checking for AVX512F instructions set... [ 43%] Linking CXX static library libabsl_log_internal_structured_proto.a
[ 43%] Built target mongoc-cxx-check
[ 43%] Built target observability_logger_test
[ 43%] Built target absl_log_internal_structured_proto
[ 43%] Building CXX object _deps/absl-build/absl/synchronization/CMakeFiles/absl_synchronization.dir/barrier.cc.o
[ 43%] Building CXX object _deps/absl-build/absl/crc/CMakeFiles/absl_crc_cord_state.dir/internal/crc_cord_state.cc.o
[ 43%] Building CXX object _deps/absl-build/absl/debugging/CMakeFiles/absl_examine_stack.dir/internal/examine_stack.cc.o
[ 43%] Building CXX object _deps/mongo-cxx-driver-build/src/mongocxx/CMakeFiles/mongocxx_static.dir/lib/mongocxx/v1/aggregate_options.cpp.o
no
checking whether C compiler accepts  -O3 -pthread -fvisibility=hidden -fPIC -fPIE -fno-strict-aliasing -fno-strict-overflow -fstack-protector -Wno-deprecated-declarations -Wno-unknown-pragmas -ftls-model=global-dynamic -mno-avx512f... [ 43%] Building CXX object _deps/mongo-cxx-driver-build/src/mongocxx/CMakeFiles/mongocxx_static.dir/lib/mongocxx/v1/apm.cpp.o
[ 43%] Linking CXX static library libabsl_random_internal_distribution_test_util.a
no
[ 43%] Building CXX object _deps/mongo-cxx-driver-build/src/mongocxx/CMakeFiles/mongocxx_static.dir/lib/mongocxx/v1/auto_encryption_options.cpp.o
checking whether C compiler accepts -maes... [ 43%] Built target absl_random_internal_distribution_test_util
no
checking whether C compiler accepts -mpclmul... [ 43%] Building CXX object _deps/absl-build/absl/log/CMakeFiles/absl_log_internal_format.dir/internal/log_format.cc.o
no
checking for AESNI instructions set and PCLMULQDQ... [ 44%] Linking CXX static library libabsl_examine_stack.a
[ 44%] Building CXX object _deps/absl-build/absl/synchronization/CMakeFiles/absl_synchronization.dir/blocking_counter.cc.o
[ 44%] Built target absl_examine_stack
[ 44%] Building CXX object _deps/mongo-cxx-driver-build/src/mongocxx/CMakeFiles/mongocxx_static.dir/lib/mongocxx/v1/bulk_write.cpp.o
[ 44%] Building CXX object _deps/absl-build/absl/synchronization/CMakeFiles/absl_synchronization.dir/internal/create_thread_identity.cc.o
[ 44%] Linking CXX static library libabsl_crc_cord_state.a
no
checking whether C compiler accepts -mrdrnd... [ 44%] Building CXX object _deps/mongo-cxx-driver-build/src/mongocxx/CMakeFiles/mongocxx_static.dir/lib/mongocxx/v1/change_stream.cpp.o
no
checking for RDRAND... [ 44%] Built target absl_crc_cord_state
[ 44%] Building CXX object _deps/absl-build/absl/debugging/CMakeFiles/absl_failure_signal_handler.dir/failure_signal_handler.cc.o
[ 44%] Building CXX object _deps/mongo-cxx-driver-build/src/mongocxx/CMakeFiles/mongocxx_static.dir/lib/mongocxx/v1/client_bulk_write.cpp.o
[ 44%] Linking CXX static library libabsl_log_internal_format.a
[ 44%] Building CXX object _deps/absl-build/absl/synchronization/CMakeFiles/absl_synchronization.dir/internal/futex_waiter.cc.o
[ 44%] Built target absl_log_internal_format
[ 44%] Building CXX object _deps/mongo-cxx-driver-build/src/mongocxx/CMakeFiles/mongocxx_static.dir/lib/mongocxx/v1/client_encryption.cpp.o
[ 44%] Building CXX object _deps/absl-build/absl/synchronization/CMakeFiles/absl_synchronization.dir/internal/per_thread_sem.cc.o
no
checking for sys/mman.h... yes
checking for sys/param.h... yes
checking for sys/random.h... [ 44%] Linking CXX static library libabsl_failure_signal_handler.a
[ 44%] Building CXX object _deps/mongo-cxx-driver-build/src/mongocxx/CMakeFiles/mongocxx_static.dir/lib/mongocxx/v1/client_session.cpp.o
[ 44%] Building CXX object _deps/mongo-cxx-driver-build/src/mongocxx/CMakeFiles/mongocxx_static.dir/lib/mongocxx/v1/client.cpp.o
yes
checking for intrin.h... [ 44%] Built target absl_failure_signal_handler
[ 45%] Building CXX object _deps/absl-build/absl/strings/CMakeFiles/absl_cord_internal.dir/internal/cord_internal.cc.o
no
checking for sys/auxv.h... [ 45%] Building CXX object _deps/absl-build/absl/synchronization/CMakeFiles/absl_synchronization.dir/internal/pthread_waiter.cc.o
[ 47%] Building CXX object _deps/mongo-cxx-driver-build/src/mongocxx/CMakeFiles/mongocxx_static.dir/lib/mongocxx/v1/collection.cpp.o
no
checking for CommonCrypto/CommonRandom.h... [ 47%] Building CXX object _deps/absl-build/absl/synchronization/CMakeFiles/absl_synchronization.dir/internal/sem_waiter.cc.o
yes
checking for cet.h... [ 47%] Building CXX object _deps/absl-build/absl/synchronization/CMakeFiles/absl_synchronization.dir/internal/stdcpp_waiter.cc.o
yes
checking for threads.h... [ 47%] Building CXX object _deps/absl-build/absl/strings/CMakeFiles/absl_cord_internal.dir/internal/cord_rep_btree.cc.o
no
checking if _xgetbv() is available... [ 47%] Building CXX object _deps/mongo-cxx-driver-build/src/mongocxx/CMakeFiles/mongocxx_static.dir/lib/mongocxx/v1/config/config.cpp.o
no
checking for inline... [ 47%] Building CXX object _deps/absl-build/absl/strings/CMakeFiles/absl_cord_internal.dir/internal/cord_rep_btree_navigator.cc.o
inline
checking whether byte ordering is bigendian... [ 47%] Building CXX object _deps/mongo-cxx-driver-build/src/mongocxx/CMakeFiles/mongocxx_static.dir/lib/mongocxx/v1/config/export.cpp.o
[ 47%] Building CXX object _deps/mongo-cxx-driver-build/src/mongocxx/CMakeFiles/mongocxx_static.dir/lib/mongocxx/v1/config/version.cpp.o
[ 47%] Building CXX object _deps/mongo-cxx-driver-build/src/mongocxx/CMakeFiles/mongocxx_static.dir/lib/mongocxx/v1/count_options.cpp.o
[ 47%] Building CXX object _deps/mongo-cxx-driver-build/src/mongocxx/CMakeFiles/mongocxx_static.dir/lib/mongocxx/v1/cursor.cpp.o
[ 47%] Building CXX object _deps/absl-build/absl/synchronization/CMakeFiles/absl_synchronization.dir/internal/waiter_base.cc.o
no
checking whether __STDC_LIMIT_MACROS is required... [ 47%] Building CXX object _deps/mongo-cxx-driver-build/src/mongocxx/CMakeFiles/mongocxx_static.dir/lib/mongocxx/v1/data_key_options.cpp.o
no
checking whether we can use inline asm code... [ 47%] Building CXX object _deps/mongo-cxx-driver-build/src/mongocxx/CMakeFiles/mongocxx_static.dir/lib/mongocxx/v1/database.cpp.o
yes
no
[ 47%] Building CXX object _deps/absl-build/absl/strings/CMakeFiles/absl_cord_internal.dir/internal/cord_rep_btree_reader.cc.o
checking whether we can use x86_64 asm code... [ 47%] Building CXX object _deps/absl-build/absl/synchronization/CMakeFiles/absl_synchronization.dir/internal/win32_waiter.cc.o
[ 47%] Building CXX object _deps/absl-build/absl/synchronization/CMakeFiles/absl_synchronization.dir/notification.cc.o
no
checking whether we can assemble AVX opcodes... no
checking for 128-bit arithmetic... [ 47%] Building CXX object _deps/mongo-cxx-driver-build/src/mongocxx/CMakeFiles/mongocxx_static.dir/lib/mongocxx/v1/delete_many_options.cpp.o
[ 47%] Building CXX object _deps/mongo-cxx-driver-build/src/mongocxx/CMakeFiles/mongocxx_static.dir/lib/mongocxx/v1/delete_many_result.cpp.o
[ 47%] Building CXX object _deps/absl-build/absl/synchronization/CMakeFiles/absl_synchronization.dir/mutex.cc.o
yes
checking for cpuid instruction... no
checking if the .private_extern asm directive is supported... [ 47%] Building CXX object _deps/mongo-cxx-driver-build/src/mongocxx/CMakeFiles/mongocxx_static.dir/lib/mongocxx/v1/delete_one_options.cpp.o
yes
checking if the .hidden asm directive is supported... [ 47%] Building CXX object _deps/absl-build/absl/strings/CMakeFiles/absl_cord_internal.dir/internal/cord_rep_crc.cc.o
no
checking if weak symbols are supported... [ 47%] Building CXX object _deps/mongo-cxx-driver-build/src/mongocxx/CMakeFiles/mongocxx_static.dir/lib/mongocxx/v1/delete_one_result.cpp.o
[ 47%] Building CXX object _deps/absl-build/absl/strings/CMakeFiles/absl_cord_internal.dir/internal/cord_rep_consume.cc.o
yes
checking if atomic operations are supported... [ 47%] Building CXX object _deps/mongo-cxx-driver-build/src/mongocxx/CMakeFiles/mongocxx_static.dir/lib/mongocxx/v1/detail/postlude.cpp.o
[ 47%] Building CXX object _deps/mongo-cxx-driver-build/src/mongocxx/CMakeFiles/mongocxx_static.dir/lib/mongocxx/v1/detail/prelude.cpp.o
[ 48%] Building CXX object _deps/mongo-cxx-driver-build/src/mongocxx/CMakeFiles/mongocxx_static.dir/lib/mongocxx/v1/distinct_options.cpp.o
yes
checking if C11 memory fences are supported... [ 48%] Building CXX object _deps/mongo-cxx-driver-build/src/mongocxx/CMakeFiles/mongocxx_static.dir/lib/mongocxx/v1/encrypt_options.cpp.o
[ 50%] Linking CXX static library libabsl_synchronization.a
yes
checking if gcc memory fences are supported... [ 50%] Built target absl_synchronization
[ 50%] Building CXX object _deps/mongo-cxx-driver-build/src/mongocxx/CMakeFiles/mongocxx_static.dir/lib/mongocxx/v1/estimated_document_count_options.cpp.o
[ 50%] Building CXX object _deps/mongo-cxx-driver-build/src/mongocxx/CMakeFiles/mongocxx_static.dir/lib/mongocxx/v1/events/command_failed.cpp.o
yes
checking for size_t... [ 50%] Building CXX object _deps/mongo-cxx-driver-build/src/mongocxx/CMakeFiles/mongocxx_static.dir/lib/mongocxx/v1/events/command_started.cpp.o
[ 50%] Building CXX object _deps/absl-build/absl/container/CMakeFiles/absl_hashtablez_sampler.dir/internal/hashtablez_sampler.cc.o
yes
checking for working alloca.h... [ 50%] Linking CXX static library libabsl_cord_internal.a
[ 50%] Built target absl_cord_internal
yes
checking for alloca... yes
checking for arc4random... [ 50%] Building CXX object _deps/absl-build/absl/strings/CMakeFiles/absl_cordz_handle.dir/internal/cordz_handle.cc.o
[ 50%] Building CXX object _deps/absl-build/absl/flags/CMakeFiles/absl_flags_program_name.dir/internal/program_name.cc.o
[ 50%] Building CXX object _deps/absl-build/absl/container/CMakeFiles/absl_hashtablez_sampler.dir/internal/hashtablez_sampler_force_weak_definition.cc.o
yes
checking for arc4random_buf... [ 50%] Building CXX object _deps/mongo-cxx-driver-build/src/mongocxx/CMakeFiles/mongocxx_static.dir/lib/mongocxx/v1/events/command_succeeded.cpp.o
[ 50%] Building CXX object _deps/mongo-cxx-driver-build/src/mongocxx/CMakeFiles/mongocxx_static.dir/lib/mongocxx/v1/events/server_closed.cpp.o
yes
checking for mmap... [ 50%] Building CXX object _deps/mongo-cxx-driver-build/src/mongocxx/CMakeFiles/mongocxx_static.dir/lib/mongocxx/v1/events/server_description_changed.cpp.o
yes
checking for mlock... [ 50%] Building CXX object _deps/absl-build/absl/log/CMakeFiles/absl_vlog_config_internal.dir/internal/vlog_config.cc.o
yes
checking for madvise... [ 50%] Linking CXX static library libabsl_hashtablez_sampler.a
[ 50%] Linking CXX static library libabsl_flags_program_name.a
[ 50%] Linking CXX static library libabsl_cordz_handle.a
yes
checking for mprotect... [ 50%] Built target absl_hashtablez_sampler
[ 50%] Built target absl_flags_program_name
[ 50%] Building CXX object _deps/mongo-cxx-driver-build/src/mongocxx/CMakeFiles/mongocxx_static.dir/lib/mongocxx/v1/events/server_description.cpp.o
[ 50%] Built target absl_cordz_handle
[ 50%] Building CXX object _deps/mongo-cxx-driver-build/src/mongocxx/CMakeFiles/mongocxx_static.dir/lib/mongocxx/v1/events/server_heartbeat_failed.cpp.o
[ 50%] Building CXX object _deps/mongo-cxx-driver-build/src/mongocxx/CMakeFiles/mongocxx_static.dir/lib/mongocxx/v1/events/server_heartbeat_started.cpp.o
[ 50%] Building CXX object _deps/absl-build/absl/random/CMakeFiles/absl_random_internal_entropy_pool.dir/internal/entropy_pool.cc.o
yes
checking for raise... [ 50%] Building CXX object _deps/absl-build/absl/flags/CMakeFiles/absl_flags_config.dir/usage_config.cc.o
[ 50%] Building CXX object _deps/mongo-cxx-driver-build/src/mongocxx/CMakeFiles/mongocxx_static.dir/lib/mongocxx/v1/events/server_heartbeat_succeeded.cpp.o
yes
checking for sysconf... yes
checking for getrandom with a standard API... no
checking for getentropy with a standard API... [ 50%] Linking CXX static library libabsl_vlog_config_internal.a
[ 50%] Building CXX object _deps/mongo-cxx-driver-build/src/mongocxx/CMakeFiles/mongocxx_static.dir/lib/mongocxx/v1/events/server_opening.cpp.o
yes
checking for getentropy... [ 51%] Building CXX object _deps/mongo-cxx-driver-build/src/mongocxx/CMakeFiles/mongocxx_static.dir/lib/mongocxx/v1/events/topology_closed.cpp.o
[ 51%] Building CXX object _deps/mongo-cxx-driver-build/src/mongocxx/CMakeFiles/mongocxx_static.dir/lib/mongocxx/v1/events/topology_description_changed.cpp.o
[ 51%] Linking CXX static library libabsl_random_internal_entropy_pool.a
[ 51%] Built target absl_vlog_config_internal
[ 51%] Building CXX object _deps/absl-build/absl/strings/CMakeFiles/absl_cordz_info.dir/internal/cordz_info.cc.o
yes
checking for getpid... [ 51%] Built target absl_random_internal_entropy_pool
[ 51%] Building CXX object _deps/mongo-cxx-driver-build/src/mongocxx/CMakeFiles/mongocxx_static.dir/lib/mongocxx/v1/events/topology_description.cpp.o
[ 51%] Linking CXX static library libabsl_flags_config.a
[ 51%] Building CXX object _deps/absl-build/absl/log/CMakeFiles/absl_log_globals.dir/globals.cc.o
yes
checking for getauxval... [ 51%] Built target absl_flags_config
[ 51%] Building CXX object _deps/absl-build/absl/random/CMakeFiles/absl_random_seed_sequences.dir/seed_sequences.cc.o
no
checking for elf_aux_info... no
checking for posix_memalign... [ 51%] Building CXX object _deps/mongo-cxx-driver-build/src/mongocxx/CMakeFiles/mongocxx_static.dir/lib/mongocxx/v1/events/topology_opening.cpp.o
[ 51%] Building CXX object _deps/mongo-cxx-driver-build/src/mongocxx/CMakeFiles/mongocxx_static.dir/lib/mongocxx/v1/exception.cpp.o
[ 51%] Building CXX object _deps/mongo-cxx-driver-build/src/mongocxx/CMakeFiles/mongocxx_static.dir/lib/mongocxx/v1/find_one_and_delete_options.cpp.o
yes
checking for nanosleep... [ 51%] Building CXX object _deps/mongo-cxx-driver-build/src/mongocxx/CMakeFiles/mongocxx_static.dir/lib/mongocxx/v1/find_one_and_replace_options.cpp.o
yes
checking for clock_gettime... [ 51%] Linking CXX static library libabsl_random_seed_sequences.a
[ 51%] Linking CXX static library libabsl_log_globals.a
[ 51%] Linking CXX static library libabsl_cordz_info.a
yes
checking for memset_s... [ 51%] Built target absl_random_seed_sequences
[ 51%] Building CXX object _deps/mongo-cxx-driver-build/src/mongocxx/CMakeFiles/mongocxx_static.dir/lib/mongocxx/v1/find_one_and_update_options.cpp.o
[ 51%] Built target absl_log_globals
[ 51%] Built target absl_cordz_info
[ 51%] Building CXX object _deps/mongo-cxx-driver-build/src/mongocxx/CMakeFiles/mongocxx_static.dir/lib/mongocxx/v1/find_options.cpp.o
yes
checking for explicit_bzero... [ 51%] Building CXX object _deps/absl-build/absl/flags/CMakeFiles/absl_flags_internal.dir/internal/flag.cc.o
[ 51%] Building CXX object _deps/absl-build/absl/log/CMakeFiles/absl_log_internal_log_sink_set.dir/internal/log_sink_set.cc.o
[ 51%] Building CXX object _deps/mongo-cxx-driver-build/src/mongocxx/CMakeFiles/mongocxx_static.dir/lib/mongocxx/v1/gridfs/bucket.cpp.o
[ 51%] Building CXX object _deps/mongo-cxx-driver-build/src/mongocxx/CMakeFiles/mongocxx_static.dir/lib/mongocxx/v1/gridfs/downloader.cpp.o
no
checking for memset_explicit... no
checking for explicit_memset... [ 51%] Building CXX object _deps/mongo-cxx-driver-build/src/mongocxx/CMakeFiles/mongocxx_static.dir/lib/mongocxx/v1/gridfs/upload_options.cpp.o
no
checking if gcc/ld supports -Wl,--output-def... not needed, shared libraries are disabled
checking that generated files are newer than configure... done
configure: creating ./config.status
[ 51%] Building CXX object _deps/mongo-cxx-driver-build/src/mongocxx/CMakeFiles/mongocxx_static.dir/lib/mongocxx/v1/gridfs/upload_result.cpp.o
[ 51%] Building CXX object _deps/mongo-cxx-driver-build/src/mongocxx/CMakeFiles/mongocxx_static.dir/lib/mongocxx/v1/gridfs/uploader.cpp.o
[ 51%] Linking CXX static library libabsl_log_internal_log_sink_set.a
[ 52%] Building CXX object _deps/mongo-cxx-driver-build/src/mongocxx/CMakeFiles/mongocxx_static.dir/lib/mongocxx/v1/hint.cpp.o
[ 52%] Linking CXX static library libabsl_flags_internal.a
[ 52%] Built target absl_log_internal_log_sink_set
[ 52%] Building CXX object _deps/mongo-cxx-driver-build/src/mongocxx/CMakeFiles/mongocxx_static.dir/lib/mongocxx/v1/indexes.cpp.o
[ 52%] Built target absl_flags_internal
[ 52%] Building CXX object _deps/absl-build/absl/log/CMakeFiles/absl_log_initialize.dir/initialize.cc.o
[ 52%] Building CXX object _deps/mongo-cxx-driver-build/src/mongocxx/CMakeFiles/mongocxx_static.dir/lib/mongocxx/v1/insert_many_options.cpp.o
[ 54%] Building CXX object _deps/absl-build/absl/strings/CMakeFiles/absl_cordz_sample_token.dir/internal/cordz_sample_token.cc.o
[ 54%] Building CXX object _deps/mongo-cxx-driver-build/src/mongocxx/CMakeFiles/mongocxx_static.dir/lib/mongocxx/v1/insert_many_result.cpp.o
[ 54%] Building CXX object _deps/mongo-cxx-driver-build/src/mongocxx/CMakeFiles/mongocxx_static.dir/lib/mongocxx/v1/insert_one_options.cpp.o
[ 54%] Building CXX object _deps/mongo-cxx-driver-build/src/mongocxx/CMakeFiles/mongocxx_static.dir/lib/mongocxx/v1/insert_one_result.cpp.o
[ 54%] Linking CXX static library libabsl_log_initialize.a
[ 54%] Building CXX object _deps/mongo-cxx-driver-build/src/mongocxx/CMakeFiles/mongocxx_static.dir/lib/mongocxx/v1/instance.cpp.o
[ 54%] Linking CXX static library libabsl_cordz_sample_token.a
[ 54%] Built target absl_log_initialize
[ 54%] Building CXX object _deps/mongo-cxx-driver-build/src/mongocxx/CMakeFiles/mongocxx_static.dir/lib/mongocxx/v1/logger.cpp.o
[ 54%] Built target absl_cordz_sample_token
[ 54%] Building CXX object _deps/mongo-cxx-driver-build/src/mongocxx/CMakeFiles/mongocxx_static.dir/lib/mongocxx/v1/oidc_callback.cpp.o
[ 54%] Building CXX object _deps/absl-build/absl/strings/CMakeFiles/absl_cord.dir/cord.cc.o
[ 54%] Building CXX object _deps/mongo-cxx-driver-build/src/mongocxx/CMakeFiles/mongocxx_static.dir/lib/mongocxx/v1/oidc_callback_params.cpp.o
[ 54%] Building CXX object _deps/mongo-cxx-driver-build/src/mongocxx/CMakeFiles/mongocxx_static.dir/lib/mongocxx/v1/oidc_credential.cpp.o
[ 54%] Building CXX object _deps/mongo-cxx-driver-build/src/mongocxx/CMakeFiles/mongocxx_static.dir/lib/mongocxx/v1/pipeline.cpp.o
config.status: creating Makefile
[ 54%] Building CXX object _deps/mongo-cxx-driver-build/src/mongocxx/CMakeFiles/mongocxx_static.dir/lib/mongocxx/v1/pool.cpp.o
config.status: creating builds/Makefile
[ 55%] Building CXX object _deps/mongo-cxx-driver-build/src/mongocxx/CMakeFiles/mongocxx_static.dir/lib/mongocxx/v1/range_options.cpp.o
config.status: creating contrib/Makefile
[ 55%] Building CXX object _deps/mongo-cxx-driver-build/src/mongocxx/CMakeFiles/mongocxx_static.dir/lib/mongocxx/v1/read_concern.cpp.o
config.status: creating dist-build/Makefile
[ 55%] Building CXX object _deps/mongo-cxx-driver-build/src/mongocxx/CMakeFiles/mongocxx_static.dir/lib/mongocxx/v1/read_preference.cpp.o
config.status: creating libsodium.pc
config.status: creating libsodium-uninstalled.pc
config.status: creating src/Makefile
[ 55%] Building CXX object _deps/mongo-cxx-driver-build/src/mongocxx/CMakeFiles/mongocxx_static.dir/lib/mongocxx/v1/replace_one_options.cpp.o
config.status: creating src/libsodium/Makefile
[ 55%] Building CXX object _deps/mongo-cxx-driver-build/src/mongocxx/CMakeFiles/mongocxx_static.dir/lib/mongocxx/v1/replace_one_result.cpp.o
config.status: creating src/libsodium/include/Makefile
config.status: creating src/libsodium/include/sodium/version.h
config.status: creating test/default/Makefile
[ 55%] Building CXX object _deps/absl-build/absl/log/CMakeFiles/absl_log_internal_message.dir/internal/log_message.cc.o
[ 55%] Building CXX object _deps/mongo-cxx-driver-build/src/mongocxx/CMakeFiles/mongocxx_static.dir/lib/mongocxx/v1/return_document.cpp.o
config.status: creating test/Makefile
config.status: executing depfiles commands
[ 55%] Building CXX object _deps/mongo-cxx-driver-build/src/mongocxx/CMakeFiles/mongocxx_static.dir/lib/mongocxx/v1/rewrap_many_datakey_options.cpp.o
[ 55%] Building CXX object _deps/mongo-cxx-driver-build/src/mongocxx/CMakeFiles/mongocxx_static.dir/lib/mongocxx/v1/rewrap_many_datakey_result.cpp.o
[ 55%] Building CXX object _deps/absl-build/absl/strings/CMakeFiles/absl_cord.dir/cord_analysis.cc.o
[ 55%] Building CXX object _deps/mongo-cxx-driver-build/src/mongocxx/CMakeFiles/mongocxx_static.dir/lib/mongocxx/v1/search_indexes.cpp.o
[ 55%] Building CXX object _deps/mongo-cxx-driver-build/src/mongocxx/CMakeFiles/mongocxx_static.dir/lib/mongocxx/v1/server_api.cpp.o
[ 55%] Building CXX object _deps/mongo-cxx-driver-build/src/mongocxx/CMakeFiles/mongocxx_static.dir/lib/mongocxx/v1/server_error.cpp.o
[ 55%] Building CXX object _deps/mongo-cxx-driver-build/src/mongocxx/CMakeFiles/mongocxx_static.dir/lib/mongocxx/v1/string_options.cpp.o
[ 55%] Building CXX object _deps/mongo-cxx-driver-build/src/mongocxx/CMakeFiles/mongocxx_static.dir/lib/mongocxx/v1/text_options.cpp.o
[ 55%] Linking CXX static library libabsl_log_internal_message.a
[ 55%] Building CXX object _deps/mongo-cxx-driver-build/src/mongocxx/CMakeFiles/mongocxx_static.dir/lib/mongocxx/v1/tls.cpp.o
[ 55%] Built target absl_log_internal_message
[ 56%] Building CXX object _deps/mongo-cxx-driver-build/src/mongocxx/CMakeFiles/mongocxx_static.dir/lib/mongocxx/v1/transaction_options.cpp.o
[ 56%] Building CXX object _deps/mongo-cxx-driver-build/src/mongocxx/CMakeFiles/mongocxx_static.dir/lib/mongocxx/v1/update_many_options.cpp.o
[ 56%] Linking CXX static library libabsl_cord.a
[ 56%] Building CXX object _deps/mongo-cxx-driver-build/src/mongocxx/CMakeFiles/mongocxx_static.dir/lib/mongocxx/v1/update_many_result.cpp.o
[ 56%] Built target absl_cord
[ 56%] Building CXX object _deps/mongo-cxx-driver-build/src/mongocxx/CMakeFiles/mongocxx_static.dir/lib/mongocxx/v1/update_one_options.cpp.o
[ 56%] Building CXX object _deps/mongo-cxx-driver-build/src/mongocxx/CMakeFiles/mongocxx_static.dir/lib/mongocxx/v1/update_one_result.cpp.o
[ 56%] Building CXX object _deps/mongo-cxx-driver-build/src/mongocxx/CMakeFiles/mongocxx_static.dir/lib/mongocxx/v1/uri.cpp.o
[ 56%] Building CXX object _deps/mongo-cxx-driver-build/src/mongocxx/CMakeFiles/mongocxx_static.dir/lib/mongocxx/v1/write_concern.cpp.o
[ 56%] Building CXX object _deps/mongo-cxx-driver-build/src/mongocxx/CMakeFiles/mongocxx_static.dir/lib/mongocxx/v_noabi/mongocxx/bulk_write.cpp.o
[ 56%] Building CXX object _deps/mongo-cxx-driver-build/src/mongocxx/CMakeFiles/mongocxx_static.dir/lib/mongocxx/v_noabi/mongocxx/change_stream.cpp.o
[ 56%] Building CXX object _deps/mongo-cxx-driver-build/src/mongocxx/CMakeFiles/mongocxx_static.dir/lib/mongocxx/v_noabi/mongocxx/client_encryption.cpp.o
[ 56%] Building CXX object _deps/mongo-cxx-driver-build/src/mongocxx/CMakeFiles/mongocxx_static.dir/lib/mongocxx/v_noabi/mongocxx/client_session.cpp.o
[ 56%] Building CXX object _deps/mongo-cxx-driver-build/src/mongocxx/CMakeFiles/mongocxx_static.dir/lib/mongocxx/v_noabi/mongocxx/client.cpp.o
[ 56%] Building CXX object _deps/absl-build/absl/log/CMakeFiles/absl_log_internal_check_op.dir/internal/check_op.cc.o
[ 56%] Building CXX object _deps/mongo-cxx-driver-build/src/mongocxx/CMakeFiles/mongocxx_static.dir/lib/mongocxx/v_noabi/mongocxx/collection.cpp.o
[ 58%] Building CXX object _deps/mongo-cxx-driver-build/src/mongocxx/CMakeFiles/mongocxx_static.dir/lib/mongocxx/v_noabi/mongocxx/config/config.cpp.o
[ 58%] Building CXX object _deps/mongo-cxx-driver-build/src/mongocxx/CMakeFiles/mongocxx_static.dir/lib/mongocxx/v_noabi/mongocxx/config/export.cpp.o
[ 58%] Building CXX object _deps/mongo-cxx-driver-build/src/mongocxx/CMakeFiles/mongocxx_static.dir/lib/mongocxx/v_noabi/mongocxx/config/version.cpp.o
[ 58%] Building CXX object _deps/mongo-cxx-driver-build/src/mongocxx/CMakeFiles/mongocxx_static.dir/lib/mongocxx/v_noabi/mongocxx/conversions.cpp.o
[ 58%] Linking CXX static library libabsl_log_internal_check_op.a
[ 58%] Building CXX object _deps/mongo-cxx-driver-build/src/mongocxx/CMakeFiles/mongocxx_static.dir/lib/mongocxx/v_noabi/mongocxx/cursor.cpp.o
[ 58%] Built target absl_log_internal_check_op
[ 58%] Building CXX object _deps/absl-build/absl/log/CMakeFiles/absl_die_if_null.dir/die_if_null.cc.o
[ 58%] Building CXX object _deps/mongo-cxx-driver-build/src/mongocxx/CMakeFiles/mongocxx_static.dir/lib/mongocxx/v_noabi/mongocxx/database.cpp.o
[ 58%] Building CXX object _deps/mongo-cxx-driver-build/src/mongocxx/CMakeFiles/mongocxx_static.dir/lib/mongocxx/v_noabi/mongocxx/events/command_failed_event.cpp.o
[ 58%] Building CXX object _deps/mongo-cxx-driver-build/src/mongocxx/CMakeFiles/mongocxx_static.dir/lib/mongocxx/v_noabi/mongocxx/events/command_started_event.cpp.o
config.status: executing libtool commands
[ 58%] Performing build step for 'sodium_external'
[ 58%] Building CXX object _deps/mongo-cxx-driver-build/src/mongocxx/CMakeFiles/mongocxx_static.dir/lib/mongocxx/v_noabi/mongocxx/events/command_succeeded_event.cpp.o
Making all in builds
make[1]: Nothing to be done for `all'.
Making all in contrib
make[1]: Nothing to be done for `all'.
Making all in dist-build
make[1]: Nothing to be done for `all'.
Making all in src
Making all in libsodium
[ 58%] Building CXX object _deps/mongo-cxx-driver-build/src/mongocxx/CMakeFiles/mongocxx_static.dir/lib/mongocxx/v_noabi/mongocxx/events/heartbeat_failed_event.cpp.o
Making all in include
make[3]: Nothing to be done for `all'.
  CC       crypto_aead/aegis128l/libsodium_la-aead_aegis128l.lo
[ 58%] Linking CXX static library libabsl_die_if_null.a
[ 58%] Built target absl_die_if_null
[ 58%] Building CXX object _deps/mongo-cxx-driver-build/src/mongocxx/CMakeFiles/mongocxx_static.dir/lib/mongocxx/v_noabi/mongocxx/events/heartbeat_started_event.cpp.o
[ 58%] Building CXX object _deps/mongo-cxx-driver-build/src/mongocxx/CMakeFiles/mongocxx_static.dir/lib/mongocxx/v_noabi/mongocxx/events/heartbeat_succeeded_event.cpp.o
[ 58%] Building CXX object _deps/mongo-cxx-driver-build/src/mongocxx/CMakeFiles/mongocxx_static.dir/lib/mongocxx/v_noabi/mongocxx/events/server_changed_event.cpp.o
[ 58%] Building CXX object _deps/mongo-cxx-driver-build/src/mongocxx/CMakeFiles/mongocxx_static.dir/lib/mongocxx/v_noabi/mongocxx/events/server_closed_event.cpp.o
  CC       crypto_aead/aegis128l/libsodium_la-aegis128l_soft.lo
[ 59%] Building CXX object _deps/mongo-cxx-driver-build/src/mongocxx/CMakeFiles/mongocxx_static.dir/lib/mongocxx/v_noabi/mongocxx/events/server_description.cpp.o
[ 59%] Building CXX object _deps/mongo-cxx-driver-build/src/mongocxx/CMakeFiles/mongocxx_static.dir/lib/mongocxx/v_noabi/mongocxx/events/server_opening_event.cpp.o
  CC       crypto_aead/aegis256/libsodium_la-aead_aegis256.lo
[ 59%] Building CXX object _deps/mongo-cxx-driver-build/src/mongocxx/CMakeFiles/mongocxx_static.dir/lib/mongocxx/v_noabi/mongocxx/events/topology_changed_event.cpp.o
[ 59%] Building CXX object _deps/mongo-cxx-driver-build/src/mongocxx/CMakeFiles/mongocxx_static.dir/lib/mongocxx/v_noabi/mongocxx/events/topology_closed_event.cpp.o
[ 59%] Building CXX object _deps/mongo-cxx-driver-build/src/mongocxx/CMakeFiles/mongocxx_static.dir/lib/mongocxx/v_noabi/mongocxx/events/topology_opening_event.cpp.o
[ 59%] Building CXX object _deps/mongo-cxx-driver-build/src/mongocxx/CMakeFiles/mongocxx_static.dir/lib/mongocxx/v_noabi/mongocxx/events/topology_description.cpp.o
[ 59%] Building CXX object _deps/mongo-cxx-driver-build/src/mongocxx/CMakeFiles/mongocxx_static.dir/lib/mongocxx/v_noabi/mongocxx/exception/authentication_exception.cpp.o
  CC       crypto_aead/aegis256/libsodium_la-aegis256_soft.lo
[ 59%] Building CXX object _deps/mongo-cxx-driver-build/src/mongocxx/CMakeFiles/mongocxx_static.dir/lib/mongocxx/v_noabi/mongocxx/exception/bulk_write_exception.cpp.o
[ 59%] Building CXX object _deps/mongo-cxx-driver-build/src/mongocxx/CMakeFiles/mongocxx_static.dir/lib/mongocxx/v_noabi/mongocxx/exception/error_code.cpp.o
  CC       crypto_aead/aes256gcm/libsodium_la-aead_aes256gcm.lo
[ 59%] Building CXX object _deps/mongo-cxx-driver-build/src/mongocxx/CMakeFiles/mongocxx_static.dir/lib/mongocxx/v_noabi/mongocxx/exception/exception.cpp.o
[ 59%] Building CXX object _deps/mongo-cxx-driver-build/src/mongocxx/CMakeFiles/mongocxx_static.dir/lib/mongocxx/v_noabi/mongocxx/exception/gridfs_exception.cpp.o
  CC       crypto_aead/chacha20poly1305/libsodium_la-aead_chacha20poly1305.lo
[ 59%] Building CXX object _deps/mongo-cxx-driver-build/src/mongocxx/CMakeFiles/mongocxx_static.dir/lib/mongocxx/v_noabi/mongocxx/exception/logic_error.cpp.o
[ 59%] Building CXX object _deps/mongo-cxx-driver-build/src/mongocxx/CMakeFiles/mongocxx_static.dir/lib/mongocxx/v_noabi/mongocxx/exception/operation_exception.cpp.o
[ 60%] Building CXX object _deps/mongo-cxx-driver-build/src/mongocxx/CMakeFiles/mongocxx_static.dir/lib/mongocxx/v_noabi/mongocxx/exception/query_exception.cpp.o
[ 60%] Building CXX object _deps/mongo-cxx-driver-build/src/mongocxx/CMakeFiles/mongocxx_static.dir/lib/mongocxx/v_noabi/mongocxx/exception/server_error_code.cpp.o
[ 60%] Building CXX object _deps/mongo-cxx-driver-build/src/mongocxx/CMakeFiles/mongocxx_static.dir/lib/mongocxx/v_noabi/mongocxx/exception/write_exception.cpp.o
  CC       crypto_aead/xchacha20poly1305/libsodium_la-aead_xchacha20poly1305.lo
[ 60%] Building CXX object _deps/mongo-cxx-driver-build/src/mongocxx/CMakeFiles/mongocxx_static.dir/lib/mongocxx/v_noabi/mongocxx/gridfs/bucket.cpp.o
[ 60%] Building CXX object _deps/mongo-cxx-driver-build/src/mongocxx/CMakeFiles/mongocxx_static.dir/lib/mongocxx/v_noabi/mongocxx/gridfs/downloader.cpp.o
[ 60%] Building CXX object _deps/mongo-cxx-driver-build/src/mongocxx/CMakeFiles/mongocxx_static.dir/lib/mongocxx/v_noabi/mongocxx/gridfs/uploader.cpp.o
[ 60%] Building CXX object _deps/mongo-cxx-driver-build/src/mongocxx/CMakeFiles/mongocxx_static.dir/lib/mongocxx/v_noabi/mongocxx/hint.cpp.o
  CC       crypto_auth/libsodium_la-crypto_auth.lo
[ 60%] Building CXX object _deps/absl-build/absl/status/CMakeFiles/absl_status.dir/internal/status_internal.cc.o
[ 60%] Building CXX object _deps/mongo-cxx-driver-build/src/mongocxx/CMakeFiles/mongocxx_static.dir/lib/mongocxx/v_noabi/mongocxx/index_model.cpp.o
[ 60%] Building CXX object _deps/mongo-cxx-driver-build/src/mongocxx/CMakeFiles/mongocxx_static.dir/lib/mongocxx/v_noabi/mongocxx/index_view.cpp.o
  CC       crypto_auth/hmacsha256/libsodium_la-auth_hmacsha256.lo
[ 60%] Building CXX object _deps/mongo-cxx-driver-build/src/mongocxx/CMakeFiles/mongocxx_static.dir/lib/mongocxx/v_noabi/mongocxx/instance.cpp.o
  CC       crypto_auth/hmacsha512/libsodium_la-auth_hmacsha512.lo
[ 60%] Building CXX object _deps/mongo-cxx-driver-build/src/mongocxx/CMakeFiles/mongocxx_static.dir/lib/mongocxx/v_noabi/mongocxx/logger.cpp.o
  CC       crypto_auth/hmacsha512256/libsodium_la-auth_hmacsha512256.lo
[ 60%] Building CXX object _deps/mongo-cxx-driver-build/src/mongocxx/CMakeFiles/mongocxx_static.dir/lib/mongocxx/v_noabi/mongocxx/model/delete_many.cpp.o
[ 60%] Building CXX object _deps/absl-build/absl/status/CMakeFiles/absl_status.dir/status.cc.o
[ 60%] Building CXX object _deps/mongo-cxx-driver-build/src/mongocxx/CMakeFiles/mongocxx_static.dir/lib/mongocxx/v_noabi/mongocxx/model/delete_one.cpp.o
  CC       crypto_box/libsodium_la-crypto_box.lo
[ 60%] Building CXX object _deps/mongo-cxx-driver-build/src/mongocxx/CMakeFiles/mongocxx_static.dir/lib/mongocxx/v_noabi/mongocxx/model/insert_one.cpp.o
[ 60%] Building CXX object _deps/absl-build/absl/status/CMakeFiles/absl_status.dir/status_payload_printer.cc.o
[ 62%] Building CXX object _deps/mongo-cxx-driver-build/src/mongocxx/CMakeFiles/mongocxx_static.dir/lib/mongocxx/v_noabi/mongocxx/model/replace_one.cpp.o
[ 62%] Building CXX object _deps/mongo-cxx-driver-build/src/mongocxx/CMakeFiles/mongocxx_static.dir/lib/mongocxx/v_noabi/mongocxx/model/update_many.cpp.o
  CC       crypto_box/libsodium_la-crypto_box_easy.lo
  CC       crypto_box/libsodium_la-crypto_box_seal.lo
[ 62%] Building CXX object _deps/mongo-cxx-driver-build/src/mongocxx/CMakeFiles/mongocxx_static.dir/lib/mongocxx/v_noabi/mongocxx/model/update_one.cpp.o
[ 62%] Building CXX object _deps/mongo-cxx-driver-build/src/mongocxx/CMakeFiles/mongocxx_static.dir/lib/mongocxx/v_noabi/mongocxx/model/write.cpp.o
[ 62%] Building CXX object _deps/mongo-cxx-driver-build/src/mongocxx/CMakeFiles/mongocxx_static.dir/lib/mongocxx/v_noabi/mongocxx/options/aggregate.cpp.o
  CC       crypto_box/curve25519xsalsa20poly1305/libsodium_la-box_curve25519xsalsa20poly1305.lo
[ 62%] Building CXX object _deps/mongo-cxx-driver-build/src/mongocxx/CMakeFiles/mongocxx_static.dir/lib/mongocxx/v_noabi/mongocxx/options/apm.cpp.o
[ 62%] Building CXX object _deps/mongo-cxx-driver-build/src/mongocxx/CMakeFiles/mongocxx_static.dir/lib/mongocxx/v_noabi/mongocxx/options/auto_encryption.cpp.o
[ 62%] Building CXX object _deps/mongo-cxx-driver-build/src/mongocxx/CMakeFiles/mongocxx_static.dir/lib/mongocxx/v_noabi/mongocxx/options/bulk_write.cpp.o
  CC       crypto_core/ed25519/ref10/libsodium_la-ed25519_ref10.lo
[ 62%] Linking CXX static library libabsl_status.a
[ 62%] Built target absl_status
[ 62%] Building CXX object _deps/mongo-cxx-driver-build/src/mongocxx/CMakeFiles/mongocxx_static.dir/lib/mongocxx/v_noabi/mongocxx/options/change_stream.cpp.o
[ 62%] Building CXX object _deps/mongo-cxx-driver-build/src/mongocxx/CMakeFiles/mongocxx_static.dir/lib/mongocxx/v_noabi/mongocxx/options/client_encryption.cpp.o
[ 62%] Building CXX object _deps/mongo-cxx-driver-build/src/mongocxx/CMakeFiles/mongocxx_static.dir/lib/mongocxx/v_noabi/mongocxx/options/client_session.cpp.o
[ 62%] Building CXX object _deps/mongo-cxx-driver-build/src/mongocxx/CMakeFiles/mongocxx_static.dir/lib/mongocxx/v_noabi/mongocxx/options/client.cpp.o
[ 62%] Building CXX object _deps/mongo-cxx-driver-build/src/mongocxx/CMakeFiles/mongocxx_static.dir/lib/mongocxx/v_noabi/mongocxx/options/count.cpp.o
[ 63%] Building CXX object _deps/mongo-cxx-driver-build/src/mongocxx/CMakeFiles/mongocxx_static.dir/lib/mongocxx/v_noabi/mongocxx/options/data_key.cpp.o
[ 63%] Building CXX object _deps/mongo-cxx-driver-build/src/mongocxx/CMakeFiles/mongocxx_static.dir/lib/mongocxx/v_noabi/mongocxx/options/delete.cpp.o
[ 63%] Building CXX object _deps/mongo-cxx-driver-build/src/mongocxx/CMakeFiles/mongocxx_static.dir/lib/mongocxx/v_noabi/mongocxx/options/distinct.cpp.o
[ 63%] Building CXX object _deps/mongo-cxx-driver-build/src/mongocxx/CMakeFiles/mongocxx_static.dir/lib/mongocxx/v_noabi/mongocxx/options/encrypt.cpp.o
[ 63%] Building CXX object _deps/mongo-cxx-driver-build/src/mongocxx/CMakeFiles/mongocxx_static.dir/lib/mongocxx/v_noabi/mongocxx/options/estimated_document_count.cpp.o
[ 63%] Building CXX object _deps/mongo-cxx-driver-build/src/mongocxx/CMakeFiles/mongocxx_static.dir/lib/mongocxx/v_noabi/mongocxx/options/find_one_and_delete.cpp.o
[ 63%] Building CXX object _deps/absl-build/absl/container/CMakeFiles/absl_raw_hash_set.dir/internal/raw_hash_set.cc.o
  CC       crypto_core/hchacha20/libsodium_la-core_hchacha20.lo
[ 63%] Building CXX object _deps/mongo-cxx-driver-build/src/mongocxx/CMakeFiles/mongocxx_static.dir/lib/mongocxx/v_noabi/mongocxx/options/find_one_and_replace.cpp.o
[ 63%] Building CXX object _deps/mongo-cxx-driver-build/src/mongocxx/CMakeFiles/mongocxx_static.dir/lib/mongocxx/v_noabi/mongocxx/options/find_one_and_update.cpp.o
[ 63%] Building CXX object _deps/mongo-cxx-driver-build/src/mongocxx/CMakeFiles/mongocxx_static.dir/lib/mongocxx/v_noabi/mongocxx/options/find.cpp.o
  CC       crypto_core/hsalsa20/ref2/libsodium_la-core_hsalsa20_ref2.lo
[ 63%] Building CXX object _deps/mongo-cxx-driver-build/src/mongocxx/CMakeFiles/mongocxx_static.dir/lib/mongocxx/v_noabi/mongocxx/options/gridfs/bucket.cpp.o
  CC       crypto_core/hsalsa20/libsodium_la-core_hsalsa20.lo
[ 63%] Building CXX object _deps/absl-build/absl/status/CMakeFiles/absl_statusor.dir/statusor.cc.o
[ 63%] Building CXX object _deps/mongo-cxx-driver-build/src/mongocxx/CMakeFiles/mongocxx_static.dir/lib/mongocxx/v_noabi/mongocxx/options/gridfs/upload.cpp.o
[ 63%] Building CXX object _deps/mongo-cxx-driver-build/src/mongocxx/CMakeFiles/mongocxx_static.dir/lib/mongocxx/v_noabi/mongocxx/options/index_view.cpp.o
  CC       crypto_core/keccak1600/libsodium_la-keccak1600.lo
[ 63%] Building CXX object _deps/mongo-cxx-driver-build/src/mongocxx/CMakeFiles/mongocxx_static.dir/lib/mongocxx/v_noabi/mongocxx/options/index.cpp.o
[ 63%] Building CXX object _deps/mongo-cxx-driver-build/src/mongocxx/CMakeFiles/mongocxx_static.dir/lib/mongocxx/v_noabi/mongocxx/options/insert.cpp.o
  CC       crypto_core/keccak1600/ref/libsodium_la-keccak1600_ref.lo
[ 64%] Building CXX object _deps/mongo-cxx-driver-build/src/mongocxx/CMakeFiles/mongocxx_static.dir/lib/mongocxx/v_noabi/mongocxx/options/pool.cpp.o
[ 64%] Linking CXX static library libabsl_raw_hash_set.a
[ 64%] Building CXX object _deps/mongo-cxx-driver-build/src/mongocxx/CMakeFiles/mongocxx_static.dir/lib/mongocxx/v_noabi/mongocxx/options/range.cpp.o
[ 64%] Built target absl_raw_hash_set
[ 64%] Building CXX object _deps/mongo-cxx-driver-build/src/mongocxx/CMakeFiles/mongocxx_static.dir/lib/mongocxx/v_noabi/mongocxx/options/replace.cpp.o
[ 64%] Building CXX object _deps/mongo-cxx-driver-build/src/mongocxx/CMakeFiles/mongocxx_static.dir/lib/mongocxx/v_noabi/mongocxx/options/rewrap_many_datakey.cpp.o
[ 64%] Linking CXX static library libabsl_statusor.a
[ 64%] Building CXX object _deps/mongo-cxx-driver-build/src/mongocxx/CMakeFiles/mongocxx_static.dir/lib/mongocxx/v_noabi/mongocxx/options/server_api.cpp.o
[ 64%] Building CXX object _deps/mongo-cxx-driver-build/src/mongocxx/CMakeFiles/mongocxx_static.dir/lib/mongocxx/v_noabi/mongocxx/options/tls.cpp.o
[ 64%] Built target absl_statusor
  CC       crypto_core/keccak1600/armsha3/libsodium_la-keccak1600_armsha3.lo
[ 64%] Building CXX object _deps/absl-build/absl/flags/CMakeFiles/absl_flags_reflection.dir/reflection.cc.o
[ 64%] Building CXX object _deps/mongo-cxx-driver-build/src/mongocxx/CMakeFiles/mongocxx_static.dir/lib/mongocxx/v_noabi/mongocxx/options/transaction.cpp.o
[ 64%] Building CXX object _deps/mongo-cxx-driver-build/src/mongocxx/CMakeFiles/mongocxx_static.dir/lib/mongocxx/v_noabi/mongocxx/options/update.cpp.o
[ 64%] Building CXX object _deps/mongo-cxx-driver-build/src/mongocxx/CMakeFiles/mongocxx_static.dir/lib/mongocxx/v_noabi/mongocxx/pipeline.cpp.o
[ 64%] Building CXX object _deps/mongo-cxx-driver-build/src/mongocxx/CMakeFiles/mongocxx_static.dir/lib/mongocxx/v_noabi/mongocxx/pool.cpp.o
[ 64%] Building CXX object _deps/mongo-cxx-driver-build/src/mongocxx/CMakeFiles/mongocxx_static.dir/lib/mongocxx/v_noabi/mongocxx/read_concern.cpp.o
  CC       crypto_core/salsa/ref/libsodium_la-core_salsa_ref.lo
[ 64%] Building CXX object _deps/mongo-cxx-driver-build/src/mongocxx/CMakeFiles/mongocxx_static.dir/lib/mongocxx/v_noabi/mongocxx/read_preference.cpp.o
[ 64%] Building CXX object _deps/mongo-cxx-driver-build/src/mongocxx/CMakeFiles/mongocxx_static.dir/lib/mongocxx/v_noabi/mongocxx/result/bulk_write.cpp.o
  CC       crypto_core/softaes/libsodium_la-softaes.lo
[ 66%] Building CXX object _deps/mongo-cxx-driver-build/src/mongocxx/CMakeFiles/mongocxx_static.dir/lib/mongocxx/v_noabi/mongocxx/result/delete.cpp.o
[ 66%] Building CXX object _deps/mongo-cxx-driver-build/src/mongocxx/CMakeFiles/mongocxx_static.dir/lib/mongocxx/v_noabi/mongocxx/result/gridfs/upload.cpp.o
[ 66%] Building CXX object _deps/mongo-cxx-driver-build/src/mongocxx/CMakeFiles/mongocxx_static.dir/lib/mongocxx/v_noabi/mongocxx/result/insert_many.cpp.o
  CC       crypto_generichash/libsodium_la-crypto_generichash.lo
[ 66%] Building CXX object _deps/mongo-cxx-driver-build/src/mongocxx/CMakeFiles/mongocxx_static.dir/lib/mongocxx/v_noabi/mongocxx/result/insert_one.cpp.o
  CC       crypto_generichash/blake2b/libsodium_la-generichash_blake2.lo
[ 66%] Linking CXX static library libabsl_flags_reflection.a
[ 66%] Building CXX object _deps/mongo-cxx-driver-build/src/mongocxx/CMakeFiles/mongocxx_static.dir/lib/mongocxx/v_noabi/mongocxx/result/replace_one.cpp.o
[ 66%] Building CXX object _deps/mongo-cxx-driver-build/src/mongocxx/CMakeFiles/mongocxx_static.dir/lib/mongocxx/v_noabi/mongocxx/result/rewrap_many_datakey.cpp.o
[ 66%] Building CXX object _deps/mongo-cxx-driver-build/src/mongocxx/CMakeFiles/mongocxx_static.dir/lib/mongocxx/v_noabi/mongocxx/result/update.cpp.o
[ 66%] Built target absl_flags_reflection
[ 66%] Building CXX object _deps/mongo-cxx-driver-build/src/mongocxx/CMakeFiles/mongocxx_static.dir/lib/mongocxx/v_noabi/mongocxx/search_index_model.cpp.o
  CC       crypto_generichash/blake2b/ref/libsodium_la-blake2b-compress-ref.lo
[ 66%] Building CXX object _deps/mongo-cxx-driver-build/src/mongocxx/CMakeFiles/mongocxx_static.dir/lib/mongocxx/v_noabi/mongocxx/search_index_view.cpp.o
[ 66%] Building CXX object _deps/mongo-cxx-driver-build/src/mongocxx/CMakeFiles/mongocxx_static.dir/lib/mongocxx/v_noabi/mongocxx/uri.cpp.o
[ 66%] Building CXX object _deps/mongo-cxx-driver-build/src/mongocxx/CMakeFiles/mongocxx_static.dir/lib/mongocxx/v_noabi/mongocxx/validation_criteria.cpp.o
  CC       crypto_generichash/blake2b/ref/libsodium_la-blake2b-ref.lo
[ 66%] Building CXX object _deps/mongo-cxx-driver-build/src/mongocxx/CMakeFiles/mongocxx_static.dir/lib/mongocxx/v_noabi/mongocxx/write_concern.cpp.o
[ 66%] Building CXX object _deps/absl-build/absl/flags/CMakeFiles/absl_flags_usage_internal.dir/internal/usage.cc.o
  CC       crypto_generichash/blake2b/ref/libsodium_la-generichash_blake2b.lo
[ 66%] Building CXX object _deps/absl-build/absl/log/CMakeFiles/absl_log_flags.dir/flags.cc.o
[ 67%] Building CXX object _deps/protobuf-build/CMakeFiles/libprotobuf-lite.dir/src/google/protobuf/any_lite.cc.o
  CC       crypto_hash/libsodium_la-crypto_hash.lo
[ 67%] Building CXX object _deps/protobuf-build/CMakeFiles/libprotobuf-lite.dir/src/google/protobuf/arena.cc.o
[ 67%] Building CXX object _deps/protobuf-build/CMakeFiles/libprotobuf-lite.dir/src/google/protobuf/arena_align.cc.o
[ 67%] Building CXX object _deps/protobuf-build/CMakeFiles/libprotobuf-lite.dir/src/google/protobuf/arenastring.cc.o
[ 67%] Linking CXX static library libmongocxx1-static.a
  CC       crypto_hash/sha256/libsodium_la-hash_sha256.lo
  CC       crypto_hash/sha256/cp/libsodium_la-hash_sha256_cp.lo
[ 68%] Linking CXX static library libabsl_log_flags.a
[ 68%] Built target mongocxx_static
[ 68%] Building CXX object _deps/protobuf-build/CMakeFiles/libprotobuf-lite.dir/src/google/protobuf/arenaz_sampler.cc.o
[ 68%] Built target absl_log_flags
[ 68%] Building CXX object _deps/protobuf-build/CMakeFiles/libprotobuf-lite.dir/src/google/protobuf/extension_set.cc.o
[ 68%] Linking CXX static library libabsl_flags_usage_internal.a
[ 68%] Building CXX object _deps/protobuf-build/CMakeFiles/libprotobuf-lite.dir/src/google/protobuf/generated_enum_util.cc.o
[ 68%] Built target absl_flags_usage_internal
  CC       crypto_hash/sha512/libsodium_la-hash_sha512.lo
[ 68%] Building CXX object _deps/protobuf-build/CMakeFiles/libprotobuf-lite.dir/src/google/protobuf/generated_message_tctable_lite.cc.o
[ 68%] Building CXX object _deps/protobuf-build/CMakeFiles/libprotobuf-lite.dir/src/google/protobuf/generated_message_util.cc.o
  CC       crypto_hash/sha512/cp/libsodium_la-hash_sha512_cp.lo
[ 68%] Building CXX object _deps/protobuf-build/CMakeFiles/libprotobuf-lite.dir/src/google/protobuf/implicit_weak_message.cc.o
[ 68%] Building CXX object _deps/protobuf-build/CMakeFiles/libprotobuf-lite.dir/src/google/protobuf/inlined_string_field.cc.o
  CC       crypto_hash/sha3/libsodium_la-hash_sha3.lo
[ 68%] Building CXX object _deps/protobuf-build/CMakeFiles/libprotobuf-lite.dir/src/google/protobuf/io/coded_stream.cc.o
  CC       crypto_ipcrypt/libsodium_la-crypto_ipcrypt.lo
  CC       crypto_ipcrypt/libsodium_la-ipcrypt_soft.lo
[ 68%] Building CXX object _deps/protobuf-build/CMakeFiles/libprotobuf-lite.dir/src/google/protobuf/io/io_win32.cc.o
  CC       crypto_kdf/blake2b/libsodium_la-kdf_blake2b.lo
[ 70%] Building CXX object _deps/protobuf-build/CMakeFiles/libprotobuf-lite.dir/src/google/protobuf/io/zero_copy_stream.cc.o
[ 70%] Building CXX object _deps/absl-build/absl/flags/CMakeFiles/absl_flags_usage.dir/usage.cc.o
[ 70%] Building CXX object _deps/protobuf-build/CMakeFiles/libprotobuf-lite.dir/src/google/protobuf/io/zero_copy_stream_impl.cc.o
  CC       crypto_kdf/libsodium_la-crypto_kdf.lo
[ 70%] Building CXX object _deps/protobuf-build/CMakeFiles/libprotobuf-lite.dir/src/google/protobuf/io/zero_copy_stream_impl_lite.cc.o
  CC       crypto_kdf/hkdf/libsodium_la-kdf_hkdf_sha256.lo
[ 70%] Building CXX object _deps/protobuf-build/CMakeFiles/libprotobuf-lite.dir/src/google/protobuf/map.cc.o
[ 70%] Building CXX object _deps/protobuf-build/CMakeFiles/libprotobuf-lite.dir/src/google/protobuf/message_lite.cc.o
  CC       crypto_kdf/hkdf/libsodium_la-kdf_hkdf_sha512.lo
[ 70%] Linking CXX static library libabsl_flags_usage.a
[ 70%] Built target absl_flags_usage
[ 70%] Building CXX object _deps/protobuf-build/CMakeFiles/libprotobuf-lite.dir/src/google/protobuf/micro_string.cc.o
[ 70%] Building CXX object _deps/protobuf-build/CMakeFiles/libprotobuf-lite.dir/src/google/protobuf/parse_context.cc.o
  CC       crypto_kem/libsodium_la-crypto_kem.lo
[ 70%] Building CXX object _deps/protobuf-build/CMakeFiles/libprotobuf-lite.dir/src/google/protobuf/port.cc.o
[ 70%] Building CXX object _deps/protobuf-build/CMakeFiles/libprotobuf-lite.dir/src/google/protobuf/raw_ptr.cc.o
  CC       crypto_kem/mlkem768/libsodium_la-kem_mlkem768.lo
[ 70%] Building CXX object _deps/protobuf-build/CMakeFiles/libprotobuf-lite.dir/src/google/protobuf/repeated_field.cc.o
  CC       crypto_kem/mlkem768/ref/libsodium_la-kem_mlkem768_ref.lo
[ 70%] Building CXX object _deps/protobuf-build/CMakeFiles/libprotobuf-lite.dir/src/google/protobuf/repeated_ptr_field.cc.o
[ 70%] Building CXX object _deps/protobuf-build/CMakeFiles/libprotobuf-lite.dir/src/google/protobuf/stubs/common.cc.o
[ 70%] Building CXX object _deps/protobuf-build/CMakeFiles/libprotobuf-lite.dir/src/google/protobuf/wire_format_lite.cc.o
[ 70%] Building CXX object _deps/absl-build/absl/flags/CMakeFiles/absl_flags_parse.dir/parse.cc.o
[ 70%] Linking CXX static library libprotobuf-lited.a
[ 70%] Built target libprotobuf-lite
[ 70%] Generating RealmMesh Protocol Buffer sources
[ 70%] Linking CXX static library libabsl_flags_parse.a
[ 70%] Building CXX object proto/CMakeFiles/realm_protocol.dir/generated/realmmesh/realm/v1/realm.pb.cc.o
[ 70%] Building CXX object proto/CMakeFiles/realm_protocol.dir/generated/realmmesh/edge/v1/edge.pb.cc.o
[ 70%] Building CXX object proto/CMakeFiles/realm_protocol.dir/generated/realmmesh/common/v1/envelope.pb.cc.o
[ 70%] Built target absl_flags_parse
  CC       crypto_kem/xwing/libsodium_la-kem_xwing.lo
  CC       crypto_kx/libsodium_la-crypto_kx.lo
  CC       crypto_onetimeauth/libsodium_la-crypto_onetimeauth.lo
  CC       crypto_onetimeauth/poly1305/libsodium_la-onetimeauth_poly1305.lo
  CC       crypto_onetimeauth/poly1305/donna/libsodium_la-poly1305_donna.lo
  CC       crypto_pwhash/argon2/libsodium_la-argon2-core.lo
  CC       crypto_pwhash/argon2/libsodium_la-argon2-encoding.lo
  CC       crypto_pwhash/argon2/libsodium_la-argon2-fill-block-ref.lo
[ 71%] Linking CXX static library librealm_protocol.a
[ 71%] Built target realm_protocol
  CC       crypto_pwhash/argon2/libsodium_la-argon2-fill-block-wasm32.lo
  CC       crypto_pwhash/argon2/libsodium_la-argon2.lo
  CC       crypto_pwhash/argon2/libsodium_la-blake2b-long.lo
  CC       crypto_pwhash/argon2/libsodium_la-pwhash_argon2i.lo
  CC       crypto_pwhash/argon2/libsodium_la-pwhash_argon2id.lo
  CC       crypto_pwhash/libsodium_la-crypto_pwhash.lo
  CC       crypto_scalarmult/libsodium_la-crypto_scalarmult.lo
  CC       crypto_scalarmult/curve25519/ref10/libsodium_la-x25519_ref10.lo
  CC       crypto_scalarmult/curve25519/libsodium_la-scalarmult_curve25519.lo
  CC       crypto_secretbox/libsodium_la-crypto_secretbox.lo
  CC       crypto_secretbox/libsodium_la-crypto_secretbox_easy.lo
  CC       crypto_secretbox/xsalsa20poly1305/libsodium_la-secretbox_xsalsa20poly1305.lo
  CC       crypto_secretstream/xchacha20poly1305/libsodium_la-secretstream_xchacha20poly1305.lo
  CC       crypto_shorthash/libsodium_la-crypto_shorthash.lo
  CC       crypto_shorthash/siphash24/libsodium_la-shorthash_siphash24.lo
  CC       crypto_shorthash/siphash24/ref/libsodium_la-shorthash_siphash24_ref.lo
  CC       crypto_sign/libsodium_la-crypto_sign.lo
  CC       crypto_sign/ed25519/libsodium_la-sign_ed25519.lo
  CC       crypto_sign/ed25519/ref10/libsodium_la-keypair.lo
  CC       crypto_sign/ed25519/ref10/libsodium_la-open.lo
  CC       crypto_sign/ed25519/ref10/libsodium_la-sign.lo
  CC       crypto_stream/chacha20/libsodium_la-stream_chacha20.lo
  CC       crypto_stream/chacha20/ref/libsodium_la-chacha20_ref.lo
  CC       crypto_stream/libsodium_la-crypto_stream.lo
  CC       crypto_stream/salsa20/libsodium_la-stream_salsa20.lo
  CC       crypto_stream/xsalsa20/libsodium_la-stream_xsalsa20.lo
  CC       crypto_verify/libsodium_la-verify.lo
  CC       crypto_xof/shake128/libsodium_la-xof_shake128.lo
  CC       crypto_xof/shake128/ref/libsodium_la-shake128_ref.lo
  CC       crypto_xof/shake256/libsodium_la-xof_shake256.lo
  CC       crypto_xof/shake256/ref/libsodium_la-shake256_ref.lo
  CC       crypto_xof/turboshake128/libsodium_la-xof_turboshake128.lo
  CC       crypto_xof/turboshake128/ref/libsodium_la-turboshake128_ref.lo
  CC       crypto_xof/turboshake256/libsodium_la-xof_turboshake256.lo
  CC       crypto_xof/turboshake256/ref/libsodium_la-turboshake256_ref.lo
  CC       randombytes/libsodium_la-randombytes.lo
  CC       sodium/libsodium_la-codecs.lo
  CC       sodium/libsodium_la-core.lo
  CC       sodium/libsodium_la-runtime.lo
  CC       sodium/libsodium_la-utils.lo
  CC       sodium/libsodium_la-version.lo
  CC       crypto_stream/salsa20/ref/libsodium_la-salsa20_ref.lo
  CC       crypto_box/curve25519xchacha20poly1305/libsodium_la-box_curve25519xchacha20poly1305.lo
  CC       crypto_box/curve25519xchacha20poly1305/libsodium_la-box_seal_curve25519xchacha20poly1305.lo
  CC       crypto_core/ed25519/libsodium_la-core_ed25519.lo
  CC       crypto_core/ed25519/libsodium_la-core_ristretto255.lo
  CC       crypto_pwhash/scryptsalsa208sha256/libsodium_la-crypto_scrypt-common.lo
  CC       crypto_pwhash/scryptsalsa208sha256/libsodium_la-scrypt_platform.lo
  CC       crypto_pwhash/scryptsalsa208sha256/libsodium_la-pbkdf2-sha256.lo
  CC       crypto_pwhash/scryptsalsa208sha256/libsodium_la-pwhash_scryptsalsa208sha256.lo
  CC       crypto_pwhash/scryptsalsa208sha256/nosse/libsodium_la-pwhash_scryptsalsa208sha256_nosse.lo
  CC       crypto_scalarmult/ed25519/ref10/libsodium_la-scalarmult_ed25519_ref10.lo
  CC       crypto_scalarmult/ristretto255/ref10/libsodium_la-scalarmult_ristretto255_ref10.lo
  CC       crypto_secretbox/xchacha20poly1305/libsodium_la-secretbox_xchacha20poly1305.lo
  CC       crypto_shorthash/siphash24/libsodium_la-shorthash_siphashx24.lo
  CC       crypto_shorthash/siphash24/ref/libsodium_la-shorthash_siphashx24_ref.lo
  CC       crypto_sign/ed25519/ref10/libsodium_la-obsolete.lo
  CC       crypto_stream/salsa2012/ref/libsodium_la-stream_salsa2012_ref.lo
  CC       crypto_stream/salsa2012/libsodium_la-stream_salsa2012.lo
  CC       crypto_stream/salsa208/ref/libsodium_la-stream_salsa208_ref.lo
  CC       crypto_stream/salsa208/libsodium_la-stream_salsa208.lo
  CC       crypto_stream/xchacha20/libsodium_la-stream_xchacha20.lo
  CC       randombytes/sysrandom/libsodium_la-randombytes_sysrandom.lo
  CC       crypto_aead/aegis128l/libaesni_la-aegis128l_aesni.lo
  CC       crypto_aead/aegis256/libaesni_la-aegis256_aesni.lo
  CC       crypto_aead/aes256gcm/aesni/libaesni_la-aead_aes256gcm_aesni.lo
  CC       crypto_ipcrypt/libaesni_la-ipcrypt_aesni.lo
  CCLD     libaesni.la
libtool: warning: '-version-info/-version-number' is ignored for convenience libraries
  CC       crypto_aead/aegis128l/libarmcrypto_la-aegis128l_armcrypto.lo
  CC       crypto_aead/aegis256/libarmcrypto_la-aegis256_armcrypto.lo
  CC       crypto_aead/aes256gcm/armcrypto/libarmcrypto_la-aead_aes256gcm_armcrypto.lo
  CC       crypto_ipcrypt/libarmcrypto_la-ipcrypt_armcrypto.lo
  CC       crypto_pwhash/argon2/libarmcrypto_la-argon2-fill-block-neon.lo
  CCLD     libarmcrypto.la
libtool: warning: '-version-info/-version-number' is ignored for convenience libraries
  CC       crypto_onetimeauth/poly1305/sse2/libsse2_la-poly1305_sse2.lo
  CC       crypto_pwhash/scryptsalsa208sha256/sse/libsse2_la-pwhash_scryptsalsa208sha256_sse.lo
  CC       crypto_stream/salsa20/xmm6int/libsse2_la-salsa20_xmm6int-sse2.lo
  CCLD     libsse2.la
libtool: warning: '-version-info/-version-number' is ignored for convenience libraries
  CC       crypto_generichash/blake2b/ref/libssse3_la-blake2b-compress-ssse3.lo
  CC       crypto_pwhash/argon2/libssse3_la-argon2-fill-block-ssse3.lo
  CC       crypto_stream/chacha20/dolbeau/libssse3_la-chacha20_dolbeau-ssse3.lo
  CCLD     libssse3.la
libtool: warning: '-version-info/-version-number' is ignored for convenience libraries
  CC       crypto_generichash/blake2b/ref/libsse41_la-blake2b-compress-sse41.lo
  CCLD     libsse41.la
libtool: warning: '-version-info/-version-number' is ignored for convenience libraries
  CC       crypto_generichash/blake2b/ref/libavx2_la-blake2b-compress-avx2.lo
  CC       crypto_pwhash/argon2/libavx2_la-argon2-fill-block-avx2.lo
  CC       crypto_stream/chacha20/dolbeau/libavx2_la-chacha20_dolbeau-avx2.lo
  CC       crypto_stream/salsa20/xmm6int/libavx2_la-salsa20_xmm6int-avx2.lo
  CCLD     libavx2.la
libtool: warning: '-version-info/-version-number' is ignored for convenience libraries
  CC       crypto_pwhash/argon2/libavx512f_la-argon2-fill-block-avx512f.lo
  CCLD     libavx512f.la
libtool: warning: '-version-info/-version-number' is ignored for convenience libraries
  CC       randombytes/internal/librdrand_la-randombytes_internal_random.lo
  CCLD     librdrand.la
libtool: warning: '-version-info/-version-number' is ignored for convenience libraries
  CCLD     libsodium.la
make[2]: Nothing to be done for `all-am'.
Making all in test
Making all in default
make[2]: Nothing to be done for `all'.
make[2]: Nothing to be done for `all-am'.
make[1]: Nothing to be done for `all-am'.
Making install in builds
make[2]: Nothing to be done for `install-exec-am'.
make[2]: Nothing to be done for `install-data-am'.
Making install in contrib
make[2]: Nothing to be done for `install-exec-am'.
make[2]: Nothing to be done for `install-data-am'.
Making install in dist-build
make[2]: Nothing to be done for `install-exec-am'.
make[2]: Nothing to be done for `install-data-am'.
Making install in src
Making install in libsodium
Making install in include
make[4]: Nothing to be done for `install-exec-am'.
 mkdir -p '/private/tmp/realmmesh-p6/final/build/dev-make/third_party/sodium/install/include'
 mkdir -p '/private/tmp/realmmesh-p6/final/build/dev-make/third_party/sodium/install/include/sodium'
 /usr/bin/install -c -m 644  /private/tmp/realmmesh-p6/final/build/dev-make/third_party/sodium/sodium_external-prefix/src/sodium_external/src/libsodium/include/sodium/core.h /private/tmp/realmmesh-p6/final/build/dev-make/third_party/sodium/sodium_external-prefix/src/sodium_external/src/libsodium/include/sodium/crypto_aead_aes256gcm.h /private/tmp/realmmesh-p6/final/build/dev-make/third_party/sodium/sodium_external-prefix/src/sodium_external/src/libsodium/include/sodium/crypto_aead_aegis128l.h /private/tmp/realmmesh-p6/final/build/dev-make/third_party/sodium/sodium_external-prefix/src/sodium_external/src/libsodium/include/sodium/crypto_aead_aegis256.h /private/tmp/realmmesh-p6/final/build/dev-make/third_party/sodium/sodium_external-prefix/src/sodium_external/src/libsodium/include/sodium/crypto_aead_chacha20poly1305.h /private/tmp/realmmesh-p6/final/build/dev-make/third_party/sodium/sodium_external-prefix/src/sodium_external/src/libsodium/include/sodium/crypto_aead_xchacha20poly1305.h /private/tmp/realmmesh-p6/final/build/dev-make/third_party/sodium/sodium_external-prefix/src/sodium_external/src/libsodium/include/sodium/crypto_auth.h /private/tmp/realmmesh-p6/final/build/dev-make/third_party/sodium/sodium_external-prefix/src/sodium_external/src/libsodium/include/sodium/crypto_auth_hmacsha256.h /private/tmp/realmmesh-p6/final/build/dev-make/third_party/sodium/sodium_external-prefix/src/sodium_external/src/libsodium/include/sodium/crypto_auth_hmacsha512.h /private/tmp/realmmesh-p6/final/build/dev-make/third_party/sodium/sodium_external-prefix/src/sodium_external/src/libsodium/include/sodium/crypto_auth_hmacsha512256.h /private/tmp/realmmesh-p6/final/build/dev-make/third_party/sodium/sodium_external-prefix/src/sodium_external/src/libsodium/include/sodium/crypto_box.h /private/tmp/realmmesh-p6/final/build/dev-make/third_party/sodium/sodium_external-prefix/src/sodium_external/src/libsodium/include/sodium/crypto_box_curve25519xchacha20poly1305.h /private/tmp/realmmesh-p6/final/build/dev-make/third_party/sodium/sodium_external-prefix/src/sodium_external/src/libsodium/include/sodium/crypto_box_curve25519xsalsa20poly1305.h /private/tmp/realmmesh-p6/final/build/dev-make/third_party/sodium/sodium_external-prefix/src/sodium_external/src/libsodium/include/sodium/crypto_core_ed25519.h /private/tmp/realmmesh-p6/final/build/dev-make/third_party/sodium/sodium_external-prefix/src/sodium_external/src/libsodium/include/sodium/crypto_core_ristretto255.h /private/tmp/realmmesh-p6/final/build/dev-make/third_party/sodium/sodium_external-prefix/src/sodium_external/src/libsodium/include/sodium/crypto_core_hchacha20.h /private/tmp/realmmesh-p6/final/build/dev-make/third_party/sodium/sodium_external-prefix/src/sodium_external/src/libsodium/include/sodium/crypto_core_hsalsa20.h /private/tmp/realmmesh-p6/final/build/dev-make/third_party/sodium/sodium_external-prefix/src/sodium_external/src/libsodium/include/sodium/crypto_core_keccak1600.h /private/tmp/realmmesh-p6/final/build/dev-make/third_party/sodium/sodium_external-prefix/src/sodium_external/src/libsodium/include/sodium/crypto_core_salsa20.h /private/tmp/realmmesh-p6/final/build/dev-make/third_party/sodium/sodium_external-prefix/src/sodium_external/src/libsodium/include/sodium/crypto_core_salsa2012.h /private/tmp/realmmesh-p6/final/build/dev-make/third_party/sodium/sodium_external-prefix/src/sodium_external/src/libsodium/include/sodium/crypto_core_salsa208.h /private/tmp/realmmesh-p6/final/build/dev-make/third_party/sodium/sodium_external-prefix/src/sodium_external/src/libsodium/include/sodium/crypto_generichash.h /private/tmp/realmmesh-p6/final/build/dev-make/third_party/sodium/sodium_external-prefix/src/sodium_external/src/libsodium/include/sodium/crypto_generichash_blake2b.h /private/tmp/realmmesh-p6/final/build/dev-make/third_party/sodium/sodium_external-prefix/src/sodium_external/src/libsodium/include/sodium/crypto_hash.h /private/tmp/realmmesh-p6/final/build/dev-make/third_party/sodium/sodium_external-prefix/src/sodium_external/src/libsodium/include/sodium/crypto_hash_sha256.h /private/tmp/realmmesh-p6/final/build/dev-make/third_party/sodium/sodium_external-prefix/src/sodium_external/src/libsodium/include/sodium/crypto_hash_sha3.h /private/tmp/realmmesh-p6/final/build/dev-make/third_party/sodium/sodium_external-prefix/src/sodium_external/src/libsodium/include/sodium/crypto_hash_sha512.h /private/tmp/realmmesh-p6/final/build/dev-make/third_party/sodium/sodium_external-prefix/src/sodium_external/src/libsodium/include/sodium/crypto_ipcrypt.h /private/tmp/realmmesh-p6/final/build/dev-make/third_party/sodium/sodium_external-prefix/src/sodium_external/src/libsodium/include/sodium/crypto_kdf.h /private/tmp/realmmesh-p6/final/build/dev-make/third_party/sodium/sodium_external-prefix/src/sodium_external/src/libsodium/include/sodium/crypto_kdf_hkdf_sha256.h /private/tmp/realmmesh-p6/final/build/dev-make/third_party/sodium/sodium_external-prefix/src/sodium_external/src/libsodium/include/sodium/crypto_kdf_hkdf_sha512.h /private/tmp/realmmesh-p6/final/build/dev-make/third_party/sodium/sodium_external-prefix/src/sodium_external/src/libsodium/include/sodium/crypto_kdf_blake2b.h /private/tmp/realmmesh-p6/final/build/dev-make/third_party/sodium/sodium_external-prefix/src/sodium_external/src/libsodium/include/sodium/crypto_kem.h /private/tmp/realmmesh-p6/final/build/dev-make/third_party/sodium/sodium_external-prefix/src/sodium_external/src/libsodium/include/sodium/crypto_kem_mlkem768.h /private/tmp/realmmesh-p6/final/build/dev-make/third_party/sodium/sodium_external-prefix/src/sodium_external/src/libsodium/include/sodium/crypto_kem_xwing.h /private/tmp/realmmesh-p6/final/build/dev-make/third_party/sodium/sodium_external-prefix/src/sodium_external/src/libsodium/include/sodium/crypto_kx.h /private/tmp/realmmesh-p6/final/build/dev-make/third_party/sodium/sodium_external-prefix/src/sodium_external/src/libsodium/include/sodium/crypto_onetimeauth.h /private/tmp/realmmesh-p6/final/build/dev-make/third_party/sodium/sodium_external-prefix/src/sodium_external/src/libsodium/include/sodium/crypto_onetimeauth_poly1305.h /private/tmp/realmmesh-p6/final/build/dev-make/third_party/sodium/sodium_external-prefix/src/sodium_external/src/libsodium/include/sodium/crypto_pwhash.h /private/tmp/realmmesh-p6/final/build/dev-make/third_party/sodium/sodium_external-prefix/src/sodium_external/src/libsodium/include/sodium/crypto_pwhash_argon2i.h '/private/tmp/realmmesh-p6/final/build/dev-make/third_party/sodium/install/include/sodium'
 mkdir -p '/private/tmp/realmmesh-p6/final/build/dev-make/third_party/sodium/install/include/sodium'
 /usr/bin/install -c -m 644  /private/tmp/realmmesh-p6/final/build/dev-make/third_party/sodium/sodium_external-prefix/src/sodium_external/src/libsodium/include/sodium/crypto_pwhash_argon2id.h /private/tmp/realmmesh-p6/final/build/dev-make/third_party/sodium/sodium_external-prefix/src/sodium_external/src/libsodium/include/sodium/crypto_pwhash_scryptsalsa208sha256.h /private/tmp/realmmesh-p6/final/build/dev-make/third_party/sodium/sodium_external-prefix/src/sodium_external/src/libsodium/include/sodium/crypto_scalarmult.h /private/tmp/realmmesh-p6/final/build/dev-make/third_party/sodium/sodium_external-prefix/src/sodium_external/src/libsodium/include/sodium/crypto_scalarmult_curve25519.h /private/tmp/realmmesh-p6/final/build/dev-make/third_party/sodium/sodium_external-prefix/src/sodium_external/src/libsodium/include/sodium/crypto_scalarmult_ed25519.h /private/tmp/realmmesh-p6/final/build/dev-make/third_party/sodium/sodium_external-prefix/src/sodium_external/src/libsodium/include/sodium/crypto_scalarmult_ristretto255.h /private/tmp/realmmesh-p6/final/build/dev-make/third_party/sodium/sodium_external-prefix/src/sodium_external/src/libsodium/include/sodium/crypto_secretbox.h /private/tmp/realmmesh-p6/final/build/dev-make/third_party/sodium/sodium_external-prefix/src/sodium_external/src/libsodium/include/sodium/crypto_secretbox_xchacha20poly1305.h /private/tmp/realmmesh-p6/final/build/dev-make/third_party/sodium/sodium_external-prefix/src/sodium_external/src/libsodium/include/sodium/crypto_secretbox_xsalsa20poly1305.h /private/tmp/realmmesh-p6/final/build/dev-make/third_party/sodium/sodium_external-prefix/src/sodium_external/src/libsodium/include/sodium/crypto_secretstream_xchacha20poly1305.h /private/tmp/realmmesh-p6/final/build/dev-make/third_party/sodium/sodium_external-prefix/src/sodium_external/src/libsodium/include/sodium/crypto_shorthash.h /private/tmp/realmmesh-p6/final/build/dev-make/third_party/sodium/sodium_external-prefix/src/sodium_external/src/libsodium/include/sodium/crypto_shorthash_siphash24.h /private/tmp/realmmesh-p6/final/build/dev-make/third_party/sodium/sodium_external-prefix/src/sodium_external/src/libsodium/include/sodium/crypto_sign.h /private/tmp/realmmesh-p6/final/build/dev-make/third_party/sodium/sodium_external-prefix/src/sodium_external/src/libsodium/include/sodium/crypto_sign_ed25519.h /private/tmp/realmmesh-p6/final/build/dev-make/third_party/sodium/sodium_external-prefix/src/sodium_external/src/libsodium/include/sodium/crypto_sign_edwards25519sha512batch.h /private/tmp/realmmesh-p6/final/build/dev-make/third_party/sodium/sodium_external-prefix/src/sodium_external/src/libsodium/include/sodium/crypto_stream.h /private/tmp/realmmesh-p6/final/build/dev-make/third_party/sodium/sodium_external-prefix/src/sodium_external/src/libsodium/include/sodium/crypto_stream_chacha20.h /private/tmp/realmmesh-p6/final/build/dev-make/third_party/sodium/sodium_external-prefix/src/sodium_external/src/libsodium/include/sodium/crypto_stream_salsa20.h /private/tmp/realmmesh-p6/final/build/dev-make/third_party/sodium/sodium_external-prefix/src/sodium_external/src/libsodium/include/sodium/crypto_stream_salsa2012.h /private/tmp/realmmesh-p6/final/build/dev-make/third_party/sodium/sodium_external-prefix/src/sodium_external/src/libsodium/include/sodium/crypto_stream_salsa208.h /private/tmp/realmmesh-p6/final/build/dev-make/third_party/sodium/sodium_external-prefix/src/sodium_external/src/libsodium/include/sodium/crypto_stream_xchacha20.h /private/tmp/realmmesh-p6/final/build/dev-make/third_party/sodium/sodium_external-prefix/src/sodium_external/src/libsodium/include/sodium/crypto_stream_xsalsa20.h /private/tmp/realmmesh-p6/final/build/dev-make/third_party/sodium/sodium_external-prefix/src/sodium_external/src/libsodium/include/sodium/crypto_verify_16.h /private/tmp/realmmesh-p6/final/build/dev-make/third_party/sodium/sodium_external-prefix/src/sodium_external/src/libsodium/include/sodium/crypto_verify_32.h /private/tmp/realmmesh-p6/final/build/dev-make/third_party/sodium/sodium_external-prefix/src/sodium_external/src/libsodium/include/sodium/crypto_verify_64.h /private/tmp/realmmesh-p6/final/build/dev-make/third_party/sodium/sodium_external-prefix/src/sodium_external/src/libsodium/include/sodium/crypto_xof_shake128.h /private/tmp/realmmesh-p6/final/build/dev-make/third_party/sodium/sodium_external-prefix/src/sodium_external/src/libsodium/include/sodium/crypto_xof_shake256.h /private/tmp/realmmesh-p6/final/build/dev-make/third_party/sodium/sodium_external-prefix/src/sodium_external/src/libsodium/include/sodium/crypto_xof_turboshake128.h /private/tmp/realmmesh-p6/final/build/dev-make/third_party/sodium/sodium_external-prefix/src/sodium_external/src/libsodium/include/sodium/crypto_xof_turboshake256.h /private/tmp/realmmesh-p6/final/build/dev-make/third_party/sodium/sodium_external-prefix/src/sodium_external/src/libsodium/include/sodium/export.h /private/tmp/realmmesh-p6/final/build/dev-make/third_party/sodium/sodium_external-prefix/src/sodium_external/src/libsodium/include/sodium/randombytes.h /private/tmp/realmmesh-p6/final/build/dev-make/third_party/sodium/sodium_external-prefix/src/sodium_external/src/libsodium/include/sodium/randombytes_internal_random.h /private/tmp/realmmesh-p6/final/build/dev-make/third_party/sodium/sodium_external-prefix/src/sodium_external/src/libsodium/include/sodium/randombytes_sysrandom.h /private/tmp/realmmesh-p6/final/build/dev-make/third_party/sodium/sodium_external-prefix/src/sodium_external/src/libsodium/include/sodium/runtime.h /private/tmp/realmmesh-p6/final/build/dev-make/third_party/sodium/sodium_external-prefix/src/sodium_external/src/libsodium/include/sodium/utils.h '/private/tmp/realmmesh-p6/final/build/dev-make/third_party/sodium/install/include/sodium'
 /usr/bin/install -c -m 644  /private/tmp/realmmesh-p6/final/build/dev-make/third_party/sodium/sodium_external-prefix/src/sodium_external/src/libsodium/include/sodium.h '/private/tmp/realmmesh-p6/final/build/dev-make/third_party/sodium/install/include/.'
 mkdir -p '/private/tmp/realmmesh-p6/final/build/dev-make/third_party/sodium/install/include'
 mkdir -p '/private/tmp/realmmesh-p6/final/build/dev-make/third_party/sodium/install/include/sodium'
 /usr/bin/install -c -m 644  sodium/version.h '/private/tmp/realmmesh-p6/final/build/dev-make/third_party/sodium/install/include/sodium'
 mkdir -p '/private/tmp/realmmesh-p6/final/build/dev-make/third_party/sodium/install/lib'
 /bin/sh ../../libtool   --mode=install /usr/bin/install -c   libsodium.la '/private/tmp/realmmesh-p6/final/build/dev-make/third_party/sodium/install/lib'
libtool: install: /usr/bin/install -c .libs/libsodium.lai /private/tmp/realmmesh-p6/final/build/dev-make/third_party/sodium/install/lib/libsodium.la
libtool: install: /usr/bin/install -c .libs/libsodium.a /private/tmp/realmmesh-p6/final/build/dev-make/third_party/sodium/install/lib/libsodium.a
libtool: install: chmod 644 /private/tmp/realmmesh-p6/final/build/dev-make/third_party/sodium/install/lib/libsodium.a
libtool: install: ranlib /private/tmp/realmmesh-p6/final/build/dev-make/third_party/sodium/install/lib/libsodium.a
make[4]: Nothing to be done for `install-data-am'.
make[3]: Nothing to be done for `install-exec-am'.
make[3]: Nothing to be done for `install-data-am'.
Making install in test
Making install in default
make[3]: Nothing to be done for `install-exec-am'.
make[3]: Nothing to be done for `install-data-am'.
make[3]: Nothing to be done for `install-exec-am'.
make[3]: Nothing to be done for `install-data-am'.
make[2]: Nothing to be done for `install-exec-am'.
 mkdir -p '/private/tmp/realmmesh-p6/final/build/dev-make/third_party/sodium/install/lib/pkgconfig'
 /usr/bin/install -c -m 644 libsodium.pc '/private/tmp/realmmesh-p6/final/build/dev-make/third_party/sodium/install/lib/pkgconfig'
[ 71%] No install step for 'sodium_external'
[ 71%] Completed 'sodium_external'
[ 71%] Built target sodium_external
[ 71%] Building CXX object game/common/CMakeFiles/realm_game_common.dir/src/admission_security_config.cpp.o
[ 71%] Building CXX object framework/network/CMakeFiles/realm_network.dir/src/client/http1_client_connection.cpp.o
[ 71%] Building CXX object game/common/CMakeFiles/realm_game_common.dir/src/account_store.cpp.o
[ 71%] Building CXX object framework/network/CMakeFiles/realm_network.dir/src/core/byte_buffer.cpp.o
[ 71%] Building CXX object game/common/CMakeFiles/realm_game_common.dir/src/admission_grant.cpp.o
[ 71%] Building CXX object framework/network/CMakeFiles/realm_network.dir/src/codec/length_field_codec.cpp.o
[ 71%] Building CXX object framework/network/CMakeFiles/realm_network.dir/src/client/edge_client_connection.cpp.o
[ 71%] Building CXX object game/common/CMakeFiles/realm_game_common.dir/src/base64url.cpp.o
[ 71%] Building CXX object framework/network/CMakeFiles/realm_network.dir/src/client/json_field.cpp.o
[ 71%] Building CXX object game/common/CMakeFiles/realm_game_common.dir/src/compact_jws.cpp.o
[ 72%] Building CXX object framework/network/CMakeFiles/realm_network.dir/src/client/preferred_transport_connector.cpp.o
[ 72%] Building CXX object framework/network/CMakeFiles/realm_network.dir/src/client/tls_client_stream.cpp.o
[ 72%] Building CXX object framework/network/CMakeFiles/realm_network.dir/src/client/tls_tcp_client_dialer.cpp.o
[ 72%] Building CXX object game/common/CMakeFiles/realm_game_common.dir/src/edge_protocol.cpp.o
[ 72%] Building CXX object game/common/CMakeFiles/realm_game_common.dir/src/identity_token.cpp.o
[ 72%] Building CXX object framework/network/CMakeFiles/realm_network.dir/src/reactor/event_loop_factory.cpp.o
[ 72%] Building CXX object game/common/CMakeFiles/realm_game_common.dir/src/json.cpp.o
[ 74%] Building CXX object game/common/CMakeFiles/realm_game_common.dir/src/player_data_config.cpp.o
[ 74%] Building CXX object framework/network/CMakeFiles/realm_network.dir/src/transport/transport_capabilities.cpp.o
[ 74%] Building CXX object framework/network/CMakeFiles/realm_network.dir/src/transport/transport_factory.cpp.o
[ 74%] Building CXX object framework/network/CMakeFiles/realm_network.dir/src/tcp/tcp_listener.cpp.o
[ 74%] Building CXX object framework/network/CMakeFiles/realm_network.dir/src/tcp/tcp_socket.cpp.o
[ 74%] Building CXX object game/common/CMakeFiles/realm_game_common.dir/src/player_data_config_lua.cpp.o
[ 74%] Building CXX object game/common/CMakeFiles/realm_game_common.dir/src/player_data_store.cpp.o
[ 74%] Building CXX object framework/network/CMakeFiles/realm_network.dir/src/http/http1_response.cpp.o
[ 74%] Building CXX object framework/network/CMakeFiles/realm_network.dir/src/http/http1_parser.cpp.o
[ 74%] Building CXX object game/common/CMakeFiles/realm_game_common.dir/src/queue_number_v2.cpp.o
/private/tmp/realmmesh-p6/final/game/common/src/edge_protocol.cpp:14:13: warning: enumeration values 'MessageId_INT_MIN_SENTINEL_DO_NOT_USE_' and 'MessageId_INT_MAX_SENTINEL_DO_NOT_USE_' not handled in switch [-Wswitch]
   14 |     switch (static_cast<EdgeMessageId>(value)) {
      |             ^~~~~~~~~~~~~~~~~~~~~~~~~~~~~~~~~
/private/tmp/realmmesh-p6/final/game/common/src/edge_protocol.cpp:14:13: note: add missing switch cases
   14 |     switch (static_cast<EdgeMessageId>(value)) {
      |             ^
   15 |     case edge_v1::MESSAGE_ID_C2S_HEARTBEAT_REQUEST:
   16 |     case edge_v1::MESSAGE_ID_S2C_HEARTBEAT_RESPONSE:
   17 |     case edge_v1::MESSAGE_ID_C2S_EDGE_ATTACH:
   18 |     case edge_v1::MESSAGE_ID_S2C_EDGE_ATTACH_ACCEPTED:
   19 |     case edge_v1::MESSAGE_ID_S2C_ENTER_REALM_GRANTED:
   20 |     case edge_v1::MESSAGE_ID_C2S_ENTER_REALM:
   21 |     case edge_v1::MESSAGE_ID_S2C_ENTER_REALM_ACCEPTED:
   22 |     case edge_v1::MESSAGE_ID_S2C_ERROR:
   23 |         return true;
   24 |     case edge_v1::MESSAGE_ID_UNSPECIFIED:
   25 |         return false;
   26 |     }
[ 74%] Building CXX object game/common/CMakeFiles/realm_game_common.dir/src/realm_protocol.cpp.o
1 warning generated.
[ 74%] Building CXX object game/common/CMakeFiles/realm_game_common.dir/src/session_ticket.cpp.o
[ 74%] Building CXX object framework/network/CMakeFiles/realm_network.dir/src/http/http1_response_parser.cpp.o
[ 74%] Building CXX object framework/network/CMakeFiles/realm_network.dir/src/http/http_server.cpp.o
[ 74%] Building CXX object framework/network/CMakeFiles/realm_network.dir/src/tls/tls_connection.cpp.o
[ 75%] Building CXX object framework/network/CMakeFiles/realm_network.dir/src/tls/tls_server_context.cpp.o
[ 75%] Building CXX object framework/network/CMakeFiles/realm_network.dir/src/tls/tls_tcp_transport.cpp.o
[ 75%] Building CXX object framework/network/CMakeFiles/realm_network.dir/src/quic/quic_transport.cpp.o
[ 75%] Building CXX object framework/network/CMakeFiles/realm_network.dir/src/quic/quic_transport_factory.cpp.o
[ 75%] Building CXX object framework/network/CMakeFiles/realm_network.dir/src/reactor/event_loop_kqueue.cpp.o
[ 75%] Building CXX object framework/network/CMakeFiles/realm_network.dir/src/tcp/tcp_platform_darwin.cpp.o
[ 75%] Linking CXX static library librealm_network.a
[ 75%] Built target realm_network
[ 75%] Building CXX object tests/cpp/framework/network/reactor/CMakeFiles/event_loop_test.dir/event_loop_test.cpp.o
[ 75%] Building CXX object tests/cpp/framework/network/codec/CMakeFiles/network_codec_test.dir/length_field_codec_test.cpp.o
[ 75%] Building CXX object tests/cpp/framework/network/client/CMakeFiles/json_field_test.dir/json_field_test.cpp.o
[ 75%] Building CXX object tests/cpp/framework/network/tcp/CMakeFiles/tcp_listener_test.dir/tcp_listener_test.cpp.o
[ 75%] Building CXX object framework/cluster/CMakeFiles/realm_cluster.dir/src/budget_publisher.cpp.o
[ 75%] Building CXX object tests/cpp/framework/network/client/CMakeFiles/preferred_transport_connector_test.dir/preferred_transport_connector_test.cpp.o
[ 75%] Building CXX object tests/cpp/framework/network/client/CMakeFiles/tls_tcp_client_dialer_test.dir/tls_tcp_client_dialer_test.cpp.o
[ 75%] Linking CXX static library librealm_game_common.a
[ 75%] Built target realm_game_common
[ 75%] Building CXX object tests/cpp/framework/network/transport/CMakeFiles/transport_factory_test.dir/transport_factory_test.cpp.o
/private/tmp/realmmesh-p6/final/tests/cpp/framework/network/codec/length_field_codec_test.cpp:124:18: warning: ignoring return value of function declared with 'nodiscard' attribute [-Wunused-result]
  124 |     EXPECT_THROW(codec.encode(bytes("12345")), std::length_error);
      |                  ^~~~~~~~~~~~ ~~~~~~~~~~~~~~
/private/tmp/realmmesh-p5/deps-src/googletest-src/googletest/include/gtest/gtest.h:1792:21: note: expanded from macro 'EXPECT_THROW'
 1792 |   GTEST_TEST_THROW_(statement, expected_exception, GTEST_NONFATAL_FAILURE_)
      |                     ^~~~~~~~~
/private/tmp/realmmesh-p5/deps-src/googletest-src/googletest/include/gtest/internal/gtest-internal.h:1369:54: note: expanded from macro 'GTEST_TEST_THROW_'
 1369 |       GTEST_SUPPRESS_UNREACHABLE_CODE_WARNING_BELOW_(statement);            \
      |                                                      ^~~~~~~~~
/private/tmp/realmmesh-p5/deps-src/googletest-src/googletest/include/gtest/internal/gtest-internal.h:1311:5: note: expanded from macro 'GTEST_SUPPRESS_UNREACHABLE_CODE_WARNING_BELOW_'
 1311 |     statement;                                                    \
      |     ^~~~~~~~~
[ 75%] Linking CXX executable json_field_test
[ 75%] Linking CXX executable event_loop_test
[ 75%] Linking CXX executable tls_tcp_client_dialer_test
1 warning generated.
[ 75%] Linking CXX executable tcp_listener_test
[ 77%] Linking CXX executable network_codec_test
[ 77%] Linking CXX executable preferred_transport_connector_test
[ 77%] Linking CXX executable transport_factory_test
[ 77%] Building CXX object framework/cluster/CMakeFiles/realm_cluster.dir/src/etcd_service_registry.cpp.o
[ 77%] Built target event_loop_test
[ 77%] Built target json_field_test
[ 77%] Built target preferred_transport_connector_test
[ 77%] Built target tls_tcp_client_dialer_test
[ 77%] Built target tcp_listener_test
[ 77%] Built target network_codec_test
[ 77%] Building CXX object tests/cpp/framework/network/tls/CMakeFiles/tls_tcp_transport_test.dir/tls_tcp_transport_test.cpp.o
[ 78%] Building CXX object tests/cpp/framework/network/http/CMakeFiles/http1_codec_test.dir/http1_codec_test.cpp.o
[ 78%] Building CXX object tests/cpp/framework/network/http/CMakeFiles/http_server_test.dir/http_server_test.cpp.o
[ 78%] Building CXX object tests/cpp/framework/network/http/CMakeFiles/http1_response_parser_test.dir/http1_response_parser_test.cpp.o
[ 78%] Building CXX object tests/cpp/framework/network/quic/CMakeFiles/quic_transport_test.dir/quic_transport_test.cpp.o
[ 79%] Building CXX object tests/cpp/game/common/CMakeFiles/account_store_test.dir/account_store_test.cpp.o
[ 79%] Built target transport_factory_test
[ 79%] Building CXX object tests/cpp/game/common/CMakeFiles/player_data_store_test.dir/player_data_store_test.cpp.o
[ 79%] Linking CXX executable http1_response_parser_test
[ 79%] Linking CXX executable account_store_test
[ 79%] Linking CXX executable http1_codec_test
[ 79%] Linking CXX executable http_server_test
[ 79%] Built target http1_response_parser_test
[ 79%] Building CXX object tests/cpp/game/common/CMakeFiles/admission_grant_test.dir/admission_grant_test.cpp.o
[ 79%] Built target http1_codec_test
[ 79%] Built target account_store_test
[ 81%] Building CXX object framework/cluster/CMakeFiles/realm_cluster.dir/src/service_bootstrap.cpp.o
[ 81%] Building CXX object tests/cpp/game/common/CMakeFiles/admission_security_config_test.dir/admission_security_config_test.cpp.o
[ 81%] Linking CXX executable player_data_store_test
[ 81%] Built target http_server_test
[ 81%] Building CXX object tests/cpp/game/common/CMakeFiles/base64url_test.dir/base64url_test.cpp.o
[ 81%] Linking CXX executable quic_transport_test
[ 82%] Linking CXX executable tls_tcp_transport_test
[ 82%] Building CXX object tests/cpp/game/common/CMakeFiles/compact_jws_test.dir/compact_jws_test.cpp.o
[ 82%] Built target player_data_store_test
[ 82%] Building CXX object framework/cluster/CMakeFiles/realm_cluster.dir/src/service_publisher.cpp.o
[ 82%] Linking CXX executable admission_security_config_test
[ 82%] Building CXX object framework/cluster/CMakeFiles/realm_cluster.dir/src/service_resolver.cpp.o
[ 82%] Linking CXX executable base64url_test
[ 82%] Built target quic_transport_test
[ 82%] Building CXX object tests/cpp/game/common/CMakeFiles/edge_attach_protocol_test.dir/edge_attach_protocol_test.cpp.o
[ 82%] Built target tls_tcp_transport_test
[ 82%] Building CXX object tests/cpp/game/common/CMakeFiles/realm_protocol_test.dir/realm_protocol_test.cpp.o
[ 82%] Linking CXX executable admission_grant_test
/private/tmp/realmmesh-p6/final/tests/cpp/game/common/compact_jws_test.cpp:143:9: warning: ignoring return value of function declared with 'nodiscard' attribute [-Wunused-result]
  143 |         parse_identity_seed_hex("nothex"), std::invalid_argument);
      |         ^~~~~~~~~~~~~~~~~~~~~~~ ~~~~~~~~
/private/tmp/realmmesh-p6/final/tests/cpp/game/common/compact_jws_test.cpp:145:9: warning: ignoring return value of function declared with 'nodiscard' attribute [-Wunused-result]
  145 |         parse_identity_seed_hex("9d61"), std::invalid_argument);
      |         ^~~~~~~~~~~~~~~~~~~~~~~ ~~~~~~
[ 82%] Building CXX object tests/cpp/game/common/CMakeFiles/identity_replay_guard_test.dir/identity_replay_guard_test.cpp.o
[ 82%] Built target admission_security_config_test
[ 82%] Building CXX object tests/cpp/game/common/CMakeFiles/identity_token_test.dir/identity_token_test.cpp.o
[ 82%] Built target base64url_test
2 warnings generated.
[ 82%] Building CXX object tests/cpp/game/common/CMakeFiles/json_test.dir/json_test.cpp.o
[ 82%] Linking CXX executable compact_jws_test
[ 82%] Linking CXX static library librealm_cluster.a
[ 82%] Built target realm_cluster
[ 82%] Building CXX object tests/cpp/game/common/CMakeFiles/queue_number_test.dir/queue_number_test.cpp.o
[ 82%] Built target admission_grant_test
[ 82%] Building CXX object tests/cpp/game/common/CMakeFiles/queue_number_v2_test.dir/queue_number_v2_test.cpp.o
[ 82%] Built target compact_jws_test
[ 82%] Linking CXX executable identity_replay_guard_test
[ 82%] Building CXX object tests/cpp/game/common/CMakeFiles/session_ticket_test.dir/session_ticket_test.cpp.o
[ 83%] Linking CXX executable json_test
[ 83%] Linking CXX executable edge_attach_protocol_test
[ 83%] Linking CXX executable realm_protocol_test
[ 83%] Built target identity_replay_guard_test
[ 83%] Building CXX object framework/client/CMakeFiles/realm_client.dir/src/adaptive_poller.cpp.o
[ 83%] Linking CXX executable identity_token_test
[ 83%] Linking CXX executable queue_number_test
[ 83%] Built target json_test
[ 83%] Building CXX object game/gateway/CMakeFiles/realm_gateway_service.dir/src/account_fetch_port.cpp.o
[ 83%] Linking CXX executable queue_number_v2_test
[ 83%] Built target edge_attach_protocol_test
[ 83%] Building CXX object game/login_verify/CMakeFiles/realm_login_verify_service.dir/src/login_verify_config_lua.cpp.o
[ 83%] Built target realm_protocol_test
[ 83%] Building CXX object framework/client/CMakeFiles/realm_client.dir/src/login_chain.cpp.o
[ 83%] Building CXX object framework/client/CMakeFiles/realm_client.dir/src/login_stage.cpp.o
[ 83%] Built target identity_token_test
[ 83%] Building CXX object game/queue/CMakeFiles/realm_queue_service.dir/src/queue_config_lua.cpp.o
[ 83%] Built target queue_number_test
[ 83%] Building CXX object tests/cpp/framework/cluster/CMakeFiles/service_registry_test.dir/budget_publisher_test.cpp.o
[ 83%] Building CXX object game/login_verify/CMakeFiles/realm_login_verify_service.dir/src/login_verify_dispatcher.cpp.o
[ 83%] Built target queue_number_v2_test
[ 85%] Building CXX object game/gateway/CMakeFiles/realm_gateway_service.dir/src/admission_consumption_store.cpp.o
[ 85%] Linking CXX executable session_ticket_test
[ 85%] Building CXX object framework/client/CMakeFiles/realm_client.dir/src/wire_login_transport.cpp.o
[ 85%] Building CXX object game/gateway/CMakeFiles/realm_gateway_service.dir/src/edge_session_table.cpp.o
[ 85%] Building CXX object game/login_verify/CMakeFiles/realm_login_verify_service.dir/src/login_verify_handler.cpp.o
[ 85%] Built target session_ticket_test
[ 85%] Building CXX object game/queue/CMakeFiles/realm_queue_service.dir/src/queue_core.cpp.o
[ 85%] Building CXX object game/queue/CMakeFiles/realm_queue_service.dir/src/queue_handler.cpp.o
[ 85%] Building CXX object game/login_verify/CMakeFiles/realm_login_verify_service.dir/src/login_verify_service.cpp.o
[ 85%] Building CXX object game/gateway/CMakeFiles/realm_gateway_service.dir/src/gateway_admission.cpp.o
[ 86%] Building CXX object tests/cpp/framework/cluster/CMakeFiles/service_registry_test.dir/etcd_service_registry_test.cpp.o
[ 86%] Building CXX object game/gateway/CMakeFiles/realm_gateway_service.dir/src/gateway_config_loader.cpp.o
[ 86%] Building CXX object tests/cpp/framework/cluster/CMakeFiles/service_registry_test.dir/service_registry_test.cpp.o
[ 86%] Building CXX object game/queue/CMakeFiles/realm_queue_service.dir/src/queue_service.cpp.o
[ 86%] Building CXX object game/gateway/CMakeFiles/realm_gateway_service.dir/src/gateway_config_lua.cpp.o
[ 86%] Building CXX object game/gateway/CMakeFiles/realm_gateway_service.dir/src/gateway_ingress.cpp.o
[ 86%] Linking CXX static library librealm_login_verify_service.a
[ 86%] Linking CXX static library librealm_client.a
[ 86%] Built target realm_login_verify_service
[ 86%] Built target realm_client
[ 86%] Building CXX object tests/cpp/framework/cluster/CMakeFiles/service_registry_test.dir/__/__/support/src/fake_service_registry.cpp.o
[ 86%] Building CXX object game/queue/CMakeFiles/realm_queue_service.dir/src/queue_store.cpp.o
[ 86%] Building CXX object tests/cpp/game/login_verify/CMakeFiles/login_verify_handler_test.dir/login_verify_handler_test.cpp.o
[ 86%] Building CXX object game/gateway/CMakeFiles/realm_gateway_service.dir/src/gateway_login_config.cpp.o
[ 86%] Building CXX object game/queue/CMakeFiles/realm_queue_service.dir/src/queue_ticketing.cpp.o
[ 86%] Building CXX object game/gateway/CMakeFiles/realm_gateway_service.dir/src/gateway_login_pipeline.cpp.o
/private/tmp/realmmesh-p6/final/tests/cpp/game/login_verify/login_verify_handler_test.cpp:276:5: warning: ignoring return value of function declared with 'nodiscard' attribute [-Wunused-result]
  276 |     verify(R"({"account":"player","credential":"dev"})");
      |     ^~~~~~
/private/tmp/realmmesh-p6/final/tests/cpp/game/login_verify/login_verify_handler_test.cpp:277:5: warning: ignoring return value of function declared with 'nodiscard' attribute [-Wunused-result]
  277 |     verify(R"({"account":"ghost","credential":"dev"})");
      |     ^~~~~~
/private/tmp/realmmesh-p6/final/tests/cpp/game/login_verify/login_verify_handler_test.cpp:278:5: warning: ignoring return value of function declared with 'nodiscard' attribute [-Wunused-result]
  278 |     verify(R"({"account":"banned","credential":"dev"})");
      |     ^~~~~~
/private/tmp/realmmesh-p6/final/tests/cpp/game/login_verify/login_verify_handler_test.cpp:279:5: warning: ignoring return value of function declared with 'nodiscard' attribute [-Wunused-result]
  279 |     verify(R"({"account":"outsider","credential":"dev"})");
      |     ^~~~~~
/private/tmp/realmmesh-p6/final/tests/cpp/game/login_verify/login_verify_handler_test.cpp:280:5: warning: ignoring return value of function declared with 'nodiscard' attribute [-Wunused-result]
  280 |     verify("not-json");
      |     ^~~~~~
[ 86%] Building CXX object game/gateway/CMakeFiles/realm_gateway_service.dir/src/gateway_primary_transport.cpp.o
[ 86%] Linking CXX executable service_registry_test
5 warnings generated.
[ 87%] Linking CXX executable login_verify_handler_test
[ 87%] Building CXX object tests/cpp/game/login_verify/CMakeFiles/login_verify_dispatcher_test.dir/login_verify_dispatcher_test.cpp.o
[ 87%] Building CXX object game/gateway/CMakeFiles/realm_gateway_service.dir/src/gateway_runtime.cpp.o
[ 87%] Linking CXX static library librealm_queue_service.a
[ 87%] Building CXX object tests/cpp/game/login_verify/CMakeFiles/login_verify_service_test.dir/login_verify_service_test.cpp.o
[ 87%] Built target realm_queue_service
[ 87%] Building CXX object tools/loadgen/CMakeFiles/realm_loadgen_core.dir/src/stats.cpp.o
[ 87%] Built target service_registry_test
[ 87%] Building CXX object tests/cpp/framework/client/CMakeFiles/adaptive_poller_test.dir/adaptive_poller_test.cpp.o
[ 87%] Built target login_verify_handler_test
[ 87%] Building CXX object tests/cpp/framework/client/CMakeFiles/login_chain_test.dir/login_chain_test.cpp.o
[ 89%] Building CXX object tools/loadgen/CMakeFiles/realm_loadgen_core.dir/src/metrics_scrape.cpp.o
[ 89%] Linking CXX executable login_verify_dispatcher_test
[ 89%] Building CXX object tests/cpp/framework/client/CMakeFiles/wire_login_transport_test.dir/wire_login_transport_test.cpp.o
[ 89%] Building CXX object tools/loadgen/CMakeFiles/realm_loadgen_core.dir/src/login_chain_adapter.cpp.o
[ 89%] Linking CXX executable adaptive_poller_test
[ 89%] Linking CXX executable login_verify_service_test
[ 89%] Building CXX object tools/loadgen/CMakeFiles/realm_loadgen_core.dir/src/login_chain_metrics.cpp.o
[ 89%] Built target login_verify_dispatcher_test
[ 89%] Building CXX object tests/cpp/game/queue/CMakeFiles/queue_handler_test.dir/queue_handler_test.cpp.o
[ 89%] Linking CXX static library librealm_gateway_service.a
[ 89%] Built target adaptive_poller_test
[ 89%] Built target realm_gateway_service
[ 90%] Building CXX object tests/cpp/game/queue/CMakeFiles/queue_core_test.dir/queue_core_test.cpp.o
[ 91%] Building CXX object tests/cpp/game/queue/CMakeFiles/queue_store_test.dir/queue_store_test.cpp.o
[ 91%] Linking CXX executable login_chain_test
[ 91%] Building CXX object tools/loadgen/CMakeFiles/realm_loadgen_core.dir/src/loadgen.cpp.o
[ 91%] Built target login_verify_service_test
[ 91%] Building CXX object tests/cpp/game/queue/CMakeFiles/queue_store_etcd_integration_test.dir/queue_store_etcd_integration_test.cpp.o
[ 91%] Building CXX object tests/cpp/game/queue/CMakeFiles/queue_ticketing_test.dir/queue_ticketing_test.cpp.o
[ 91%] Built target login_chain_test
[ 91%] Building CXX object tests/cpp/game/queue/CMakeFiles/queue_service_test.dir/queue_service_test.cpp.o
[ 93%] Linking CXX executable wire_login_transport_test
[ 93%] Linking CXX static library librealm_loadgen_core.a
[ 93%] Linking CXX executable queue_handler_test
/private/tmp/realmmesh-p6/final/tests/cpp/game/queue/queue_store_test.cpp:464:18: warning: ignoring return value of function declared with 'nodiscard' attribute [-Wunused-result]
  464 |     EXPECT_THROW(store.load_snapshot(), std::runtime_error);
      |                  ^~~~~~~~~~~~~~~~~~~
/private/tmp/realmmesh-p5/deps-src/googletest-src/googletest/include/gtest/gtest.h:1792:21: note: expanded from macro 'EXPECT_THROW'
 1792 |   GTEST_TEST_THROW_(statement, expected_exception, GTEST_NONFATAL_FAILURE_)
      |                     ^~~~~~~~~
/private/tmp/realmmesh-p5/deps-src/googletest-src/googletest/include/gtest/internal/gtest-internal.h:1369:54: note: expanded from macro 'GTEST_TEST_THROW_'
 1369 |       GTEST_SUPPRESS_UNREACHABLE_CODE_WARNING_BELOW_(statement);            \
      |                                                      ^~~~~~~~~
/private/tmp/realmmesh-p5/deps-src/googletest-src/googletest/include/gtest/internal/gtest-internal.h:1311:5: note: expanded from macro 'GTEST_SUPPRESS_UNREACHABLE_CODE_WARNING_BELOW_'
 1311 |     statement;                                                    \
      |     ^~~~~~~~~
/private/tmp/realmmesh-p6/final/tests/cpp/game/queue/queue_store_test.cpp:473:18: warning: ignoring return value of function declared with 'nodiscard' attribute [-Wunused-result]
  473 |     EXPECT_THROW(store.load_snapshot(), std::runtime_error);
      |                  ^~~~~~~~~~~~~~~~~~~
/private/tmp/realmmesh-p5/deps-src/googletest-src/googletest/include/gtest/gtest.h:1792:21: note: expanded from macro 'EXPECT_THROW'
 1792 |   GTEST_TEST_THROW_(statement, expected_exception, GTEST_NONFATAL_FAILURE_)
      |                     ^~~~~~~~~
/private/tmp/realmmesh-p5/deps-src/googletest-src/googletest/include/gtest/internal/gtest-internal.h:1369:54: note: expanded from macro 'GTEST_TEST_THROW_'
 1369 |       GTEST_SUPPRESS_UNREACHABLE_CODE_WARNING_BELOW_(statement);            \
      |                                                      ^~~~~~~~~
/private/tmp/realmmesh-p5/deps-src/googletest-src/googletest/include/gtest/internal/gtest-internal.h:1311:5: note: expanded from macro 'GTEST_SUPPRESS_UNREACHABLE_CODE_WARNING_BELOW_'
 1311 |     statement;                                                    \
      |     ^~~~~~~~~
/private/tmp/realmmesh-p6/final/tests/cpp/game/queue/queue_store_test.cpp:483:18: warning: ignoring return value of function declared with 'nodiscard' attribute [-Wunused-result]
  483 |     EXPECT_THROW(store.load_snapshot(), std::runtime_error);
      |                  ^~~~~~~~~~~~~~~~~~~
/private/tmp/realmmesh-p5/deps-src/googletest-src/googletest/include/gtest/gtest.h:1792:21: note: expanded from macro 'EXPECT_THROW'
 1792 |   GTEST_TEST_THROW_(statement, expected_exception, GTEST_NONFATAL_FAILURE_)
      |                     ^~~~~~~~~
/private/tmp/realmmesh-p5/deps-src/googletest-src/googletest/include/gtest/internal/gtest-internal.h:1369:54: note: expanded from macro 'GTEST_TEST_THROW_'
 1369 |       GTEST_SUPPRESS_UNREACHABLE_CODE_WARNING_BELOW_(statement);            \
      |                                                      ^~~~~~~~~
/private/tmp/realmmesh-p5/deps-src/googletest-src/googletest/include/gtest/internal/gtest-internal.h:1311:5: note: expanded from macro 'GTEST_SUPPRESS_UNREACHABLE_CODE_WARNING_BELOW_'
 1311 |     statement;                                                    \
      |     ^~~~~~~~~
/private/tmp/realmmesh-p6/final/tests/cpp/game/queue/queue_store_test.cpp:493:18: warning: ignoring return value of function declared with 'nodiscard' attribute [-Wunused-result]
  493 |     EXPECT_THROW(store.load_snapshot(), std::runtime_error);
      |                  ^~~~~~~~~~~~~~~~~~~
/private/tmp/realmmesh-p5/deps-src/googletest-src/googletest/include/gtest/gtest.h:1792:21: note: expanded from macro 'EXPECT_THROW'
 1792 |   GTEST_TEST_THROW_(statement, expected_exception, GTEST_NONFATAL_FAILURE_)
      |                     ^~~~~~~~~
/private/tmp/realmmesh-p5/deps-src/googletest-src/googletest/include/gtest/internal/gtest-internal.h:1369:54: note: expanded from macro 'GTEST_TEST_THROW_'
 1369 |       GTEST_SUPPRESS_UNREACHABLE_CODE_WARNING_BELOW_(statement);            \
      |                                                      ^~~~~~~~~
/private/tmp/realmmesh-p5/deps-src/googletest-src/googletest/include/gtest/internal/gtest-internal.h:1311:5: note: expanded from macro 'GTEST_SUPPRESS_UNREACHABLE_CODE_WARNING_BELOW_'
 1311 |     statement;                                                    \
      |     ^~~~~~~~~
/private/tmp/realmmesh-p6/final/tests/cpp/game/queue/queue_store_test.cpp:499:18: warning: ignoring return value of function declared with 'nodiscard' attribute [-Wunused-result]
  499 |     EXPECT_THROW(inconsistent_store.load_snapshot(), std::runtime_error);
      |                  ^~~~~~~~~~~~~~~~~~~~~~~~~~~~~~~~
/private/tmp/realmmesh-p5/deps-src/googletest-src/googletest/include/gtest/gtest.h:1792:21: note: expanded from macro 'EXPECT_THROW'
 1792 |   GTEST_TEST_THROW_(statement, expected_exception, GTEST_NONFATAL_FAILURE_)
      |                     ^~~~~~~~~
/private/tmp/realmmesh-p5/deps-src/googletest-src/googletest/include/gtest/internal/gtest-internal.h:1369:54: note: expanded from macro 'GTEST_TEST_THROW_'
 1369 |       GTEST_SUPPRESS_UNREACHABLE_CODE_WARNING_BELOW_(statement);            \
      |                                                      ^~~~~~~~~
/private/tmp/realmmesh-p5/deps-src/googletest-src/googletest/include/gtest/internal/gtest-internal.h:1311:5: note: expanded from macro 'GTEST_SUPPRESS_UNREACHABLE_CODE_WARNING_BELOW_'
 1311 |     statement;                                                    \
      |     ^~~~~~~~~
/private/tmp/realmmesh-p6/final/tests/cpp/game/queue/queue_store_test.cpp:504:18: warning: ignoring return value of function declared with 'nodiscard' attribute [-Wunused-result]
  504 |     EXPECT_THROW(malformed_store.load_snapshot(), std::runtime_error);
      |                  ^~~~~~~~~~~~~~~~~~~~~~~~~~~~~
/private/tmp/realmmesh-p5/deps-src/googletest-src/googletest/include/gtest/gtest.h:1792:21: note: expanded from macro 'EXPECT_THROW'
 1792 |   GTEST_TEST_THROW_(statement, expected_exception, GTEST_NONFATAL_FAILURE_)
      |                     ^~~~~~~~~
/private/tmp/realmmesh-p5/deps-src/googletest-src/googletest/include/gtest/internal/gtest-internal.h:1369:54: note: expanded from macro 'GTEST_TEST_THROW_'
 1369 |       GTEST_SUPPRESS_UNREACHABLE_CODE_WARNING_BELOW_(statement);            \
      |                                                      ^~~~~~~~~
/private/tmp/realmmesh-p5/deps-src/googletest-src/googletest/include/gtest/internal/gtest-internal.h:1311:5: note: expanded from macro 'GTEST_SUPPRESS_UNREACHABLE_CODE_WARNING_BELOW_'
 1311 |     statement;                                                    \
      |     ^~~~~~~~~
/private/tmp/realmmesh-p6/final/tests/cpp/game/queue/queue_store_test.cpp:510:18: warning: ignoring return value of function declared with 'nodiscard' attribute [-Wunused-result]
  510 |     EXPECT_THROW(missing_field_store.load_snapshot(), std::runtime_error);
      |                  ^~~~~~~~~~~~~~~~~~~~~~~~~~~~~~~~~
/private/tmp/realmmesh-p5/deps-src/googletest-src/googletest/include/gtest/gtest.h:1792:21: note: expanded from macro 'EXPECT_THROW'
 1792 |   GTEST_TEST_THROW_(statement, expected_exception, GTEST_NONFATAL_FAILURE_)
      |                     ^~~~~~~~~
/private/tmp/realmmesh-p5/deps-src/googletest-src/googletest/include/gtest/internal/gtest-internal.h:1369:54: note: expanded from macro 'GTEST_TEST_THROW_'
 1369 |       GTEST_SUPPRESS_UNREACHABLE_CODE_WARNING_BELOW_(statement);            \
      |                                                      ^~~~~~~~~
/private/tmp/realmmesh-p5/deps-src/googletest-src/googletest/include/gtest/internal/gtest-internal.h:1311:5: note: expanded from macro 'GTEST_SUPPRESS_UNREACHABLE_CODE_WARNING_BELOW_'
 1311 |     statement;                                                    \
      |     ^~~~~~~~~
/private/tmp/realmmesh-p6/final/tests/cpp/game/queue/queue_store_test.cpp:516:18: warning: ignoring return value of function declared with 'nodiscard' attribute [-Wunused-result]
  516 |     EXPECT_THROW(gap_store.load_snapshot(), std::runtime_error);
      |                  ^~~~~~~~~~~~~~~~~~~~~~~
/private/tmp/realmmesh-p5/deps-src/googletest-src/googletest/include/gtest/gtest.h:1792:21: note: expanded from macro 'EXPECT_THROW'
 1792 |   GTEST_TEST_THROW_(statement, expected_exception, GTEST_NONFATAL_FAILURE_)
      |                     ^~~~~~~~~
/private/tmp/realmmesh-p5/deps-src/googletest-src/googletest/include/gtest/internal/gtest-internal.h:1369:54: note: expanded from macro 'GTEST_TEST_THROW_'
 1369 |       GTEST_SUPPRESS_UNREACHABLE_CODE_WARNING_BELOW_(statement);            \
      |                                                      ^~~~~~~~~
/private/tmp/realmmesh-p5/deps-src/googletest-src/googletest/include/gtest/internal/gtest-internal.h:1311:5: note: expanded from macro 'GTEST_SUPPRESS_UNREACHABLE_CODE_WARNING_BELOW_'
 1311 |     statement;                                                    \
      |     ^~~~~~~~~
/private/tmp/realmmesh-p6/final/tests/cpp/game/queue/queue_store_test.cpp:524:9: warning: ignoring return value of function declared with 'nodiscard' attribute [-Wunused-result]
  524 |         malformed_batch_store.load_snapshot(), std::runtime_error);
      |         ^~~~~~~~~~~~~~~~~~~~~~~~~~~~~~~~~~~
/private/tmp/realmmesh-p5/deps-src/googletest-src/googletest/include/gtest/gtest.h:1792:21: note: expanded from macro 'EXPECT_THROW'
 1792 |   GTEST_TEST_THROW_(statement, expected_exception, GTEST_NONFATAL_FAILURE_)
      |                     ^~~~~~~~~
/private/tmp/realmmesh-p5/deps-src/googletest-src/googletest/include/gtest/internal/gtest-internal.h:1369:54: note: expanded from macro 'GTEST_TEST_THROW_'
 1369 |       GTEST_SUPPRESS_UNREACHABLE_CODE_WARNING_BELOW_(statement);            \
      |                                                      ^~~~~~~~~
/private/tmp/realmmesh-p5/deps-src/googletest-src/googletest/include/gtest/internal/gtest-internal.h:1311:5: note: expanded from macro 'GTEST_SUPPRESS_UNREACHABLE_CODE_WARNING_BELOW_'
 1311 |     statement;                                                    \
      |     ^~~~~~~~~
[ 93%] Built target realm_loadgen_core
[ 93%] Building CXX object game/realm/CMakeFiles/realm_game_realm.dir/src/character_name.cpp.o
[ 93%] Linking CXX executable queue_core_test
[ 93%] Building CXX object game/realm/CMakeFiles/realm_game_realm.dir/src/realm_config_lua.cpp.o
[ 93%] Built target wire_login_transport_test
[ 93%] Building CXX object tools/loadgen/CMakeFiles/realm_mesh_loadgen.dir/main.cpp.o
[ 93%] Built target queue_handler_test
[ 93%] Linking CXX executable queue_store_etcd_integration_test
[ 94%] Building CXX object tests/cpp/game/gateway/CMakeFiles/gateway_runtime_test.dir/gateway_runtime_test.cpp.o
[ 94%] Linking CXX executable queue_ticketing_test
[ 94%] Built target queue_core_test
[ 94%] Building CXX object tests/cpp/game/gateway/CMakeFiles/edge_session_table_test.dir/edge_session_table_test.cpp.o
[ 94%] Linking CXX executable queue_service_test
9 warnings generated.
[ 94%] Linking CXX executable queue_store_test
[ 94%] Built target queue_store_etcd_integration_test
[ 94%] Building CXX object game/realm/CMakeFiles/realm_game_realm.dir/src/realm_sessions.cpp.o
[ 94%] Linking CXX executable ../../bin/realm_mesh_loadgen
[ 94%] Built target queue_ticketing_test
[ 94%] Building CXX object tests/cpp/game/gateway/CMakeFiles/gateway_primary_transport_test.dir/gateway_primary_transport_test.cpp.o
[ 94%] Built target realm_mesh_loadgen
[ 94%] Building CXX object tests/cpp/game/gateway/CMakeFiles/gateway_headers_test.dir/gateway_headers_test.cpp.o
[ 94%] Building CXX object game/realm/CMakeFiles/realm_game_realm.dir/src/training_rule.cpp.o
[ 94%] Built target queue_service_test
[ 94%] Building CXX object tests/cpp/game/gateway/CMakeFiles/account_fetch_port_test.dir/account_fetch_port_test.cpp.o
[ 94%] Built target queue_store_test
[ 94%] Building CXX object tests/cpp/game/gateway/CMakeFiles/admission_consumption_store_test.dir/admission_consumption_store_test.cpp.o
[ 94%] Linking CXX executable edge_session_table_test
[ 94%] Linking CXX executable gateway_runtime_test
[ 94%] Built target edge_session_table_test
[ 94%] Building CXX object tests/cpp/game/gateway/CMakeFiles/gateway_admission_test.dir/gateway_admission_test.cpp.o
[ 94%] Building CXX object tests/cpp/game/gateway/CMakeFiles/gateway_login_config_test.dir/gateway_login_config_test.cpp.o
[ 94%] Linking CXX executable account_fetch_port_test
[ 94%] Built target gateway_runtime_test
[ 94%] Linking CXX executable gateway_headers_test
[ 94%] Building CXX object tests/cpp/game/gateway/CMakeFiles/gateway_ingress_test.dir/gateway_ingress_test.cpp.o
[ 94%] Linking CXX executable gateway_primary_transport_test
[ 94%] Linking CXX static library librealm_game_realm.a
[ 94%] Built target realm_game_realm
[ 94%] Building CXX object tests/cpp/game/gateway/CMakeFiles/gateway_login_pipeline_test.dir/gateway_login_pipeline_test.cpp.o
[ 94%] Built target account_fetch_port_test
[ 94%] Building CXX object tests/cpp/game/gateway/CMakeFiles/gateway_ingress_throttle_test.dir/gateway_ingress_throttle_test.cpp.o
[ 95%] Linking CXX executable gateway_admission_test
[ 95%] Linking CXX executable admission_consumption_store_test
[ 95%] Built target gateway_headers_test
[ 95%] Built target gateway_primary_transport_test
[ 95%] Building CXX object tests/cpp/game/realm/CMakeFiles/character_name_test.dir/character_name_test.cpp.o
[ 95%] Building CXX object tests/cpp/game/realm/CMakeFiles/training_rule_test.dir/training_rule_test.cpp.o
[ 95%] Built target gateway_admission_test
[ 95%] Building CXX object tests/cpp/game/realm/CMakeFiles/realm_sessions_test.dir/realm_sessions_test.cpp.o
[ 95%] Built target admission_consumption_store_test
[ 95%] Building CXX object tests/cpp/tools/loadgen/CMakeFiles/loadgen_core_test.dir/loadgen_core_test.cpp.o
[ 95%] Linking CXX executable gateway_ingress_test
[ 95%] Linking CXX executable character_name_test
[ 95%] Linking CXX executable training_rule_test
[ 95%] Linking CXX executable gateway_login_config_test
ld: warning: ignoring duplicate libraries: '../../../../framework/scripting/librealm_scripting.a'
[ 95%] Linking CXX executable gateway_ingress_throttle_test
[ 95%] Built target character_name_test
[ 95%] Built target gateway_ingress_test
[ 95%] Building CXX object tests/cpp/tools/loadgen/CMakeFiles/loadgen_login_chain_test.dir/login_chain_adapter_test.cpp.o
[ 95%] Building CXX object tests/cpp/tools/loadgen/CMakeFiles/metrics_scrape_test.dir/metrics_scrape_test.cpp.o
[ 95%] Linking CXX executable loadgen_core_test
[ 95%] Built target training_rule_test
[ 95%] Building CXX object framework/service_host/CMakeFiles/realm_service_host.dir/src/layered_config_loader.cpp.o
[ 95%] Built target gateway_login_config_test
[ 95%] Building CXX object framework/service_host/CMakeFiles/realm_service_host.dir/src/mesh_host.cpp.o
[ 95%] Linking CXX executable gateway_login_pipeline_test
[ 95%] Built target gateway_ingress_throttle_test
[ 95%] Building CXX object framework/service_host/CMakeFiles/realm_service_host.dir/src/service_frame.cpp.o
[ 95%] Linking CXX executable realm_sessions_test
[ 95%] Built target loadgen_core_test
[ 95%] Building CXX object framework/service_host/CMakeFiles/realm_service_host.dir/src/service_host.cpp.o
[ 95%] Linking CXX executable metrics_scrape_test
[ 95%] Linking CXX executable loadgen_login_chain_test
[ 95%] Built target gateway_login_pipeline_test
[ 95%] Building CXX object framework/service_host/CMakeFiles/realm_service_host.dir/src/startup_topology.cpp.o
[ 95%] Built target metrics_scrape_test
[ 95%] Building CXX object framework/service_host/CMakeFiles/realm_service_host.dir/src/startup_topology_lua.cpp.o
[ 95%] Built target realm_sessions_test
[ 95%] Built target loadgen_login_chain_test
[ 95%] Linking CXX static library librealm_service_host.a
[ 95%] Built target realm_service_host
[ 95%] Building CXX object apps/mesh_host/CMakeFiles/realm_mesh.dir/main.cpp.o
[ 97%] Building CXX object tests/cpp/framework/service_host/CMakeFiles/load_topology_test.dir/load_topology_test.cpp.o
[ 97%] Building CXX object tests/cpp/game/gateway/CMakeFiles/gateway_server_test.dir/gateway_server_test.cpp.o
[ 98%] Building CXX object tests/cpp/framework/service_host/CMakeFiles/config_headers_test.dir/config_headers_test.cpp.o
[ 98%] Building CXX object tests/cpp/tools/loadgen/CMakeFiles/loadgen_integration_test.dir/loadgen_integration_test.cpp.o
[ 98%] Building CXX object tests/cpp/framework/service_host/CMakeFiles/configs_load_smoke_test.dir/configs_load_smoke_test.cpp.o
[ 98%] Building CXX object tests/cpp/framework/client/CMakeFiles/wire_login_transport_integration_test.dir/wire_login_transport_integration_test.cpp.o
[ 98%] Building CXX object tests/cpp/framework/service_host/CMakeFiles/service_host_test.dir/layered_config_loader_test.cpp.o
[ 98%] Linking CXX executable load_topology_test
/private/tmp/realmmesh-p6/final/tests/cpp/game/gateway/gateway_server_test.cpp:261:13: warning: ignoring return value of function declared with 'nodiscard' attribute [-Wunused-result]
  261 |             service_host::LayeredConfigLoader::load(
      |             ^~~~~~~~~~~~~~~~~~~~~~~~~~~~~~~~~~~~~~~
/private/tmp/realmmesh-p5/deps-src/googletest-src/googletest/include/gtest/gtest.h:1792:21: note: expanded from macro 'EXPECT_THROW'
 1792 |   GTEST_TEST_THROW_(statement, expected_exception, GTEST_NONFATAL_FAILURE_)
      |                     ^~~~~~~~~
/private/tmp/realmmesh-p5/deps-src/googletest-src/googletest/include/gtest/internal/gtest-internal.h:1369:54: note: expanded from macro 'GTEST_TEST_THROW_'
 1369 |       GTEST_SUPPRESS_UNREACHABLE_CODE_WARNING_BELOW_(statement);            \
      |                                                      ^~~~~~~~~
/private/tmp/realmmesh-p5/deps-src/googletest-src/googletest/include/gtest/internal/gtest-internal.h:1311:5: note: expanded from macro 'GTEST_SUPPRESS_UNREACHABLE_CODE_WARNING_BELOW_'
 1311 |     statement;                                                    \
      |     ^~~~~~~~~
/private/tmp/realmmesh-p6/final/tests/cpp/game/gateway/gateway_server_test.cpp:272:13: warning: ignoring return value of function declared with 'nodiscard' attribute [-Wunused-result]
  272 |             service_host::LayeredConfigLoader::load(
      |             ^~~~~~~~~~~~~~~~~~~~~~~~~~~~~~~~~~~~~~~
/private/tmp/realmmesh-p5/deps-src/googletest-src/googletest/include/gtest/gtest.h:1792:21: note: expanded from macro 'EXPECT_THROW'
 1792 |   GTEST_TEST_THROW_(statement, expected_exception, GTEST_NONFATAL_FAILURE_)
      |                     ^~~~~~~~~
/private/tmp/realmmesh-p5/deps-src/googletest-src/googletest/include/gtest/internal/gtest-internal.h:1369:54: note: expanded from macro 'GTEST_TEST_THROW_'
 1369 |       GTEST_SUPPRESS_UNREACHABLE_CODE_WARNING_BELOW_(statement);            \
      |                                                      ^~~~~~~~~
/private/tmp/realmmesh-p5/deps-src/googletest-src/googletest/include/gtest/internal/gtest-internal.h:1311:5: note: expanded from macro 'GTEST_SUPPRESS_UNREACHABLE_CODE_WARNING_BELOW_'
 1311 |     statement;                                                    \
      |     ^~~~~~~~~
/private/tmp/realmmesh-p6/final/tests/cpp/game/gateway/gateway_server_test.cpp:290:9: warning: ignoring return value of function declared with 'nodiscard' attribute [-Wunused-result]
  290 |         service_host::LayeredConfigLoader::load(configs.path(), "gateway"),
      |         ^~~~~~~~~~~~~~~~~~~~~~~~~~~~~~~~~~~~~~~
/private/tmp/realmmesh-p5/deps-src/googletest-src/googletest/include/gtest/gtest.h:1792:21: note: expanded from macro 'EXPECT_THROW'
 1792 |   GTEST_TEST_THROW_(statement, expected_exception, GTEST_NONFATAL_FAILURE_)
      |                     ^~~~~~~~~
/private/tmp/realmmesh-p5/deps-src/googletest-src/googletest/include/gtest/internal/gtest-internal.h:1369:54: note: expanded from macro 'GTEST_TEST_THROW_'
 1369 |       GTEST_SUPPRESS_UNREACHABLE_CODE_WARNING_BELOW_(statement);            \
      |                                                      ^~~~~~~~~
/private/tmp/realmmesh-p5/deps-src/googletest-src/googletest/include/gtest/internal/gtest-internal.h:1311:5: note: expanded from macro 'GTEST_SUPPRESS_UNREACHABLE_CODE_WARNING_BELOW_'
 1311 |     statement;                                                    \
      |     ^~~~~~~~~
[ 98%] Linking CXX executable ../../bin/realm_mesh
[ 98%] Built target load_topology_test
[100%] Building CXX object tests/cpp/framework/service_host/CMakeFiles/service_host_test.dir/mesh_host_e2e_test.cpp.o
[100%] Building CXX object tests/cpp/framework/service_host/CMakeFiles/service_host_test.dir/mesh_host_test.cpp.o
[100%] Built target realm_mesh
[100%] Building CXX object tests/cpp/framework/service_host/CMakeFiles/service_host_test.dir/mode2_test.cpp.o
3 warnings generated.
[100%] Linking CXX executable gateway_server_test
[100%] Linking CXX executable config_headers_test
[100%] Linking CXX executable configs_load_smoke_test
ld: warning: ignoring duplicate libraries: '../../../../framework/scripting/librealm_scripting.a'
[100%] Built target config_headers_test
[100%] Linking CXX executable wire_login_transport_integration_test
[100%] Building CXX object tests/cpp/game/common/CMakeFiles/new_chain_flow_test.dir/new_chain_flow_test.cpp.o
ld: warning: ignoring duplicate libraries: '../../../../game/common/librealm_game_common.a'
[100%] Built target gateway_server_test
[100%] Building CXX object tests/cpp/framework/service_host/CMakeFiles/service_host_test.dir/observability_artifacts_test.cpp.o
[100%] Built target configs_load_smoke_test
[100%] Building CXX object tests/cpp/game/queue/CMakeFiles/queue_process_restart_test.dir/queue_process_restart_test.cpp.o
[100%] Built target wire_login_transport_integration_test
[100%] Building CXX object tests/cpp/framework/service_host/CMakeFiles/service_host_test.dir/service_frame_edge_budget_test.cpp.o
[100%] Building CXX object tests/cpp/framework/service_host/CMakeFiles/service_host_test.dir/service_frame_realm_enter_test.cpp.o
[100%] Building CXX object tests/cpp/framework/service_host/CMakeFiles/service_host_test.dir/service_host_test.cpp.o
[100%] Building CXX object tests/cpp/framework/service_host/CMakeFiles/service_host_test.dir/startup_topology_test.cpp.o
[100%] Linking CXX executable loadgen_integration_test
[100%] Linking CXX executable queue_process_restart_test
[100%] Linking CXX executable new_chain_flow_test
ld: warning: ignoring duplicate libraries: '../../../../framework/cluster/librealm_cluster.a', '../../../../framework/network/librealm_network.a', '../../../../game/common/librealm_game_common.a'
[100%] Building CXX object tests/cpp/framework/service_host/CMakeFiles/service_host_test.dir/__/__/support/src/fake_service_registry.cpp.o
[100%] Building CXX object tests/cpp/game/realm/CMakeFiles/realm_journey_test.dir/realm_journey_test.cpp.o
[100%] Built target loadgen_integration_test
[100%] Built target queue_process_restart_test
[100%] Built target new_chain_flow_test
[100%] Linking CXX executable realm_journey_test
[100%] Linking CXX executable service_host_test
[100%] Built target realm_journey_test
[100%] Built target service_host_test
Test project /private/tmp/realmmesh-p6/final/build/dev-make
        Start   1: NetBackendSwitchTest
  1/666 Test   #1: NetBackendSwitchTest ...................................................................................   Passed    0.05 sec
        Start   2: DependencyIsolationTest
  2/666 Test   #2: DependencyIsolationTest ................................................................................   Passed    1.35 sec
        Start   3: BuildGraphTest
  3/666 Test   #3: BuildGraphTest .........................................................................................   Passed    2.24 sec
        Start   4: CompilerCacheCISummaryTest
  4/666 Test   #4: CompilerCacheCISummaryTest .............................................................................   Passed    0.50 sec
        Start   5: CompilerCacheConfigTest
  5/666 Test   #5: CompilerCacheConfigTest ................................................................................   Passed    4.23 sec
        Start   6: CompilerCacheNativeTest
  6/666 Test   #6: CompilerCacheNativeTest ................................................................................   Passed   22.02 sec
        Start   7: DevServicesScriptTest.StartUsesSupervisor
  7/666 Test   #7: DevServicesScriptTest.StartUsesSupervisor ..............................................................   Passed    5.06 sec
        Start   8: DevServicesScriptTest.UnreadyRealmBlocksDependents
  8/666 Test   #8: DevServicesScriptTest.UnreadyRealmBlocksDependents .....................................................   Passed    2.81 sec
        Start   9: DevServicesScriptTest.ChildFailureStopsGroup
  9/666 Test   #9: DevServicesScriptTest.ChildFailureStopsGroup ...........................................................   Passed    3.29 sec
        Start  10: DevServicesScriptTest.StopIsReverseOrdered
 10/666 Test  #10: DevServicesScriptTest.StopIsReverseOrdered .............................................................   Passed    4.46 sec
        Start  11: DevServicesScriptTest.StopDuringProcessChecks
 11/666 Test  #11: DevServicesScriptTest.StopDuringProcessChecks ..........................................................   Passed    4.45 sec
        Start  12: DevServicesScriptTest.StopDuringStartup
 12/666 Test  #12: DevServicesScriptTest.StopDuringStartup ................................................................   Passed    2.94 sec
        Start  13: DevServicesScriptTest.CommandsManageServiceGroup
 13/666 Test  #13: DevServicesScriptTest.CommandsManageServiceGroup .......................................................   Passed    6.23 sec
        Start  14: DevServicesScriptTest.NewChainFlowUsesServiceGroup
 14/666 Test  #14: DevServicesScriptTest.NewChainFlowUsesServiceGroup .....................................................   Passed    4.39 sec
        Start  15: DevServicesScriptTest.FourProcessFullRepeats
 15/666 Test  #15: DevServicesScriptTest.FourProcessFullRepeats ...........................................................   Passed    8.99 sec
        Start  16: DevServicesScriptTest.FourProcessFailureRecovery
 16/666 Test  #16: DevServicesScriptTest.FourProcessFailureRecovery .......................................................   Passed   53.37 sec
        Start  17: LinuxAcceptanceScriptTest.PlanDescribesEveryMilestone
 17/666 Test  #17: LinuxAcceptanceScriptTest.PlanDescribesEveryMilestone ..................................................   Passed    0.05 sec
        Start  18: BuildDirScriptTest.PresetEntriesResolveRecordedBuildDirs
 18/666 Test  #18: BuildDirScriptTest.PresetEntriesResolveRecordedBuildDirs ...............................................   Passed    3.16 sec
        Start  19: TestFastScriptTest.FastEntryWatchAndJobsBudget
 19/666 Test  #19: TestFastScriptTest.FastEntryWatchAndJobsBudget .........................................................   Passed   15.62 sec
        Start  20: FrameSchedulerTest.RejectsZeroTickRate
 20/666 Test  #20: FrameSchedulerTest.RejectsZeroTickRate .................................................................   Passed    0.01 sec
        Start  21: FrameSchedulerTest.AdvancesFramesUsingFixedDeadlines
 21/666 Test  #21: FrameSchedulerTest.AdvancesFramesUsingFixedDeadlines ...................................................   Passed    0.00 sec
        Start  22: BoundedQueueTest.RejectsZeroCapacity
 22/666 Test  #22: BoundedQueueTest.RejectsZeroCapacity ...................................................................   Passed    0.01 sec
        Start  23: BoundedQueueTest.PreservesFifoOrderAndRejectsOverflow
 23/666 Test  #23: BoundedQueueTest.PreservesFifoOrderAndRejectsOverflow ..................................................   Passed    0.00 sec
        Start  24: BoundedWorkPoolTest.RejectsZeroWorkersOrCapacity
 24/666 Test  #24: BoundedWorkPoolTest.RejectsZeroWorkersOrCapacity .......................................................   Passed    0.01 sec
        Start  25: BoundedWorkPoolTest.DeliversResultsTaggedWithSubmissionId
 25/666 Test  #25: BoundedWorkPoolTest.DeliversResultsTaggedWithSubmissionId ..............................................   Passed    0.00 sec
        Start  26: BoundedWorkPoolTest.RunsJobsConcurrentlyAcrossWorkers
 26/666 Test  #26: BoundedWorkPoolTest.RunsJobsConcurrentlyAcrossWorkers ..................................................   Passed    0.00 sec
        Start  27: BoundedWorkPoolTest.CapacityCountsQueuedRunningAndUndrainedWork
 27/666 Test  #27: BoundedWorkPoolTest.CapacityCountsQueuedRunningAndUndrainedWork ........................................   Passed    0.00 sec
        Start  28: BoundedWorkPoolTest.CancelledQueuedJobNeverRunsAndFreesItsSlot
 28/666 Test  #28: BoundedWorkPoolTest.CancelledQueuedJobNeverRunsAndFreesItsSlot .........................................   Passed    0.00 sec
        Start  29: BoundedWorkPoolTest.CancelledRunningJobHoldsSlotUntilItFinishesAndDropsResult
 29/666 Test  #29: BoundedWorkPoolTest.CancelledRunningJobHoldsSlotUntilItFinishesAndDropsResult ..........................   Passed    0.01 sec
        Start  30: BoundedWorkPoolTest.CancelDropsUndrainedResult
 30/666 Test  #30: BoundedWorkPoolTest.CancelDropsUndrainedResult .........................................................   Passed    0.06 sec
        Start  31: BoundedWorkPoolTest.StoppedPoolRejectsSubmissions
 31/666 Test  #31: BoundedWorkPoolTest.StoppedPoolRejectsSubmissions ......................................................   Passed    0.00 sec
        Start  32: LuaRuntimeTest.CallsLuaAndBoundCppFunctions
 32/666 Test  #32: LuaRuntimeTest.CallsLuaAndBoundCppFunctions ............................................................   Passed    0.01 sec
        Start  33: LuaRuntimeTest.KeepsTheOldModuleWhenAHotReloadFails
 33/666 Test  #33: LuaRuntimeTest.KeepsTheOldModuleWhenAHotReloadFails ....................................................   Passed    0.00 sec
        Start  34: LuaRuntimeTest.ReloadsChangedFilesAndRollsBackInvalidChanges
 34/666 Test  #34: LuaRuntimeTest.ReloadsChangedFilesAndRollsBackInvalidChanges ...........................................   Passed    0.00 sec
        Start  35: LuaRuntimeTest.RejectsAccessFromAnotherThread
 35/666 Test  #35: LuaRuntimeTest.RejectsAccessFromAnotherThread ..........................................................   Passed    0.00 sec
        Start  36: LuaRuntimeTest.DoesNotExposeFileLoadingLibraries
 36/666 Test  #36: LuaRuntimeTest.DoesNotExposeFileLoadingLibraries .......................................................   Passed    0.00 sec
        Start  37: ServiceLifecycleTest.StartsInCreatedState
 37/666 Test  #37: ServiceLifecycleTest.StartsInCreatedState ..............................................................   Passed    0.01 sec
        Start  38: ServiceLifecycleTest.FollowsNormalStartupAndShutdownSequence
 38/666 Test  #38: ServiceLifecycleTest.FollowsNormalStartupAndShutdownSequence ...........................................   Passed    0.00 sec
        Start  39: ServiceLifecycleTest.RejectsSkippedAndBackwardTransitions
 39/666 Test  #39: ServiceLifecycleTest.RejectsSkippedAndBackwardTransitions ..............................................   Passed    0.00 sec
        Start  40: ServiceLifecycleTest.AllowsShutdownWhileInitializing
 40/666 Test  #40: ServiceLifecycleTest.AllowsShutdownWhileInitializing ...................................................   Passed    0.00 sec
        Start  41: ServiceLifecycleTest.StoppedStateIsTerminal
 41/666 Test  #41: ServiceLifecycleTest.StoppedStateIsTerminal ............................................................   Passed    0.00 sec
        Start  42: LoggerTest.CallerCanWriteAStructuredDiagnosticEvent
 42/666 Test  #42: LoggerTest.CallerCanWriteAStructuredDiagnosticEvent ....................................................   Passed    0.01 sec
        Start  43: LoggerTest.WorkerMakesAcceptedEventsVisibleWithoutExplicitFlush
 43/666 Test  #43: LoggerTest.WorkerMakesAcceptedEventsVisibleWithoutExplicitFlush ........................................   Passed    0.01 sec
        Start  44: LoggerTest.WorkerDrainsAndFlushesBatchedEventsWithoutExplicitFlush
 44/666 Test  #44: LoggerTest.WorkerDrainsAndFlushesBatchedEventsWithoutExplicitFlush .....................................   Passed    0.02 sec
        Start  45: LoggerTest.CallerCanAttachTrustedCorrelationContext
 45/666 Test  #45: LoggerTest.CallerCanAttachTrustedCorrelationContext ....................................................   Passed    0.01 sec
        Start  46: LoggerTest.MetricsExposeDeliveryAndValidationState
 46/666 Test  #46: LoggerTest.MetricsExposeDeliveryAndValidationState .....................................................   Passed    0.01 sec
        Start  47: LoggerTest.MetricsServerPublishesPrometheusEndpoint
 47/666 Test  #47: LoggerTest.MetricsServerPublishesPrometheusEndpoint ....................................................   Passed    0.01 sec
        Start  48: LoggerTest.RuntimePolicyFiltersModulesAndSamplesOnlyLowPriorityEvents
 48/666 Test  #48: LoggerTest.RuntimePolicyFiltersModulesAndSamplesOnlyLowPriorityEvents ..................................   Passed    0.01 sec
        Start  49: LoggerTest.DevelopmentCanFallBackToStderrButProductionFailsClosed
 49/666 Test  #49: LoggerTest.DevelopmentCanFallBackToStderrButProductionFailsClosed ......................................   Passed    0.01 sec
        Start  50: MetricsRegistryTest.CounterAddRendersTypeLineAndCumulativeValue
 50/666 Test  #50: MetricsRegistryTest.CounterAddRendersTypeLineAndCumulativeValue ........................................   Passed    0.01 sec
        Start  51: MetricsRegistryTest.CounterSetPublishesPolledCumulativeValue
 51/666 Test  #51: MetricsRegistryTest.CounterSetPublishesPolledCumulativeValue ...........................................   Passed    0.00 sec
        Start  52: MetricsRegistryTest.GaugeSetWithLabelsRendersLabelSeries
 52/666 Test  #52: MetricsRegistryTest.GaugeSetWithLabelsRendersLabelSeries ...............................................   Passed    0.00 sec
        Start  53: MetricsRegistryTest.HistogramRendersBucketsSumAndCount
 53/666 Test  #53: MetricsRegistryTest.HistogramRendersBucketsSumAndCount .................................................   Passed    0.00 sec
        Start  54: MetricsRegistryTest.RenderIsSortedByMetricNameThenLabelSeries
 54/666 Test  #54: MetricsRegistryTest.RenderIsSortedByMetricNameThenLabelSeries ..........................................   Passed    0.00 sec
        Start  55: MetricsRegistryTest.LabelValuesAreEscaped
 55/666 Test  #55: MetricsRegistryTest.LabelValuesAreEscaped ..............................................................   Passed    0.00 sec
        Start  56: MetricsRegistryTest.ConcurrentUpdatesKeepCountsConsistent
 56/666 Test  #56: MetricsRegistryTest.ConcurrentUpdatesKeepCountsConsistent ..............................................   Passed    0.01 sec
        Start  57: BudgetPublishPolicyTest.FirstPublishAlwaysPublishes
 57/666 Test  #57: BudgetPublishPolicyTest.FirstPublishAlwaysPublishes ....................................................   Passed    0.01 sec
        Start  58: BudgetPublishPolicyTest.UnchangedSnapshotNeverRepublishes
 58/666 Test  #58: BudgetPublishPolicyTest.UnchangedSnapshotNeverRepublishes ..............................................   Passed    0.01 sec
        Start  59: BudgetPublishPolicyTest.ChangeBeyondThresholdPublishesImmediately
 59/666 Test  #59: BudgetPublishPolicyTest.ChangeBeyondThresholdPublishesImmediately ......................................   Passed    0.01 sec
        Start  60: BudgetPublishPolicyTest.ChangeWithinThresholdWaitsForInterval
 60/666 Test  #60: BudgetPublishPolicyTest.ChangeWithinThresholdWaitsForInterval ..........................................   Passed    0.01 sec
        Start  61: BudgetPublishPolicyTest.DropToZeroAndGrowthFromZeroAreBeyondThreshold
 61/666 Test  #61: BudgetPublishPolicyTest.DropToZeroAndGrowthFromZeroAreBeyondThreshold ..................................   Passed    0.01 sec
        Start  62: BudgetPublishPolicyTest.FetchChangeTriggersOnItsOwn
 62/666 Test  #62: BudgetPublishPolicyTest.FetchChangeTriggersOnItsOwn ....................................................   Passed    0.01 sec
        Start  63: BudgetPublishPolicyTest.FetchPresenceMismatchCountsAsChange
 63/666 Test  #63: BudgetPublishPolicyTest.FetchPresenceMismatchCountsAsChange ............................................   Passed    0.01 sec
        Start  64: BudgetPublishPolicyTest.ReturnToFullPublishesImmediately
 64/666 Test  #64: BudgetPublishPolicyTest.ReturnToFullPublishesImmediately ...............................................   Passed    0.01 sec
        Start  65: BudgetKeyTest.BuildsBudgetKeyFromTypeAndInstance
 65/666 Test  #65: BudgetKeyTest.BuildsBudgetKeyFromTypeAndInstance .......................................................   Passed    0.01 sec
        Start  66: InstanceBudgetReporterTest.PublishesFirstSnapshotUnderRegistrationLease
 66/666 Test  #66: InstanceBudgetReporterTest.PublishesFirstSnapshotUnderRegistrationLease ................................   Passed    0.01 sec
        Start  67: InstanceBudgetReporterTest.SkipsUnchangedSnapshot
 67/666 Test  #67: InstanceBudgetReporterTest.SkipsUnchangedSnapshot ......................................................   Passed    0.01 sec
        Start  68: InstanceBudgetReporterTest.HoldsSubThresholdChangeWithinInterval
 68/666 Test  #68: InstanceBudgetReporterTest.HoldsSubThresholdChangeWithinInterval .......................................   Passed    0.01 sec
        Start  69: InstanceBudgetReporterTest.RepublishesBeyondThresholdImmediately
 69/666 Test  #69: InstanceBudgetReporterTest.RepublishesBeyondThresholdImmediately .......................................   Passed    0.01 sec
        Start  70: InstanceBudgetReporterTest.RetriesFailedPublishAfterInterval
 70/666 Test  #70: InstanceBudgetReporterTest.RetriesFailedPublishAfterInterval ...........................................   Passed    0.01 sec
        Start  71: InstanceBudgetReporterTest.RealmReporterOmitsFetchFree
 71/666 Test  #71: InstanceBudgetReporterTest.RealmReporterOmitsFetchFree .................................................   Passed    0.01 sec
        Start  72: InstanceBudgetReporterTest.UnknownRegistrationFailsWithoutRetry
 72/666 Test  #72: InstanceBudgetReporterTest.UnknownRegistrationFailsWithoutRetry ........................................   Passed    0.01 sec
        Start  73: InstanceBudgetReporterTest.FailedWriteNotifiesSinkNotThrottledRetries
 73/666 Test  #73: InstanceBudgetReporterTest.FailedWriteNotifiesSinkNotThrottledRetries ..................................   Passed    0.01 sec
        Start  74: EtcdServiceRegistryTest.RegistersRefreshesAndRevokesLeasedInstance
 74/666 Test  #74: EtcdServiceRegistryTest.RegistersRefreshesAndRevokesLeasedInstance .....................................   Passed    0.01 sec
        Start  75: EtcdServiceRegistryTest.RejectsDuplicateInstanceAtomically
 75/666 Test  #75: EtcdServiceRegistryTest.RejectsDuplicateInstanceAtomically .............................................   Passed    0.01 sec
        Start  76: EtcdServiceRegistryTest.DiscoversAndDecodesMultiProtocolEndpoints
 76/666 Test  #76: EtcdServiceRegistryTest.DiscoversAndDecodesMultiProtocolEndpoints ......................................   Passed    0.01 sec
        Start  77: EtcdServiceRegistryTest.PublishesSnapshotChangesToWatchers
 77/666 Test  #77: EtcdServiceRegistryTest.PublishesSnapshotChangesToWatchers .............................................   Passed    0.01 sec
        Start  78: EtcdServiceRegistryTest.PutLeasedWritesKeyUnderRegistrationLease
 78/666 Test  #78: EtcdServiceRegistryTest.PutLeasedWritesKeyUnderRegistrationLease .......................................   Passed    0.01 sec
        Start  79: EtcdServiceRegistryTest.PutLeasedUnknownRegistrationReturnsFalse
 79/666 Test  #79: EtcdServiceRegistryTest.PutLeasedUnknownRegistrationReturnsFalse .......................................   Passed    0.01 sec
        Start  80: EtcdServiceRegistryTest.RefreshRewritesLeasedKeysUnderNewLease
 80/666 Test  #80: EtcdServiceRegistryTest.RefreshRewritesLeasedKeysUnderNewLease .........................................   Passed    0.01 sec
        Start  81: EtcdServiceRegistryTest.PutLeasedFailureOfNewKeyIsNotTracked
 81/666 Test  #81: EtcdServiceRegistryTest.PutLeasedFailureOfNewKeyIsNotTracked ...........................................   Passed    0.01 sec
        Start  82: EtcdServiceRegistryTest.PutLeasedFailureKeepsPreviousTrackedValue
 82/666 Test  #82: EtcdServiceRegistryTest.PutLeasedFailureKeepsPreviousTrackedValue ......................................   Passed    0.01 sec
        Start  83: ServiceRegistryTest.RegistersAndDiscoversByServiceType
 83/666 Test  #83: ServiceRegistryTest.RegistersAndDiscoversByServiceType .................................................   Passed    0.01 sec
        Start  84: ServiceRegistryTest.RejectsDuplicateServiceInstanceKey
 84/666 Test  #84: ServiceRegistryTest.RejectsDuplicateServiceInstanceKey .................................................   Passed    0.01 sec
        Start  85: ServiceRegistryTest.PublishesAddedAndRemovedWatchEvents
 85/666 Test  #85: ServiceRegistryTest.PublishesAddedAndRemovedWatchEvents ................................................   Passed    0.01 sec
        Start  86: ServiceRegistryTest.ExpiredRegistrationDisappearsAndCannotRefresh
 86/666 Test  #86: ServiceRegistryTest.ExpiredRegistrationDisappearsAndCannotRefresh ......................................   Passed    0.01 sec
        Start  87: ServiceRegistryTest.RejectsNonPositiveLeaseTtl
 87/666 Test  #87: ServiceRegistryTest.RejectsNonPositiveLeaseTtl .........................................................   Passed    0.01 sec
        Start  88: ServiceRegistryTest.ResolverTracksAddedAndRemovedEndpoints
 88/666 Test  #88: ServiceRegistryTest.ResolverTracksAddedAndRemovedEndpoints .............................................   Passed    0.01 sec
        Start  89: ServiceRegistryTest.ResolverReceivesInstancesPresentBeforeSubscription
 89/666 Test  #89: ServiceRegistryTest.ResolverReceivesInstancesPresentBeforeSubscription .................................   Passed    0.01 sec
        Start  90: ServiceRegistryTest.PublisherRegistersAndUnregistersWithItsLifetime
 90/666 Test  #90: ServiceRegistryTest.PublisherRegistersAndUnregistersWithItsLifetime ....................................   Passed    0.01 sec
        Start  91: LayeredConfigTest.ServiceLayerOverridesCommon
 91/666 Test  #91: LayeredConfigTest.ServiceLayerOverridesCommon ..........................................................   Passed    0.04 sec
        Start  92: LayeredConfigTest.CliOverridesInstanceIdentity
 92/666 Test  #92: LayeredConfigTest.CliOverridesInstanceIdentity .........................................................   Passed    0.04 sec
        Start  93: LayeredConfigTest.ParsesSharedPlayerDataDeployment
 93/666 Test  #93: LayeredConfigTest.ParsesSharedPlayerDataDeployment .....................................................   Passed    0.04 sec
        Start  94: LayeredConfigTest.RequiresDatabaseWhenUriIsSet
 94/666 Test  #94: LayeredConfigTest.RequiresDatabaseWhenUriIsSet .........................................................   Passed    0.04 sec
        Start  95: LayeredConfigTest.PrivatePlayerDataUriOverridesDefaultWithoutLuaOsAccess
 95/666 Test  #95: LayeredConfigTest.PrivatePlayerDataUriOverridesDefaultWithoutLuaOsAccess ...............................   Passed    0.04 sec
        Start  96: LayeredConfigTest.UnsetPlayerDataUriEnvironmentPreservesLocalDefault
 96/666 Test  #96: LayeredConfigTest.UnsetPlayerDataUriEnvironmentPreservesLocalDefault ...................................   Passed    0.04 sec
        Start  97: LayeredConfigTest.MissingPrivatePlayerDataUriFailsWithoutDefault
 97/666 Test  #97: LayeredConfigTest.MissingPrivatePlayerDataUriFailsWithoutDefault .......................................   Passed    0.04 sec
        Start  98: LayeredConfigTest.EmptyPrivatePlayerDataUriFailsInsteadOfConnectingLocally
 98/666 Test  #98: LayeredConfigTest.EmptyPrivatePlayerDataUriFailsInsteadOfConnectingLocally .............................   Passed    0.04 sec
        Start  99: LayeredConfigTest.RejectsRetiredSqlitePlayerDataKeys
 99/666 Test  #99: LayeredConfigTest.RejectsRetiredSqlitePlayerDataKeys ...................................................   Passed    0.04 sec
        Start 100: LayeredConfigTest.RejectsUnknownCredentialHashCost
100/666 Test #100: LayeredConfigTest.RejectsUnknownCredentialHashCost .....................................................   Passed    0.04 sec
        Start 101: LayeredConfigTest.MissingServiceFileThrows
101/666 Test #101: LayeredConfigTest.MissingServiceFileThrows .............................................................   Passed    0.04 sec
        Start 102: MeshHostE2ETest.AllInOneStartsAndStopsCleanly
102/666 Test #102: MeshHostE2ETest.AllInOneStartsAndStopsCleanly ..........................................................   Passed    2.31 sec
        Start 103: MeshHostTest.StartsWavesAndGatesEntryUntilAllReady
103/666 Test #103: MeshHostTest.StartsWavesAndGatesEntryUntilAllReady .....................................................   Passed    0.05 sec
        Start 104: MeshHostTest.FailureRecyclesStartedServicesInReverse
104/666 Test #104: MeshHostTest.FailureRecyclesStartedServicesInReverse ...................................................   Passed    0.04 sec
        Start 105: MeshHostTest.FailureBeforeFinalWaveNeverConstructsEntry
105/666 Test #105: MeshHostTest.FailureBeforeFinalWaveNeverConstructsEntry ................................................   Passed    0.04 sec
        Start 106: MeshHostTest.ServiceLookupThrowsForUnknownName
106/666 Test #106: MeshHostTest.ServiceLookupThrowsForUnknownName .........................................................   Passed    0.04 sec
        Start 107: Mode2Test.SingleServiceNarrowsTopologyAndAppliesOverrides
107/666 Test #107: Mode2Test.SingleServiceNarrowsTopologyAndAppliesOverrides ..............................................   Passed    0.03 sec
        Start 108: Mode2Test.RetiredLoginServiceFailsAtStartup
108/666 Test #108: Mode2Test.RetiredLoginServiceFailsAtStartup ............................................................   Passed    1.26 sec
        Start 109: Mode2Test.SingleServiceMeshStartsAndRuns
109/666 Test #109: Mode2Test.SingleServiceMeshStartsAndRuns ...............................................................   Passed    1.78 sec
        Start 110: Mode2Test.GatewayDoesNotStartWithoutRealm
110/666 Test #110: Mode2Test.GatewayDoesNotStartWithoutRealm ..............................................................   Passed    1.32 sec
        Start 111: Mode2Test.GatewayStartsAfterFallbackDependenciesAreReachable
111/666 Test #111: Mode2Test.GatewayStartsAfterFallbackDependenciesAreReachable ...........................................   Passed    1.76 sec
        Start 112: ObservabilityArtifactsTest.AlertRulesReferenceExposedMetrics
112/666 Test #112: ObservabilityArtifactsTest.AlertRulesReferenceExposedMetrics ...........................................   Passed    0.04 sec
        Start 113: ObservabilityArtifactsTest.DashboardsReferenceExposedMetrics
113/666 Test #113: ObservabilityArtifactsTest.DashboardsReferenceExposedMetrics ...........................................   Passed    0.04 sec
        Start 114: ObservabilityArtifactsTest.DashboardsPinPrometheusDatasource
114/666 Test #114: ObservabilityArtifactsTest.DashboardsPinPrometheusDatasource ...........................................   Passed    0.04 sec
        Start 115: ServiceFrameEdgeBudgetTest.PublishesCapacityThenConsumesOnAttach
115/666 Test #115: ServiceFrameEdgeBudgetTest.PublishesCapacityThenConsumesOnAttach .......................................   Passed    0.05 sec
        Start 116: ServiceFrameEdgeBudgetTest.AttachAcceptancePreservesWireContract
116/666 Test #116: ServiceFrameEdgeBudgetTest.AttachAcceptancePreservesWireContract .......................................   Passed    0.06 sec
        Start 117: ServiceFrameEdgeBudgetTest.AttachRejectionsPreserveWireContract
117/666 Test #117: ServiceFrameEdgeBudgetTest.AttachRejectionsPreserveWireContract ........................................   Passed    0.09 sec
        Start 118: ServiceFrameEdgeBudgetTest.CredentialFailuresKeepRawCredentialsAndJtiOutOfTelemetry
118/666 Test #118: ServiceFrameEdgeBudgetTest.CredentialFailuresKeepRawCredentialsAndJtiOutOfTelemetry ....................   Passed    0.08 sec
        Start 119: ServiceFrameEdgeBudgetTest.ReplayedJtiPreservesWireRejection
119/666 Test #119: ServiceFrameEdgeBudgetTest.ReplayedJtiPreservesWireRejection ...........................................   Passed    0.07 sec
        Start 120: ServiceFrameEdgeBudgetTest.RetiredMessageIdIsRefused
120/666 Test #120: ServiceFrameEdgeBudgetTest.RetiredMessageIdIsRefused ...................................................   Passed    0.06 sec
        Start 121: ServiceFrameEdgeBudgetTest.OutOfBudgetAttachIsRejectedWithoutConsuming
121/666 Test #121: ServiceFrameEdgeBudgetTest.OutOfBudgetAttachIsRejectedWithoutConsuming .................................   Passed    0.07 sec
        Start 122: ServiceFrameEdgeBudgetTest.StoppedFetchPublishesUnavailableBudgetAndStopsGateway
122/666 Test #122: ServiceFrameEdgeBudgetTest.StoppedFetchPublishesUnavailableBudgetAndStopsGateway .......................   Passed    0.05 sec
        Start 123: ServiceFrameEdgeBudgetTest.FetchSuccessTransitionsToHandedOff
123/666 Test #123: ServiceFrameEdgeBudgetTest.FetchSuccessTransitionsToHandedOff ..........................................   Passed    0.05 sec
        Start 124: ServiceFrameEdgeBudgetTest.GrantIssuedThenGraceCloses
124/666 Test #124: ServiceFrameEdgeBudgetTest.GrantIssuedThenGraceCloses ..................................................   Passed    0.08 sec
        Start 125: ServiceFrameEdgeBudgetTest.RealPeerCloseReturnsBothBudgets
125/666 Test #125: ServiceFrameEdgeBudgetTest.RealPeerCloseReturnsBothBudgets .............................................   Passed    0.05 sec
        Start 126: ServiceFrameEdgeBudgetTest.NoEndpointClosesWithoutGrant
126/666 Test #126: ServiceFrameEdgeBudgetTest.NoEndpointClosesWithoutGrant ................................................   Passed    0.05 sec
        Start 127: ServiceFrameEdgeBudgetTest.StaticDownstreamGrantsWithoutDiscovery
127/666 Test #127: ServiceFrameEdgeBudgetTest.StaticDownstreamGrantsWithoutDiscovery ......................................   Passed    0.08 sec
        Start 128: ServiceFrameEdgeBudgetTest.DiscoveredRealmEndpointWinsOverStaticFallback
128/666 Test #128: ServiceFrameEdgeBudgetTest.DiscoveredRealmEndpointWinsOverStaticFallback ...............................   Passed    0.08 sec
        Start 129: ServiceFrameEdgeBudgetTest.ExhaustedFetchClosesAndReturnsBudgets
129/666 Test #129: ServiceFrameEdgeBudgetTest.ExhaustedFetchClosesAndReturnsBudgets .......................................   Passed    0.28 sec
        Start 130: ServiceFrameEdgeBudgetTest.MetricsFollowPipelineStagesAndFetch
130/666 Test #130: ServiceFrameEdgeBudgetTest.MetricsFollowPipelineStagesAndFetch .........................................   Passed    0.67 sec
        Start 131: ServiceFrameEdgeBudgetTest.MetricsCountRetriesAndReplayRejections
131/666 Test #131: ServiceFrameEdgeBudgetTest.MetricsCountRetriesAndReplayRejections ......................................   Passed    0.30 sec
        Start 132: ServiceFrameRealmEnterTest.EnterRealmRedeemsTicketAndAcceptsSession
132/666 Test #132: ServiceFrameRealmEnterTest.EnterRealmRedeemsTicketAndAcceptsSession ....................................   Passed    0.10 sec
        Start 133: ServiceFrameRealmEnterTest.EnterRealmTicketIsSingleConsume
133/666 Test #133: ServiceFrameRealmEnterTest.EnterRealmTicketIsSingleConsume .............................................   Passed    0.11 sec
        Start 134: ServiceFrameRealmEnterTest.ResubmissionOnSameSessionCloses
134/666 Test #134: ServiceFrameRealmEnterTest.ResubmissionOnSameSessionCloses .............................................   Passed    0.09 sec
        Start 135: ServiceFrameRealmEnterTest.InvalidTicketBytesDecline
135/666 Test #135: ServiceFrameRealmEnterTest.InvalidTicketBytesDecline ...................................................   Passed    0.07 sec
        Start 136: ServiceFrameRealmEnterTest.RetiredMessageIdIsRefused
136/666 Test #136: ServiceFrameRealmEnterTest.RetiredMessageIdIsRefused ...................................................   Passed    0.06 sec
        Start 137: ServiceFrameRealmEnterTest.MessageBeforeEnterRealmIsRefused
137/666 Test #137: ServiceFrameRealmEnterTest.MessageBeforeEnterRealmIsRefused ............................................   Passed    0.06 sec
        Start 138: ServiceFrameRealmEnterTest.WrongPurposeTicketDeclines
138/666 Test #138: ServiceFrameRealmEnterTest.WrongPurposeTicketDeclines ..................................................   Passed    0.06 sec
        Start 139: ServiceFrameRealmEnterTest.ForeignRealmClaimDeclines
139/666 Test #139: ServiceFrameRealmEnterTest.ForeignRealmClaimDeclines ...................................................   Passed    0.06 sec
        Start 140: ServiceFrameRealmEnterTest.ExpiredTicketDeclines
140/666 Test #140: ServiceFrameRealmEnterTest.ExpiredTicketDeclines .......................................................   Passed    0.06 sec
        Start 141: ServiceFrameRealmEnterTest.RealmFrameRequiresRealmSessions
141/666 Test #141: ServiceFrameRealmEnterTest.RealmFrameRequiresRealmSessions .............................................   Passed    0.04 sec
        Start 142: ServiceFrameRealmEnterTest.EnteredSessionDispatchesRealmMessages
142/666 Test #142: ServiceFrameRealmEnterTest.EnteredSessionDispatchesRealmMessages .......................................   Passed    0.10 sec
        Start 143: ServiceFrameRealmEnterTest.UnsupportedMessageKeepsEnteredSession
143/666 Test #143: ServiceFrameRealmEnterTest.UnsupportedMessageKeepsEnteredSession .......................................   Passed    0.11 sec
        Start 144: ServiceFrameRealmEnterTest.SecondSessionDisplacesFirst
144/666 Test #144: ServiceFrameRealmEnterTest.SecondSessionDisplacesFirst .................................................   Passed    0.13 sec
        Start 145: ServiceFrameRealmEnterTest.ConnFreeBudgetTracksConnections
145/666 Test #145: ServiceFrameRealmEnterTest.ConnFreeBudgetTracksConnections .............................................   Passed    0.07 sec
        Start 146: ServiceHostTest.StartsRuntimeAndReadiesWithoutDiscovery
146/666 Test #146: ServiceHostTest.StartsRuntimeAndReadiesWithoutDiscovery ................................................   Passed    0.04 sec
        Start 147: ServiceHostTest.RuntimeStopClearsReadinessOnNextTick
147/666 Test #147: ServiceHostTest.RuntimeStopClearsReadinessOnNextTick ...................................................   Passed    0.04 sec
        Start 148: ServiceHostTest.GatewayIdentitySeedFailsBeforeRuntimeConstruction
148/666 Test #148: ServiceHostTest.GatewayIdentitySeedFailsBeforeRuntimeConstruction ......................................   Passed    0.04 sec
        Start 149: ServiceHostTest.UnknownServiceNameWithDiscoveryThrows
149/666 Test #149: ServiceHostTest.UnknownServiceNameWithDiscoveryThrows ..................................................   Passed    0.04 sec
        Start 150: ServiceHostTest.RequiredRegistrationFailureThrows
150/666 Test #150: ServiceHostTest.RequiredRegistrationFailureThrows ......................................................   Passed    1.82 sec
        Start 151: ServiceHostTest.RealmWithoutPlayerDataThrows
151/666 Test #151: ServiceHostTest.RealmWithoutPlayerDataThrows ...........................................................   Passed    0.05 sec
        Start 152: ServiceHostTest.EscapesGaugeLabelSpecialCharacters
152/666 Test #152: ServiceHostTest.EscapesGaugeLabelSpecialCharacters .....................................................   Passed    0.04 sec
        Start 153: ServiceHostTest.HttpMetricsExposeServiceReadiness
153/666 Test #153: ServiceHostTest.HttpMetricsExposeServiceReadiness ......................................................   Passed    0.04 sec
        Start 154: StartupTopologyTest.IndependentServicesShareFirstWave
154/666 Test #154: StartupTopologyTest.IndependentServicesShareFirstWave ..................................................   Passed    0.03 sec
        Start 155: StartupTopologyTest.ChainSplitsIntoWaves
155/666 Test #155: StartupTopologyTest.ChainSplitsIntoWaves ...............................................................   Passed    0.04 sec
        Start 156: StartupTopologyTest.EntryServiceIsAlwaysInTheFinalWave
156/666 Test #156: StartupTopologyTest.EntryServiceIsAlwaysInTheFinalWave .................................................   Passed    0.03 sec
        Start 157: StartupTopologyTest.RejectsServicesDependingOnAnEntry
157/666 Test #157: StartupTopologyTest.RejectsServicesDependingOnAnEntry ..................................................   Passed    0.04 sec
        Start 158: StartupTopologyTest.CycleThrows
158/666 Test #158: StartupTopologyTest.CycleThrows ........................................................................   Passed    0.04 sec
        Start 159: StartupTopologyTest.UnknownDependencyThrows
159/666 Test #159: StartupTopologyTest.UnknownDependencyThrows ............................................................   Passed    0.04 sec
        Start 160: ConfigHeadersTest.ConfigValuesAreUsableWithoutLua
160/666 Test #160: ConfigHeadersTest.ConfigValuesAreUsableWithoutLua ......................................................   Passed    0.01 sec
        Start 161: ConfigsLoadSmokeTest.LoginServiceConfigIsGone
161/666 Test #161: ConfigsLoadSmokeTest.LoginServiceConfigIsGone ..........................................................   Passed    0.02 sec
        Start 162: ConfigsLoadSmokeTest.MainConfigTopologyLoadsInDeclarationOrder
162/666 Test #162: ConfigsLoadSmokeTest.MainConfigTopologyLoadsInDeclarationOrder .........................................   Passed    0.02 sec
        Start 163: ConfigsLoadSmokeTest.EveryServiceConfigLoadsThroughLayeredLoader
163/666 Test #163: ConfigsLoadSmokeTest.EveryServiceConfigLoadsThroughLayeredLoader .......................................   Passed    0.02 sec
        Start 164: ConfigsLoadSmokeTest.LoginVerifyConfigLoadsThroughDedicatedLoader
164/666 Test #164: ConfigsLoadSmokeTest.LoginVerifyConfigLoadsThroughDedicatedLoader ......................................   Passed    0.02 sec
        Start 165: ConfigsLoadSmokeTest.QueueConfigLoadsThroughDedicatedLoader
165/666 Test #165: ConfigsLoadSmokeTest.QueueConfigLoadsThroughDedicatedLoader ............................................   Passed    0.02 sec
        Start 166: ConfigsLoadSmokeTest.GatewayAdmissionConfigLoadsAndValidates
166/666 Test #166: ConfigsLoadSmokeTest.GatewayAdmissionConfigLoadsAndValidates ...........................................   Passed    0.02 sec
        Start 167: ConfigsLoadSmokeTest.EveryConfigFileCompilesInLuaRuntime
167/666 Test #167: ConfigsLoadSmokeTest.EveryConfigFileCompilesInLuaRuntime ...............................................   Passed    0.02 sec
        Start 168: LoadTopologyFileTest.OmittedFieldsDefaultToNoDependenciesAndNotEntry
168/666 Test #168: LoadTopologyFileTest.OmittedFieldsDefaultToNoDependenciesAndNotEntry ...................................   Passed    0.01 sec
        Start 169: LoadTopologyFileTest.MissingFileIsALoadFailure
169/666 Test #169: LoadTopologyFileTest.MissingFileIsALoadFailure .........................................................   Passed    0.01 sec
        Start 170: LoadTopologyFileTest.LuaErrorIsALoadFailure
170/666 Test #170: LoadTopologyFileTest.LuaErrorIsALoadFailure ............................................................   Passed    0.01 sec
        Start 171: LoadTopologyFileTest.RejectsMissingOrEmptyServicesTable
171/666 Test #171: LoadTopologyFileTest.RejectsMissingOrEmptyServicesTable ................................................   Passed    0.01 sec
        Start 172: LoadTopologyFileTest.RejectsMalformedEntries
172/666 Test #172: LoadTopologyFileTest.RejectsMalformedEntries ...........................................................   Passed    0.01 sec
        Start 173: AdaptivePollerTest.TiersFollowSpecThresholds
173/666 Test #173: AdaptivePollerTest.TiersFollowSpecThresholds ...........................................................   Passed    0.01 sec
        Start 174: AdaptivePollerTest.JitterStaysWithinTwentyPercentAndHonoursFloor
174/666 Test #174: AdaptivePollerTest.JitterStaysWithinTwentyPercentAndHonoursFloor .......................................   Passed    0.01 sec
        Start 175: AdaptivePollerTest.BackoffDoublesAfterThresholdAndCaps
175/666 Test #175: AdaptivePollerTest.BackoffDoublesAfterThresholdAndCaps .................................................   Passed    0.01 sec
        Start 176: AdaptivePollerTest.EstimatesEtaFromPositionOverRate
176/666 Test #176: AdaptivePollerTest.EstimatesEtaFromPositionOverRate ....................................................   Passed    0.01 sec
        Start 177: AdaptivePollerTest.DefaultJitterSourceVariesWithinUnitInterval
177/666 Test #177: AdaptivePollerTest.DefaultJitterSourceVariesWithinUnitInterval .........................................   Passed    0.01 sec
        Start 178: LoginChainTest.HappyPathWalksSevenStatesAndFillsCredentials
178/666 Test #178: LoginChainTest.HappyPathWalksSevenStatesAndFillsCredentials ............................................   Passed    0.06 sec
        Start 179: LoginChainTest.VerifyRejectionReturnsToIdle
179/666 Test #179: LoginChainTest.VerifyRejectionReturnsToIdle ............................................................   Passed    0.01 sec
        Start 180: LoginChainTest.BusyVerifierIsRetriedAfterSuggestedDelay
180/666 Test #180: LoginChainTest.BusyVerifierIsRetriedAfterSuggestedDelay ................................................   Passed    1.08 sec
        Start 181: LoginChainTest.TicketRejectionReturnsToIdleBeforePolling
181/666 Test #181: LoginChainTest.TicketRejectionReturnsToIdleBeforePolling ...............................................   Passed    0.01 sec
        Start 182: LoginChainTest.ExpiredNumberTokenRestartsLoginAutomatically
182/666 Test #182: LoginChainTest.ExpiredNumberTokenRestartsLoginAutomatically ............................................   Passed    0.01 sec
        Start 183: LoginChainTest.ExpiredAdmissionGrantRestartsLogin
183/666 Test #183: LoginChainTest.ExpiredAdmissionGrantRestartsLogin ......................................................   Passed    0.01 sec
        Start 184: LoginChainTest.HandoffRejectionRetriesGatewayWithinGrace
184/666 Test #184: LoginChainTest.HandoffRejectionRetriesGatewayWithinGrace ...............................................   Passed    0.01 sec
        Start 185: LoginChainTest.TerminalHandoffRejectionFailsChainWithoutRetry
185/666 Test #185: LoginChainTest.TerminalHandoffRejectionFailsChainWithoutRetry ..........................................   Passed    0.01 sec
        Start 186: LoginChainTest.TerminalAttachRejectionFailsChainWithoutRetry
186/666 Test #186: LoginChainTest.TerminalAttachRejectionFailsChainWithoutRetry ...........................................   Passed    0.01 sec
        Start 187: LoginChainTest.GatewayFailureRetriesWithinGraceThenSucceeds
187/666 Test #187: LoginChainTest.GatewayFailureRetriesWithinGraceThenSucceeds ............................................   Passed    0.01 sec
        Start 188: LoginChainTest.AttachRejectionRetriesGatewayWithinGrace
188/666 Test #188: LoginChainTest.AttachRejectionRetriesGatewayWithinGrace ................................................   Passed    0.01 sec
        Start 189: LoginChainTest.ExhaustedAdmitGraceRetakesTicket
189/666 Test #189: LoginChainTest.ExhaustedAdmitGraceRetakesTicket ........................................................   Passed    0.01 sec
        Start 190: LoginChainTest.RealmTicketWindowExhaustionReturnsToGateway
190/666 Test #190: LoginChainTest.RealmTicketWindowExhaustionReturnsToGateway .............................................   Passed    0.01 sec
        Start 191: LoginChainTest.ChainUsesPollerIntervalForWaiting
191/666 Test #191: LoginChainTest.ChainUsesPollerIntervalForWaiting .......................................................   Passed    0.01 sec
        Start 192: LoginChainTest.EtaComesFromLatestProgress
192/666 Test #192: LoginChainTest.EtaComesFromLatestProgress ..............................................................   Passed    0.06 sec
        Start 193: LoginChainTest.FirstQueryAdmitsWithoutWaitingForProgress
193/666 Test #193: LoginChainTest.FirstQueryAdmitsWithoutWaitingForProgress ...............................................   Passed    0.01 sec
        Start 194: LoginChainTest.EveryTransportOperationReceivesOneAbsoluteDeadline
194/666 Test #194: LoginChainTest.EveryTransportOperationReceivesOneAbsoluteDeadline ......................................   Passed    0.03 sec
        Start 195: LoginChainTest.CredentialExpiryOnAttachReleasesGatewaySession
195/666 Test #195: LoginChainTest.CredentialExpiryOnAttachReleasesGatewaySession ..........................................   Passed    0.01 sec
        Start 196: LoginChainTest.AdmitTimeoutReturnsToIdle
196/666 Test #196: LoginChainTest.AdmitTimeoutReturnsToIdle ...............................................................   Passed    0.26 sec
        Start 197: LoginChainTest.EveryTargetStopsAtItsExactCheckpoint
197/666 Test #197: LoginChainTest.EveryTargetStopsAtItsExactCheckpoint ....................................................   Passed    0.01 sec
        Start 198: LoginChainTest.GatewaySoakRejectsPastHorizonAndClosesBeforeSuccess
198/666 Test #198: LoginChainTest.GatewaySoakRejectsPastHorizonAndClosesBeforeSuccess .....................................   Passed    0.02 sec
        Start 199: LoginChainTest.GatewaySoakTreatsAbsoluteDeadlineAsSuccessfulHorizon
199/666 Test #199: LoginChainTest.GatewaySoakTreatsAbsoluteDeadlineAsSuccessfulHorizon ....................................   Passed    0.05 sec
        Start 200: LoginChainTest.ExpiredAbsoluteDeadlineFailsBeforeAnyIo
200/666 Test #200: LoginChainTest.ExpiredAbsoluteDeadlineFailsBeforeAnyIo .................................................   Passed    0.01 sec
        Start 201: LoginChainTest.PollingProfilesShareStateAndFallbackSemantics
201/666 Test #201: LoginChainTest.PollingProfilesShareStateAndFallbackSemantics ...........................................   Passed    0.03 sec
        Start 202: LoginChainTest.FullTransfersRealmSessionUntilResultDestruction
202/666 Test #202: LoginChainTest.FullTransfersRealmSessionUntilResultDestruction .........................................   Passed    0.01 sec
        Start 203: LoginChainTest.StageNamesMatchSpecVocabulary
203/666 Test #203: LoginChainTest.StageNamesMatchSpecVocabulary ...........................................................   Passed    0.01 sec
        Start 204: WireEnterRealmRedeemerTest.Sends1304AndAccepts1305
204/666 Test #204: WireEnterRealmRedeemerTest.Sends1304AndAccepts1305 .....................................................   Passed    0.01 sec
        Start 205: WireEnterRealmRedeemerTest.MapsEdgeErrorToEnterRealmRejected
205/666 Test #205: WireEnterRealmRedeemerTest.MapsEdgeErrorToEnterRealmRejected ...........................................   Passed    0.01 sec
        Start 206: WireEnterRealmRedeemerTest.MapsBadFrameToEnterRealmRejected
206/666 Test #206: WireEnterRealmRedeemerTest.MapsBadFrameToEnterRealmRejected ............................................   Passed    0.01 sec
        Start 207: WireEnterRealmRedeemerTest.MapsUndecodableAcceptedToEnterRealmRejected
207/666 Test #207: WireEnterRealmRedeemerTest.MapsUndecodableAcceptedToEnterRealmRejected .................................   Passed    0.01 sec
        Start 208: WireEnterRealmRedeemerTest.MapsTimeoutToEnterRealmRejected
208/666 Test #208: WireEnterRealmRedeemerTest.MapsTimeoutToEnterRealmRejected .............................................   Passed    0.01 sec
        Start 209: WireLoginTransportIntegrationTest.DrivesLoginChainOverRealTls
209/666 Test #209: WireLoginTransportIntegrationTest.DrivesLoginChainOverRealTls ..........................................   Passed    0.11 sec
        Start 210: WireLoginTransportIntegrationTest.AttachRejectionRestartsLogin
210/666 Test #210: WireLoginTransportIntegrationTest.AttachRejectionRestartsLogin .........................................   Passed    0.05 sec
        Start 211: WireLoginTransportIntegrationTest.NotEligibleDeclineFailsChainWithoutRetry
211/666 Test #211: WireLoginTransportIntegrationTest.NotEligibleDeclineFailsChainWithoutRetry .............................   Passed    0.04 sec
        Start 212: WireLoginTransportIntegrationTest.PlayerDataUnavailableDeclineRestartsLogin
212/666 Test #212: WireLoginTransportIntegrationTest.PlayerDataUnavailableDeclineRestartsLogin ............................   Passed    1.06 sec
        Start 213: WireLoginTransportIntegrationTest.NonExpiryUnauthorizedIsTransient
213/666 Test #213: WireLoginTransportIntegrationTest.NonExpiryUnauthorizedIsTransient .....................................   Passed    0.05 sec
        Start 214: WireLoginTransportIntegrationTest.RealmRejectsForeignTicketAtPortLevel
214/666 Test #214: WireLoginTransportIntegrationTest.RealmRejectsForeignTicketAtPortLevel .................................   Passed    0.04 sec
        Start 215: WireLoginTransportIntegrationTest.RealmApiRoundTripsOverRealTls
215/666 Test #215: WireLoginTransportIntegrationTest.RealmApiRoundTripsOverRealTls ........................................   Passed    0.06 sec
        Start 216: LengthFieldCodecTest.EncodesFourByteBigEndianLength
216/666 Test #216: LengthFieldCodecTest.EncodesFourByteBigEndianLength ....................................................   Passed    0.01 sec
        Start 217: LengthFieldCodecTest.WaitsForAFragmentedFrameWithoutConsumingData
217/666 Test #217: LengthFieldCodecTest.WaitsForAFragmentedFrameWithoutConsumingData ......................................   Passed    0.01 sec
        Start 218: LengthFieldCodecTest.DecodesCoalescedFramesOneAtATime
218/666 Test #218: LengthFieldCodecTest.DecodesCoalescedFramesOneAtATime ..................................................   Passed    0.01 sec
        Start 219: LengthFieldCodecTest.SupportsAnEmptyPayload
219/666 Test #219: LengthFieldCodecTest.SupportsAnEmptyPayload ............................................................   Passed    0.01 sec
        Start 220: LengthFieldCodecTest.ReportsOversizedFrameWithoutAllocatingPayload
220/666 Test #220: LengthFieldCodecTest.ReportsOversizedFrameWithoutAllocatingPayload .....................................   Passed    0.01 sec
        Start 221: LengthFieldCodecTest.RefusesToEncodeOversizedPayload
221/666 Test #221: LengthFieldCodecTest.RefusesToEncodeOversizedPayload ...................................................   Passed    0.01 sec
        Start 222: PreferredTransportConnectorTest.ReturnsQuicWithoutStartingTlsWhenFast
222/666 Test #222: PreferredTransportConnectorTest.ReturnsQuicWithoutStartingTlsWhenFast ..................................   Passed    0.01 sec
        Start 223: PreferredTransportConnectorTest.StartsTlsAfterDelayAndFirstSecureWins
223/666 Test #223: PreferredTransportConnectorTest.StartsTlsAfterDelayAndFirstSecureWins ..................................   Passed    0.04 sec
        Start 224: PreferredTransportConnectorTest.DoesNotFallbackOnCertificateFailure
224/666 Test #224: PreferredTransportConnectorTest.DoesNotFallbackOnCertificateFailure ....................................   Passed    0.01 sec
        Start 225: PreferredTransportConnectorTest.CachesNetworkQuicFailureUntilNetworkChanges
225/666 Test #225: PreferredTransportConnectorTest.CachesNetworkQuicFailureUntilNetworkChanges ............................   Passed    0.02 sec
        Start 226: ExtractJsonStringFieldTest.ReadsIdentityTokenFromVerifyResponse
226/666 Test #226: ExtractJsonStringFieldTest.ReadsIdentityTokenFromVerifyResponse ........................................   Passed    0.01 sec
        Start 227: ExtractJsonStringFieldTest.ReadsAdmissionGrantFromNestedAdmitObject
227/666 Test #227: ExtractJsonStringFieldTest.ReadsAdmissionGrantFromNestedAdmitObject ....................................   Passed    0.01 sec
        Start 228: ExtractJsonStringFieldTest.RejectsMalformedValues
228/666 Test #228: ExtractJsonStringFieldTest.RejectsMalformedValues ......................................................   Passed    0.01 sec
        Start 229: ExtractJsonIntFieldTest.ReadsNumbersFromTicketsResponse
229/666 Test #229: ExtractJsonIntFieldTest.ReadsNumbersFromTicketsResponse ................................................   Passed    0.01 sec
        Start 230: TlsTcpClientDialerTest.QuicCandidateIsUnsupportedAndFallbackPermitted
230/666 Test #230: TlsTcpClientDialerTest.QuicCandidateIsUnsupportedAndFallbackPermitted ..................................   Passed    0.01 sec
        Start 231: TlsTcpClientDialerTest.RefusedTlsTcpDialIsNetworkUnreachable
231/666 Test #231: TlsTcpClientDialerTest.RefusedTlsTcpDialIsNetworkUnreachable ...........................................   Passed    0.01 sec
        Start 232: TcpListenerTest.AcceptsANonBlockingLoopbackConnection
232/666 Test #232: TcpListenerTest.AcceptsANonBlockingLoopbackConnection ..................................................   Passed    0.01 sec
        Start 233: TcpListenerTest.AcceptsIpv4ThroughAnIpv6DualStackListener
233/666 Test #233: TcpListenerTest.AcceptsIpv4ThroughAnIpv6DualStackListener ..............................................   Passed    0.01 sec
        Start 234: TcpListenerTest.AcceptDropsConnectionResetBeforeAccept
234/666 Test #234: TcpListenerTest.AcceptDropsConnectionResetBeforeAccept .................................................   Passed    0.23 sec
        Start 235: TcpPlatformTest.IgnoresSigpipeProcessWide
235/666 Test #235: TcpPlatformTest.IgnoresSigpipeProcessWide ..............................................................   Passed    0.02 sec
        Start 236: EventLoopTest.CreatesAPlatformBackend
236/666 Test #236: EventLoopTest.CreatesAPlatformBackend ..................................................................   Passed    0.01 sec
        Start 237: EventLoopTest.ReportsListenerAsReadableWhenClientConnects
237/666 Test #237: EventLoopTest.ReportsListenerAsReadableWhenClientConnects ..............................................   Passed    0.01 sec
        Start 238: EventLoopTest.StopsReportingAfterRemove
238/666 Test #238: EventLoopTest.StopsReportingAfterRemove ................................................................   Passed    0.11 sec
        Start 239: EventLoopTest.ReportsPeerClosedWhenThePeerStopsWriting
239/666 Test #239: EventLoopTest.ReportsPeerClosedWhenThePeerStopsWriting .................................................   Passed    0.01 sec
        Start 240: EventLoopTest.ReportsWritableOnlyWhileWriteInterestIsRegistered
240/666 Test #240: EventLoopTest.ReportsWritableOnlyWhileWriteInterestIsRegistered ........................................   Passed    0.11 sec
        Start 241: TransportProtocolTest.UsesStablePublicWireNamesAndValues
241/666 Test #241: TransportProtocolTest.UsesStablePublicWireNamesAndValues ...............................................   Passed    0.02 sec
        Start 242: TransportFactoryTest.CreatesOnlyEnabledSecureTransports
242/666 Test #242: TransportFactoryTest.CreatesOnlyEnabledSecureTransports ................................................   Passed    0.02 sec
        Start 243: TransportFactoryTest.RejectsDuplicateEnabledNames
243/666 Test #243: TransportFactoryTest.RejectsDuplicateEnabledNames ......................................................   Passed    0.02 sec
        Start 244: TransportFactoryTest.RejectsSecureTransportWithoutServerIdentity
244/666 Test #244: TransportFactoryTest.RejectsSecureTransportWithoutServerIdentity .......................................   Passed    0.01 sec
        Start 245: TransportFactoryTest.RejectsEmptyTlsAlpn
245/666 Test #245: TransportFactoryTest.RejectsEmptyTlsAlpn ...............................................................   Passed    0.01 sec
        Start 246: TransportFactoryTest.ServesOnlyTlsFallbackWithoutQuicCapability
246/666 Test #246: TransportFactoryTest.ServesOnlyTlsFallbackWithoutQuicCapability ........................................   Passed    0.01 sec
        Start 247: TransportCapabilitiesTest.AlwaysServesSecureTlsTcp
247/666 Test #247: TransportCapabilitiesTest.AlwaysServesSecureTlsTcp .....................................................   Passed    0.01 sec
        Start 248: TlsTcpTransportTest.NegotiatesTls13AndAlpnBeforeExchangingFrames
248/666 Test #248: TlsTcpTransportTest.NegotiatesTls13AndAlpnBeforeExchangingFrames .......................................   Passed    0.02 sec
        Start 249: TlsTcpTransportTest.DoesNotOpenASessionWithoutRequiredAlpn
249/666 Test #249: TlsTcpTransportTest.DoesNotOpenASessionWithoutRequiredAlpn .............................................   Passed    1.12 sec
        Start 250: TlsTcpTransportTest.WritingToAResetPeerFailsWithoutTerminatingProcess
250/666 Test #250: TlsTcpTransportTest.WritingToAResetPeerFailsWithoutTerminatingProcess ..................................   Passed    0.05 sec
        Start 251: TlsTcpTransportTest.ClientWritingToAClosedServerFailsWithoutTerminatingProcess
251/666 Test #251: TlsTcpTransportTest.ClientWritingToAClosedServerFailsWithoutTerminatingProcess .........................   Passed    0.04 sec
        Start 252: TlsTcpTransportTest.ClientReadIgnoresOpenSslErrorsLeftByAnotherConnection
252/666 Test #252: TlsTcpTransportTest.ClientReadIgnoresOpenSslErrorsLeftByAnotherConnection ..............................   Passed    0.13 sec
        Start 253: TlsTcpTransportTest.ServerIgnoresOpenSslErrorsLeftByAnotherConnection
253/666 Test #253: TlsTcpTransportTest.ServerIgnoresOpenSslErrorsLeftByAnotherConnection ..................................   Passed    0.13 sec
        Start 254: Http1ParserTest.ParsesSimpleGetRequest
254/666 Test #254: Http1ParserTest.ParsesSimpleGetRequest .................................................................   Passed    0.01 sec
        Start 255: Http1ParserTest.ParsesPostRequestWithBody
255/666 Test #255: Http1ParserTest.ParsesPostRequestWithBody ..............................................................   Passed    0.01 sec
        Start 256: Http1ParserTest.AssemblesARequestFedByteByByte
256/666 Test #256: Http1ParserTest.AssemblesARequestFedByteByByte .........................................................   Passed    0.01 sec
        Start 257: Http1ParserTest.ProducesTheSameRequestAcrossChunkBoundaries
257/666 Test #257: Http1ParserTest.ProducesTheSameRequestAcrossChunkBoundaries ............................................   Passed    0.01 sec
        Start 258: Http1ParserTest.ParsesPipelinedRequestsSequentially
258/666 Test #258: Http1ParserTest.ParsesPipelinedRequestsSequentially ....................................................   Passed    0.01 sec
        Start 259: Http1ParserTest.NormalizesHeaderNamesToLowercaseForLookup
259/666 Test #259: Http1ParserTest.NormalizesHeaderNamesToLowercaseForLookup ..............................................   Passed    0.01 sec
        Start 260: Http1ParserTest.HonorsConnectionClose
260/666 Test #260: Http1ParserTest.HonorsConnectionClose ..................................................................   Passed    0.01 sec
        Start 261: Http1ParserTest.RejectsProtocolViolationsDeterministically
261/666 Test #261: Http1ParserTest.RejectsProtocolViolationsDeterministically .............................................   Passed    0.01 sec
        Start 262: Http1ParserTest.RejectsOversizedBodyBeforeItArrives
262/666 Test #262: Http1ParserTest.RejectsOversizedBodyBeforeItArrives ....................................................   Passed    0.01 sec
        Start 263: Http1ParserTest.RejectsOversizedHeadBlocks
263/666 Test #263: Http1ParserTest.RejectsOversizedHeadBlocks .............................................................   Passed    0.01 sec
        Start 264: Http1ParserTest.ReportsMaxInputBound
264/666 Test #264: Http1ParserTest.ReportsMaxInputBound ...................................................................   Passed    0.01 sec
        Start 265: Http1ParserTest.ParsesCoDeliveredHeadAndLargeBody
265/666 Test #265: Http1ParserTest.ParsesCoDeliveredHeadAndLargeBody ......................................................   Passed    0.01 sec
        Start 266: Http1ParserTest.AfterRejectionSubsequentBytesProduceNoSecondRequest
266/666 Test #266: Http1ParserTest.AfterRejectionSubsequentBytesProduceNoSecondRequest ....................................   Passed    0.01 sec
        Start 267: Http1ResponseTest.SerializesStatusHeadersAndBody
267/666 Test #267: Http1ResponseTest.SerializesStatusHeadersAndBody .......................................................   Passed    0.01 sec
        Start 268: Http1ResponseTest.WritesCloseAndEmptyBody
268/666 Test #268: Http1ResponseTest.WritesCloseAndEmptyBody ..............................................................   Passed    0.01 sec
        Start 269: Http1ResponseTest.UsesReasonPhraseTable
269/666 Test #269: Http1ResponseTest.UsesReasonPhraseTable ................................................................   Passed    0.01 sec
        Start 270: Http1ResponseParserTest.ParsesOkResponseWithBody
270/666 Test #270: Http1ResponseParserTest.ParsesOkResponseWithBody .......................................................   Passed    0.01 sec
        Start 271: Http1ResponseParserTest.ParsesStatusOnlyResponseWithReason
271/666 Test #271: Http1ResponseParserTest.ParsesStatusOnlyResponseWithReason .............................................   Passed    0.01 sec
        Start 272: Http1ResponseParserTest.AssemblesAResponseFedByteByByte
272/666 Test #272: Http1ResponseParserTest.AssemblesAResponseFedByteByByte ................................................   Passed    0.01 sec
        Start 273: Http1ResponseParserTest.TreatsMissingContentLengthAsEmptyBody
273/666 Test #273: Http1ResponseParserTest.TreatsMissingContentLengthAsEmptyBody ..........................................   Passed    0.01 sec
        Start 274: Http1ResponseParserTest.LeavesPipelinedRemainderInBuffer
274/666 Test #274: Http1ResponseParserTest.LeavesPipelinedRemainderInBuffer ...............................................   Passed    0.01 sec
        Start 275: Http1ResponseParserTest.RejectsTransferEncoding
275/666 Test #275: Http1ResponseParserTest.RejectsTransferEncoding ........................................................   Passed    0.01 sec
        Start 276: Http1ResponseParserTest.RejectsDuplicateContentLength
276/666 Test #276: Http1ResponseParserTest.RejectsDuplicateContentLength ..................................................   Passed    0.01 sec
        Start 277: Http1ResponseParserTest.RejectsBodyBeyondLimit
277/666 Test #277: Http1ResponseParserTest.RejectsBodyBeyondLimit .........................................................   Passed    0.01 sec
        Start 278: Http1ResponseParserTest.RejectsHeadBeyondLimit
278/666 Test #278: Http1ResponseParserTest.RejectsHeadBeyondLimit .........................................................   Passed    0.01 sec
        Start 279: Http1ResponseParserTest.HoldsBodyUntilContentLengthSatisfied
279/666 Test #279: Http1ResponseParserTest.HoldsBodyUntilContentLengthSatisfied ...........................................   Passed    0.01 sec
        Start 280: Http1ResponseParserTest.SlowDripHeadStillHitsSizeLimit
280/666 Test #280: Http1ResponseParserTest.SlowDripHeadStillHitsSizeLimit .................................................   Passed    0.01 sec
        Start 281: Http1ResponseParserTest.RejectsHttp10Response
281/666 Test #281: Http1ResponseParserTest.RejectsHttp10Response ..........................................................   Passed    0.01 sec
        Start 282: Http1ResponseParserTest.RejectsGarbageStatusLine
282/666 Test #282: Http1ResponseParserTest.RejectsGarbageStatusLine .......................................................   Passed    0.01 sec
        Start 283: Http1ResponseParserTest.HeaderLookupIsCaseInsensitiveOnStruct
283/666 Test #283: Http1ResponseParserTest.HeaderLookupIsCaseInsensitiveOnStruct ..........................................   Passed    0.01 sec
        Start 284: HttpServerTest.ServesKeepAliveRequestsOverTls13WithAlpn
284/666 Test #284: HttpServerTest.ServesKeepAliveRequestsOverTls13WithAlpn ................................................   Passed    0.03 sec
        Start 285: HttpServerTest.RejectsUnsupportedVersionThenCloses
285/666 Test #285: HttpServerTest.RejectsUnsupportedVersionThenCloses .....................................................   Passed    0.03 sec
        Start 286: HttpServerTest.HonorsClientRequestedClose
286/666 Test #286: HttpServerTest.HonorsClientRequestedClose ..............................................................   Passed    0.03 sec
        Start 287: HttpServerTest.DeferredResponseHoldsPipelinedRequestsUntilCompleted
287/666 Test #287: HttpServerTest.DeferredResponseHoldsPipelinedRequestsUntilCompleted ....................................   Passed    0.19 sec
        Start 288: HttpServerTest.CompletingAfterConnectionClosedReturnsFalse
288/666 Test #288: HttpServerTest.CompletingAfterConnectionClosedReturnsFalse .............................................   Passed    0.15 sec
        Start 289: HttpServerTest.DeferredResponseSurvivesClientHalfClose
289/666 Test #289: HttpServerTest.DeferredResponseSurvivesClientHalfClose .................................................   Passed    0.19 sec
        Start 290: HttpServerTest.DeferringHandlerMayAnswerImmediately
290/666 Test #290: HttpServerTest.DeferringHandlerMayAnswerImmediately ....................................................   Passed    0.05 sec
        Start 291: QuicTransportTest.ExchangesAFramedMessageOverOneVerifiedStream
291/666 Test #291: QuicTransportTest.ExchangesAFramedMessageOverOneVerifiedStream .........................................   Passed    0.06 sec
        Start 292: AccountStoreTest.AuthenticatesValidAccountWithDerivedId
292/666 Test #292: AccountStoreTest.AuthenticatesValidAccountWithDerivedId ................................................   Passed    0.01 sec
        Start 293: AccountStoreTest.HonorsPinnedAccountId
293/666 Test #293: AccountStoreTest.HonorsPinnedAccountId .................................................................   Passed    0.01 sec
        Start 294: AccountStoreTest.WrongCredentialReturnsNothing
294/666 Test #294: AccountStoreTest.WrongCredentialReturnsNothing .........................................................   Passed    0.01 sec
        Start 295: AccountStoreTest.UnknownAccountReturnsNothing
295/666 Test #295: AccountStoreTest.UnknownAccountReturnsNothing ..........................................................   Passed    0.01 sec
        Start 296: AccountStoreTest.ExposesBannedFlag
296/666 Test #296: AccountStoreTest.ExposesBannedFlag .....................................................................   Passed    0.01 sec
        Start 297: AccountStoreTest.ExposesWhitelistFlags
297/666 Test #297: AccountStoreTest.ExposesWhitelistFlags .................................................................   Passed    0.01 sec
        Start 298: AccountStoreTest.LoadsEmptyAccountsTable
298/666 Test #298: AccountStoreTest.LoadsEmptyAccountsTable ...............................................................   Passed    0.01 sec
        Start 299: AccountStoreTest.RejectsDuplicateAccountName
299/666 Test #299: AccountStoreTest.RejectsDuplicateAccountName ...........................................................   Passed    0.01 sec
        Start 300: AccountStoreTest.RejectsDuplicateAccountId
300/666 Test #300: AccountStoreTest.RejectsDuplicateAccountId .............................................................   Passed    0.01 sec
        Start 301: AccountStoreTest.RejectsMissingCredentialField
301/666 Test #301: AccountStoreTest.RejectsMissingCredentialField .........................................................   Passed    0.01 sec
        Start 302: AccountStoreTest.RejectsNonStringCredential
302/666 Test #302: AccountStoreTest.RejectsNonStringCredential ............................................................   Passed    0.01 sec
        Start 303: AccountStoreTest.RejectsNonPositiveAccountId
303/666 Test #303: AccountStoreTest.RejectsNonPositiveAccountId ...........................................................   Passed    0.01 sec
        Start 304: AccountStoreTest.RejectsMissingFile
304/666 Test #304: AccountStoreTest.RejectsMissingFile ....................................................................   Passed    0.01 sec
        Start 305: AccountStoreTest.RejectsRootWithoutAccountsTable
305/666 Test #305: AccountStoreTest.RejectsRootWithoutAccountsTable .......................................................   Passed    0.01 sec
        Start 306: PlayerDataStoreTest.PersistsAccountAndSelectedCharacterAcrossReconnect
306/666 Test #306: PlayerDataStoreTest.PersistsAccountAndSelectedCharacterAcrossReconnect .................................   Passed    2.31 sec
        Start 307: PlayerDataStoreTest.CommittedAccessUpdatesAreVisibleToOtherStores
307/666 Test #307: PlayerDataStoreTest.CommittedAccessUpdatesAreVisibleToOtherStores ......................................   Passed    2.28 sec
        Start 308: PlayerDataStoreTest.PreservesFullUnsignedDomainIds
308/666 Test #308: PlayerDataStoreTest.PreservesFullUnsignedDomainIds .....................................................   Passed    1.78 sec
        Start 309: PlayerDataStoreTest.RejectsSelectingCharacterOwnedByAnotherAccount
309/666 Test #309: PlayerDataStoreTest.RejectsSelectingCharacterOwnedByAnotherAccount .....................................   Passed    1.79 sec
        Start 310: PlayerDataStoreTest.BootstrapsLegacyConfigOnlyWhenDatabaseIsEmpty
310/666 Test #310: PlayerDataStoreTest.BootstrapsLegacyConfigOnlyWhenDatabaseIsEmpty ......................................   Passed    1.79 sec
        Start 311: PlayerDataStoreTest.AnyProcessOpeningAnEmptyDatabaseRunsTheBootstrap
311/666 Test #311: PlayerDataStoreTest.AnyProcessOpeningAnEmptyDatabaseRunsTheBootstrap ...................................   Passed    2.23 sec
        Start 312: PlayerDataStoreTest.PopulatedDatabaseSkipsBootstrapWithoutReadingTheFile
312/666 Test #312: PlayerDataStoreTest.PopulatedDatabaseSkipsBootstrapWithoutReadingTheFile ...............................   Passed    2.25 sec
        Start 313: PlayerDataStoreTest.CredentialHashCostIsRecordedInTheStoredHash
313/666 Test #313: PlayerDataStoreTest.CredentialHashCostIsRecordedInTheStoredHash ........................................   Passed    2.91 sec
        Start 314: PlayerDataStoreTest.RejectsReassigningCharacterOwnership
314/666 Test #314: PlayerDataStoreTest.RejectsReassigningCharacterOwnership ...............................................   Passed    1.71 sec
        Start 315: PlayerDataStoreTest.RejectsAccountNameTakenByAnotherId
315/666 Test #315: PlayerDataStoreTest.RejectsAccountNameTakenByAnotherId .................................................   Passed    1.74 sec
        Start 316: PlayerDataStoreTest.ReprovisioningAccountKeepsSelectedCharacter
316/666 Test #316: PlayerDataStoreTest.ReprovisioningAccountKeepsSelectedCharacter ........................................   Passed    1.82 sec
        Start 317: PlayerDataStoreTest.ConcurrentFirstStartsImportTheBootstrapOnce
317/666 Test #317: PlayerDataStoreTest.ConcurrentFirstStartsImportTheBootstrapOnce ........................................   Passed    2.87 sec
        Start 318: PlayerDataStoreTest.AccountWithoutCharactersIsEligible
318/666 Test #318: PlayerDataStoreTest.AccountWithoutCharactersIsEligible .................................................   Passed    2.26 sec
        Start 319: PlayerDataStoreTest.CreatedCharacterStartsAtZeroAndIsListedInOrder
319/666 Test #319: PlayerDataStoreTest.CreatedCharacterStartsAtZeroAndIsListedInOrder .....................................   Passed    2.30 sec
        Start 320: PlayerDataStoreTest.CharacterNamesAreUniquePerRealm
320/666 Test #320: PlayerDataStoreTest.CharacterNamesAreUniquePerRealm ....................................................   Passed    2.81 sec
        Start 321: PlayerDataStoreTest.CharacterCountIsLimitedPerAccountAndRealm
321/666 Test #321: PlayerDataStoreTest.CharacterCountIsLimitedPerAccountAndRealm ..........................................   Passed    2.23 sec
        Start 322: PlayerDataStoreTest.ConcurrentCreatesNeverExceedTheLimit
322/666 Test #322: PlayerDataStoreTest.ConcurrentCreatesNeverExceedTheLimit ...............................................   Passed    2.25 sec
        Start 323: PlayerDataStoreTest.ConcurrentSameNameCreatesHaveOneWinner
323/666 Test #323: PlayerDataStoreTest.ConcurrentSameNameCreatesHaveOneWinner .............................................   Passed    3.82 sec
        Start 324: PlayerDataStoreTest.ChoosingVerifiesOwnershipAndRecordsLastSelected
324/666 Test #324: PlayerDataStoreTest.ChoosingVerifiesOwnershipAndRecordsLastSelected ....................................   Passed    2.78 sec
        Start 325: PlayerDataStoreTest.TrainingWriteIsConditionalOnThePreviousSeq
325/666 Test #325: PlayerDataStoreTest.TrainingWriteIsConditionalOnThePreviousSeq .........................................   Passed    2.82 sec
        Start 326: PlayerDataStoreTest.MigratesSchemaOneCharacters
326/666 Test #326: PlayerDataStoreTest.MigratesSchemaOneCharacters ........................................................   Passed    2.69 sec
        Start 327: PlayerDataStoreTest.RefusesSchemaNewerThanThisBinary
327/666 Test #327: PlayerDataStoreTest.RefusesSchemaNewerThanThisBinary ...................................................   Passed    2.58 sec
        Start 328: PlayerDataStoreTest.UnreachableDeploymentFailsWithinServerSelectionTimeout
328/666 Test #328: PlayerDataStoreTest.UnreachableDeploymentFailsWithinServerSelectionTimeout .............................   Passed    1.54 sec
        Start 329: PlayerDataStoreTest.RejectsTimeoutsEmbeddedInTheUri
329/666 Test #329: PlayerDataStoreTest.RejectsTimeoutsEmbeddedInTheUri ....................................................   Passed    1.30 sec
        Start 330: AdmissionGrantTest.RoundTripsStrictDeploymentBoundSchema
330/666 Test #330: AdmissionGrantTest.RoundTripsStrictDeploymentBoundSchema ...............................................   Passed    0.01 sec
        Start 331: AdmissionGrantTest.CapsExpiryAtBoundIdentityExpiry
331/666 Test #331: AdmissionGrantTest.CapsExpiryAtBoundIdentityExpiry .....................................................   Passed    0.01 sec
        Start 332: AdmissionGrantTest.RejectsWrongDeploymentIssuerBindingAndUnknownKid
332/666 Test #332: AdmissionGrantTest.RejectsWrongDeploymentIssuerBindingAndUnknownKid ....................................   Passed    0.01 sec
        Start 333: AdmissionGrantTest.RejectsStrictSchemaAndTimeWindowViolations
333/666 Test #333: AdmissionGrantTest.RejectsStrictSchemaAndTimeWindowViolations ..........................................   Passed    0.01 sec
        Start 334: AdmissionGrantTest.AcceptsConfiguredRotationOverlap
334/666 Test #334: AdmissionGrantTest.AcceptsConfiguredRotationOverlap ....................................................   Passed    0.01 sec
        Start 335: AdmissionGrantTest.RejectsExpiredFutureAndMalformedTokens
335/666 Test #335: AdmissionGrantTest.RejectsExpiredFutureAndMalformedTokens ..............................................   Passed    0.01 sec
        Start 336: AdmissionGrantTest.QueueNumberCannotValidateAsGrant
336/666 Test #336: AdmissionGrantTest.QueueNumberCannotValidateAsGrant ....................................................   Passed    0.01 sec
        Start 337: AdmissionGrantTest.GrantCannotValidateAsQueueNumberEvenWithSharedKey
337/666 Test #337: AdmissionGrantTest.GrantCannotValidateAsQueueNumberEvenWithSharedKey ...................................   Passed    0.01 sec
        Start 338: AdmissionGrantTest.RejectsUnsafePolicyRingAndTimes
338/666 Test #338: AdmissionGrantTest.RejectsUnsafePolicyRingAndTimes .....................................................   Passed    0.01 sec
        Start 339: AdmissionSecurityConfigTest.AcceptsSeparatedRolesAndRotationRings
339/666 Test #339: AdmissionSecurityConfigTest.AcceptsSeparatedRolesAndRotationRings ......................................   Passed    0.01 sec
        Start 340: AdmissionSecurityConfigTest.RejectsMissingActiveSigningRole
340/666 Test #340: AdmissionSecurityConfigTest.RejectsMissingActiveSigningRole ............................................   Passed    0.01 sec
        Start 341: AdmissionSecurityConfigTest.RejectsDuplicateAndUnknownActiveKeys
341/666 Test #341: AdmissionSecurityConfigTest.RejectsDuplicateAndUnknownActiveKeys .......................................   Passed    0.01 sec
        Start 342: AdmissionSecurityConfigTest.RejectsRoleConfusedKidOrSigningMaterial
342/666 Test #342: AdmissionSecurityConfigTest.RejectsRoleConfusedKidOrSigningMaterial ....................................   Passed    0.01 sec
        Start 343: AdmissionSecurityConfigTest.RejectsUnsafeBoundsAndIdentifiers
343/666 Test #343: AdmissionSecurityConfigTest.RejectsUnsafeBoundsAndIdentifiers ..........................................   Passed    0.01 sec
        Start 344: AdmissionSecurityConfigTest.ParsesPublicKeysStrictly
344/666 Test #344: AdmissionSecurityConfigTest.ParsesPublicKeysStrictly ...................................................   Passed    0.01 sec
        Start 345: Base64UrlTest.EncodesRfc4648TestVectorsWithoutPadding
345/666 Test #345: Base64UrlTest.EncodesRfc4648TestVectorsWithoutPadding ..................................................   Passed    0.01 sec
        Start 346: Base64UrlTest.DecodesRfc4648TestVectors
346/666 Test #346: Base64UrlTest.DecodesRfc4648TestVectors ................................................................   Passed    0.01 sec
        Start 347: Base64UrlTest.RoundTripsEveryLength
347/666 Test #347: Base64UrlTest.RoundTripsEveryLength ....................................................................   Passed    0.01 sec
        Start 348: Base64UrlTest.RejectsPaddingWhitespaceAndNonAlphabetCharacters
348/666 Test #348: Base64UrlTest.RejectsPaddingWhitespaceAndNonAlphabetCharacters .........................................   Passed    0.01 sec
        Start 349: Base64UrlTest.RejectsImpossibleLengths
349/666 Test #349: Base64UrlTest.RejectsImpossibleLengths .................................................................   Passed    0.01 sec
        Start 350: Base64UrlTest.RejectsNonCanonicalRemainderBits
350/666 Test #350: Base64UrlTest.RejectsNonCanonicalRemainderBits .........................................................   Passed    0.01 sec
        Start 351: CompactJwsTest.EncodeProducesCompactThreeSegments
351/666 Test #351: CompactJwsTest.EncodeProducesCompactThreeSegments ......................................................   Passed    0.01 sec
        Start 352: CompactJwsTest.DecodeRoundTripsVerifiedPayload
352/666 Test #352: CompactJwsTest.DecodeRoundTripsVerifiedPayload .........................................................   Passed    0.01 sec
        Start 353: CompactJwsTest.CurrentDecodeAcceptsTokenOverFourKiB
353/666 Test #353: CompactJwsTest.CurrentDecodeAcceptsTokenOverFourKiB ....................................................   Passed    0.01 sec
        Start 354: CompactJwsTest.CurrentDecodeRejectsVerifiedPayloadAboveJsonLimit
354/666 Test #354: CompactJwsTest.CurrentDecodeRejectsVerifiedPayloadAboveJsonLimit .......................................   Passed    0.01 sec
        Start 355: CompactJwsTest.DecodeRejectsWrongKid
355/666 Test #355: CompactJwsTest.DecodeRejectsWrongKid ...................................................................   Passed    0.01 sec
        Start 356: CompactJwsTest.DecodeRejectsTamperedPayload
356/666 Test #356: CompactJwsTest.DecodeRejectsTamperedPayload ............................................................   Passed    0.01 sec
        Start 357: CompactJwsTest.DecodeRejectsForeignKey
357/666 Test #357: CompactJwsTest.DecodeRejectsForeignKey .................................................................   Passed    0.01 sec
        Start 358: CompactJwsTest.DecodeRejectsMalformedSegmentCount
358/666 Test #358: CompactJwsTest.DecodeRejectsMalformedSegmentCount ......................................................   Passed    0.01 sec
        Start 359: CompactJwsTest.DecodeRejectsHeaderSchemaViolations
359/666 Test #359: CompactJwsTest.DecodeRejectsHeaderSchemaViolations .....................................................   Passed    0.01 sec
        Start 360: CompactJwsTest.ClockLeewayIsSharedConstant
360/666 Test #360: CompactJwsTest.ClockLeewayIsSharedConstant .............................................................   Passed    0.01 sec
        Start 361: CompactJwsTest.ParseSeedRejectsBadHex
361/666 Test #361: CompactJwsTest.ParseSeedRejectsBadHex ..................................................................   Passed    0.01 sec
        Start 362: EdgeAttachProtocolTest.AttachRoundTripsTokens
362/666 Test #362: EdgeAttachProtocolTest.AttachRoundTripsTokens ..........................................................   Passed    0.01 sec
        Start 363: EdgeAttachProtocolTest.AttachAcceptedRoundTripsAccountId
363/666 Test #363: EdgeAttachProtocolTest.AttachAcceptedRoundTripsAccountId ...............................................   Passed    0.01 sec
        Start 364: EdgeAttachProtocolTest.AttachErrorCodesFollowSpec
364/666 Test #364: EdgeAttachProtocolTest.AttachErrorCodesFollowSpec ......................................................   Passed    0.01 sec
        Start 365: EdgeAttachProtocolTest.EnterRealmRoundTripsTicket
365/666 Test #365: EdgeAttachProtocolTest.EnterRealmRoundTripsTicket ......................................................   Passed    0.01 sec
        Start 366: EdgeAttachProtocolTest.EnterRealmAcceptedRoundTripsAccountId
366/666 Test #366: EdgeAttachProtocolTest.EnterRealmAcceptedRoundTripsAccountId ...........................................   Passed    0.01 sec
        Start 367: EdgeAttachProtocolTest.EnterRealmGrantedRoundTripsTicketAndEndpoint
367/666 Test #367: EdgeAttachProtocolTest.EnterRealmGrantedRoundTripsTicketAndEndpoint ....................................   Passed    0.01 sec
        Start 368: RealmProtocolTest.ListCharactersCarriesIdAndRequestId
368/666 Test #368: RealmProtocolTest.ListCharactersCarriesIdAndRequestId ..................................................   Passed    0.01 sec
        Start 369: RealmProtocolTest.CharacterListRoundTripsItemsAndLastSelected
369/666 Test #369: RealmProtocolTest.CharacterListRoundTripsItemsAndLastSelected ..........................................   Passed    0.01 sec
        Start 370: RealmProtocolTest.TrainResultRoundTripsReplayedFlag
370/666 Test #370: RealmProtocolTest.TrainResultRoundTripsReplayedFlag ....................................................   Passed    0.01 sec
        Start 371: RealmProtocolTest.DisplacedIsAServerPush
371/666 Test #371: RealmProtocolTest.DisplacedIsAServerPush ...............................................................   Passed    0.01 sec
        Start 372: RealmProtocolTest.EdgeAndRealmIdsDoNotOverlap
372/666 Test #372: RealmProtocolTest.EdgeAndRealmIdsDoNotOverlap ..........................................................   Passed    0.01 sec
        Start 373: RealmProtocolTest.DecodeRejectsWrongMessageId
373/666 Test #373: RealmProtocolTest.DecodeRejectsWrongMessageId ..........................................................   Passed    0.01 sec
        Start 374: RealmProtocolTest.ErrorCodesFollowSpec
374/666 Test #374: RealmProtocolTest.ErrorCodesFollowSpec .................................................................   Passed    0.01 sec
        Start 375: IdentityReplayGuardTest.ConsumesOnceAndRejectsReplay
375/666 Test #375: IdentityReplayGuardTest.ConsumesOnceAndRejectsReplay ...................................................   Passed    0.01 sec
        Start 376: IdentityReplayGuardTest.DistinctJtiAreIndependent
376/666 Test #376: IdentityReplayGuardTest.DistinctJtiAreIndependent ......................................................   Passed    0.01 sec
        Start 377: IdentityReplayGuardTest.ExpiredEntriesAreEvictedNotReplayed
377/666 Test #377: IdentityReplayGuardTest.ExpiredEntriesAreEvictedNotReplayed ............................................   Passed    0.01 sec
        Start 378: IdentityReplayGuardTest.ReplayWithinLeewayAfterExpiryIsRejected
378/666 Test #378: IdentityReplayGuardTest.ReplayWithinLeewayAfterExpiryIsRejected ........................................   Passed    0.01 sec
        Start 379: IdentityReplayGuardTest.ReplayAtExactLeewayBoundaryIsRejected
379/666 Test #379: IdentityReplayGuardTest.ReplayAtExactLeewayBoundaryIsRejected ..........................................   Passed    0.01 sec
        Start 380: IdentityTokenTest.IssuesDeterministicCompactJwsWithControlledHeader
380/666 Test #380: IdentityTokenTest.IssuesDeterministicCompactJwsWithControlledHeader ....................................   Passed    0.01 sec
        Start 381: IdentityTokenTest.RoundTripsClaimsThroughValidate
381/666 Test #381: IdentityTokenTest.RoundTripsClaimsThroughValidate ......................................................   Passed    0.01 sec
        Start 382: IdentityTokenTest.AcceptsInteropFixturesFromNodeAndPyjwt
382/666 Test #382: IdentityTokenTest.AcceptsInteropFixturesFromNodeAndPyjwt ...............................................   Passed    0.01 sec
        Start 383: IdentityTokenTest.RejectsTamperedInteropFixtures
383/666 Test #383: IdentityTokenTest.RejectsTamperedInteropFixtures .......................................................   Passed    0.01 sec
        Start 384: IdentityTokenTest.RejectsAnyTamperedSegment
384/666 Test #384: IdentityTokenTest.RejectsAnyTamperedSegment ............................................................   Passed    0.01 sec
        Start 385: IdentityTokenTest.RejectsStructuralGarbage
385/666 Test #385: IdentityTokenTest.RejectsStructuralGarbage .............................................................   Passed    0.01 sec
        Start 386: IdentityTokenTest.RejectsWrongExpectedIssuer
386/666 Test #386: IdentityTokenTest.RejectsWrongExpectedIssuer ...........................................................   Passed    0.01 sec
        Start 387: IdentityTokenTest.RejectsForeignAlgorithmTypAndUnsignedTokens
387/666 Test #387: IdentityTokenTest.RejectsForeignAlgorithmTypAndUnsignedTokens ..........................................   Passed    0.01 sec
        Start 388: IdentityTokenTest.RejectsPinnedAudienceAndPurpose
388/666 Test #388: IdentityTokenTest.RejectsPinnedAudienceAndPurpose ......................................................   Passed    0.01 sec
        Start 389: IdentityTokenTest.RejectsForeignKid
389/666 Test #389: IdentityTokenTest.RejectsForeignKid ....................................................................   Passed    0.01 sec
        Start 390: IdentityTokenTest.RejectsMalformedSub
390/666 Test #390: IdentityTokenTest.RejectsMalformedSub ..................................................................   Passed    0.01 sec
        Start 391: IdentityTokenTest.EnforcesLowercaseHexJti
391/666 Test #391: IdentityTokenTest.EnforcesLowercaseHexJti ..............................................................   Passed    0.01 sec
        Start 392: IdentityTokenTest.RejectsExactKeySetViolations
392/666 Test #392: IdentityTokenTest.RejectsExactKeySetViolations .........................................................   Passed    0.01 sec
        Start 393: IdentityTokenTest.RejectsTokenSignedByDifferentKey
393/666 Test #393: IdentityTokenTest.RejectsTokenSignedByDifferentKey .....................................................   Passed    0.01 sec
        Start 394: IdentityTokenTest.EnforcesExpiryLeewayBoundary
394/666 Test #394: IdentityTokenTest.EnforcesExpiryLeewayBoundary .........................................................   Passed    0.01 sec
        Start 395: IdentityTokenTest.EnforcesIssuedAtLeewayBoundary
395/666 Test #395: IdentityTokenTest.EnforcesIssuedAtLeewayBoundary .......................................................   Passed    0.01 sec
        Start 396: IdentityTokenTest.JwksMatchesOkpShapeWithRfc8037VectorKey
396/666 Test #396: IdentityTokenTest.JwksMatchesOkpShapeWithRfc8037VectorKey ..............................................   Passed    0.01 sec
        Start 397: IdentityTokenTest.ParsesSeedHexStrictly
397/666 Test #397: IdentityTokenTest.ParsesSeedHexStrictly ................................................................   Passed    0.01 sec
        Start 398: JsonCodecTest.EncodesSortedKeysInCompactForm
398/666 Test #398: JsonCodecTest.EncodesSortedKeysInCompactForm ...........................................................   Passed    0.01 sec
        Start 399: JsonCodecTest.EncodesEmptyObject
399/666 Test #399: JsonCodecTest.EncodesEmptyObject .......................................................................   Passed    0.01 sec
        Start 400: JsonCodecTest.EscapesQuotesBackslashesAndControlCharacters
400/666 Test #400: JsonCodecTest.EscapesQuotesBackslashesAndControlCharacters .............................................   Passed    0.01 sec
        Start 401: JsonCodecTest.PassesUtf8ThroughUntouched
401/666 Test #401: JsonCodecTest.PassesUtf8ThroughUntouched ...............................................................   Passed    0.01 sec
        Start 402: JsonCodecTest.RoundTripsClaimsShape
402/666 Test #402: JsonCodecTest.RoundTripsClaimsShape ....................................................................   Passed    0.01 sec
        Start 403: JsonCodecTest.RoundTripsInt64Boundary
403/666 Test #403: JsonCodecTest.RoundTripsInt64Boundary ..................................................................   Passed    0.01 sec
        Start 404: JsonCodecTest.DecodesEmptyObject
404/666 Test #404: JsonCodecTest.DecodesEmptyObject .......................................................................   Passed    0.01 sec
        Start 405: JsonCodecTest.DecodesToleratesWhitespaceBetweenTokens
405/666 Test #405: JsonCodecTest.DecodesToleratesWhitespaceBetweenTokens ..................................................   Passed    0.01 sec
        Start 406: JsonCodecTest.DecodesEscapesItEmits
406/666 Test #406: JsonCodecTest.DecodesEscapesItEmits ....................................................................   Passed    0.01 sec
        Start 407: JsonCodecTest.RejectsNonObjectRoots
407/666 Test #407: JsonCodecTest.RejectsNonObjectRoots ....................................................................   Passed    0.01 sec
        Start 408: JsonCodecTest.RejectsNestedContainersAndNullValues
408/666 Test #408: JsonCodecTest.RejectsNestedContainersAndNullValues .....................................................   Passed    0.01 sec
        Start 409: JsonCodecTest.RejectsFloatsAndMalformedNumbers
409/666 Test #409: JsonCodecTest.RejectsFloatsAndMalformedNumbers .........................................................   Passed    0.01 sec
        Start 410: JsonCodecTest.RejectsDuplicateKeys
410/666 Test #410: JsonCodecTest.RejectsDuplicateKeys .....................................................................   Passed    0.01 sec
        Start 411: JsonCodecTest.RejectsMalformedStrings
411/666 Test #411: JsonCodecTest.RejectsMalformedStrings ..................................................................   Passed    0.01 sec
        Start 412: JsonCodecTest.RejectsTrailingContentAfterObject
412/666 Test #412: JsonCodecTest.RejectsTrailingContentAfterObject ........................................................   Passed    0.01 sec
        Start 413: JsonCodecTest.EnforcesInputSizeBound
413/666 Test #413: JsonCodecTest.EnforcesInputSizeBound ...................................................................   Passed    0.01 sec
        Start 414: LegacyQueueNumberCodecTest.RoundTripsQueuedTicket
414/666 Test #414: LegacyQueueNumberCodecTest.RoundTripsQueuedTicket ......................................................   Passed    0.01 sec
        Start 415: LegacyQueueNumberCodecTest.RoundTripsAdmittedTicket
415/666 Test #415: LegacyQueueNumberCodecTest.RoundTripsAdmittedTicket ....................................................   Passed    0.01 sec
        Start 416: LegacyQueueNumberCodecTest.V1PayloadHasNoIdentityBindingOrContext
416/666 Test #416: LegacyQueueNumberCodecTest.V1PayloadHasNoIdentityBindingOrContext ......................................   Passed    0.01 sec
        Start 417: LegacyQueueNumberCodecTest.AcceptsWithinLeewayAfterExpiry
417/666 Test #417: LegacyQueueNumberCodecTest.AcceptsWithinLeewayAfterExpiry ..............................................   Passed    0.01 sec
        Start 418: LegacyQueueNumberCodecTest.RejectsTokenFromFuture
418/666 Test #418: LegacyQueueNumberCodecTest.RejectsTokenFromFuture ......................................................   Passed    0.01 sec
        Start 419: LegacyQueueNumberCodecTest.RejectsWrongKid
419/666 Test #419: LegacyQueueNumberCodecTest.RejectsWrongKid .............................................................   Passed    0.01 sec
        Start 420: LegacyQueueNumberCodecTest.RejectsZeroNumber
420/666 Test #420: LegacyQueueNumberCodecTest.RejectsZeroNumber ...........................................................   Passed    0.01 sec
        Start 421: LegacyQueueNumberCodecTest.RejectsGarbage
421/666 Test #421: LegacyQueueNumberCodecTest.RejectsGarbage ..............................................................   Passed    0.01 sec
        Start 422: QueueNumberV2CodecTest.RoundTripsStrictIdentityBoundSchema
422/666 Test #422: QueueNumberV2CodecTest.RoundTripsStrictIdentityBoundSchema .............................................   Passed    0.01 sec
        Start 423: QueueNumberV2CodecTest.CapsExpiryAtBoundIdentityExpiry
423/666 Test #423: QueueNumberV2CodecTest.CapsExpiryAtBoundIdentityExpiry .................................................   Passed    0.01 sec
        Start 424: QueueNumberV2CodecTest.RejectsSchemaAudiencePurposeAndBindingChanges
424/666 Test #424: QueueNumberV2CodecTest.RejectsSchemaAudiencePurposeAndBindingChanges ...................................   Passed    0.01 sec
        Start 425: QueueNumberV2CodecTest.SelectsKnownKidAndAcceptsRotationOverlap
425/666 Test #425: QueueNumberV2CodecTest.SelectsKnownKidAndAcceptsRotationOverlap ........................................   Passed    0.01 sec
        Start 426: QueueNumberV2CodecTest.RejectsExpiredFutureAndMalformedTokens
426/666 Test #426: QueueNumberV2CodecTest.RejectsExpiredFutureAndMalformedTokens ..........................................   Passed    0.01 sec
        Start 427: QueueNumberV2CodecTest.RejectsUnsafeConstructionAndIssueInputs
427/666 Test #427: QueueNumberV2CodecTest.RejectsUnsafeConstructionAndIssueInputs .........................................   Passed    0.01 sec
        Start 428: SessionTicketTest.ValidatesPurposeExpiryTamperingAndReplay
428/666 Test #428: SessionTicketTest.ValidatesPurposeExpiryTamperingAndReplay .............................................   Passed    0.01 sec
        Start 429: SessionTicketTest.V2CarriesASignedCorrelationIdAndStillAcceptsV1
429/666 Test #429: SessionTicketTest.V2CarriesASignedCorrelationIdAndStillAcceptsV1 .......................................   Passed    0.01 sec
        Start 430: SessionTicketTest.RedeemsATicketExactlyOnce
430/666 Test #430: SessionTicketTest.RedeemsATicketExactlyOnce ............................................................   Passed    0.01 sec
        Start 431: SessionTicketTest.PurposeMismatchDoesNotBurnTheTicket
431/666 Test #431: SessionTicketTest.PurposeMismatchDoesNotBurnTheTicket ..................................................   Passed    0.01 sec
        Start 432: SessionTicketTest.RetiredPurposeTicketsAreNotRedeemable
432/666 Test #432: SessionTicketTest.RetiredPurposeTicketsAreNotRedeemable ................................................   Passed    0.01 sec
        Start 433: SessionTicketTest.EnterRealmPurposeValueIsPinned
433/666 Test #433: SessionTicketTest.EnterRealmPurposeValueIsPinned .......................................................   Passed    0.01 sec
        Start 434: SessionTicketTest.ExpiredTicketsAreInvalidNotReplayed
434/666 Test #434: SessionTicketTest.ExpiredTicketsAreInvalidNotReplayed ..................................................   Passed    0.01 sec
        Start 435: SessionTicketTest.AcceptsTicketsWithinClockLeeway
435/666 Test #435: SessionTicketTest.AcceptsTicketsWithinClockLeeway ......................................................   Passed    0.01 sec
        Start 436: SessionTicketTest.LeewayDoesNotOpenAReplayWindow
436/666 Test #436: SessionTicketTest.LeewayDoesNotOpenAReplayWindow .......................................................   Passed    0.01 sec
        Start 437: SessionTicketsTest.EnterRealmPurposeRoundTripsAndRejectsWrongPurpose
437/666 Test #437: SessionTicketsTest.EnterRealmPurposeRoundTripsAndRejectsWrongPurpose ...................................   Passed    0.01 sec
        Start 438: EdgeProtocolTest.RoundTripsTheGatewayAndRealmMessages
438/666 Test #438: EdgeProtocolTest.RoundTripsTheGatewayAndRealmMessages ..................................................   Passed    0.01 sec
        Start 439: NewChainFlowTest.AttachesToGatewayAndEntersRealm
439/666 Test #439: NewChainFlowTest.AttachesToGatewayAndEntersRealm .......................................................   Passed    3.98 sec
        Start 440: NewChainFlowTest.RestartKeepsCommittedAdmissionConsumed
440/666 Test #440: NewChainFlowTest.RestartKeepsCommittedAdmissionConsumed ................................................   Passed    3.97 sec
        Start 441: GatewayConfigLoaderTest.LoadsQuicPrimaryAndTlsTcpFallbackFromLua
441/666 Test #441: GatewayConfigLoaderTest.LoadsQuicPrimaryAndTlsTcpFallbackFromLua .......................................   Passed    0.02 sec
        Start 442: LayeredConfigLoaderTest.MergesAuthoritativeGatewayTreeFieldByField
442/666 Test #442: LayeredConfigLoaderTest.MergesAuthoritativeGatewayTreeFieldByField .....................................   Passed    0.02 sec
        Start 443: LayeredConfigLoaderTest.RejectsInvalidFetchRetryTuning
443/666 Test #443: LayeredConfigLoaderTest.RejectsInvalidFetchRetryTuning .................................................   Passed    0.03 sec
        Start 444: LayeredConfigLoaderTest.RejectsZeroHandoffGrace
444/666 Test #444: LayeredConfigLoaderTest.RejectsZeroHandoffGrace ........................................................   Passed    0.02 sec
        Start 445: LayeredConfigLoaderTest.CliOverrideWinsAndNamesTheLogFile
445/666 Test #445: LayeredConfigLoaderTest.CliOverrideWinsAndNamesTheLogFile ..............................................   Passed    0.02 sec
        Start 446: GatewayRuntimeTest.AcceptRespondsAndEstablishesAtomically
446/666 Test #446: GatewayRuntimeTest.AcceptRespondsAndEstablishesAtomically ..............................................   Passed    0.03 sec
        Start 447: GatewayRuntimeTest.EstablishedPeerClosePublishesRealSessionClosed
447/666 Test #447: GatewayRuntimeTest.EstablishedPeerClosePublishesRealSessionClosed ......................................   Passed    0.03 sec
        Start 448: GatewayRuntimeTest.DeclineRejectsAndTerminatesPendingSession
448/666 Test #448: GatewayRuntimeTest.DeclineRejectsAndTerminatesPendingSession ...........................................   Passed    0.03 sec
        Start 449: GatewayRuntimeTest.SendsToPendingSessionsCountAsUnknown
449/666 Test #449: GatewayRuntimeTest.SendsToPendingSessionsCountAsUnknown ................................................   Passed    0.03 sec
        Start 450: GatewayRuntimeTest.CommandsForUnknownSessionsCountAsUnknown
450/666 Test #450: GatewayRuntimeTest.CommandsForUnknownSessionsCountAsUnknown ............................................   Passed    0.02 sec
        Start 451: GatewayRuntimeTest.RejectsCommandsWhileStopped
451/666 Test #451: GatewayRuntimeTest.RejectsCommandsWhileStopped .........................................................   Passed    0.02 sec
        Start 452: EdgeSessionTableTest.SendsOnlyThroughThePrimaryTransport
452/666 Test #452: EdgeSessionTableTest.SendsOnlyThroughThePrimaryTransport ...............................................   Passed    0.01 sec
        Start 453: EdgeSessionTableTest.EstablishMovesPendingToEstablished
453/666 Test #453: EdgeSessionTableTest.EstablishMovesPendingToEstablished ................................................   Passed    0.01 sec
        Start 454: EdgeSessionTableTest.FindResolvesOnlyLiveSessions
454/666 Test #454: EdgeSessionTableTest.FindResolvesOnlyLiveSessions ......................................................   Passed    0.01 sec
        Start 455: EdgeSessionTableTest.CloseNotifiesTransportAndRemovesTheRecord
455/666 Test #455: EdgeSessionTableTest.CloseNotifiesTransportAndRemovesTheRecord .........................................   Passed    0.01 sec
        Start 456: EdgeSessionTableTest.TransportReportedCloseRemovesAndSnapshots
456/666 Test #456: EdgeSessionTableTest.TransportReportedCloseRemovesAndSnapshots .........................................   Passed    0.01 sec
        Start 457: EdgeSessionTableTest.UnknownSessionCommandsNeverTouchTransports
457/666 Test #457: EdgeSessionTableTest.UnknownSessionCommandsNeverTouchTransports ........................................   Passed    0.01 sec
        Start 458: InMemoryGatewayPrimaryTransportTest.DrainsEventsWithABound
458/666 Test #458: InMemoryGatewayPrimaryTransportTest.DrainsEventsWithABound .............................................   Passed    0.02 sec
        Start 459: InMemoryGatewayPrimaryTransportTest.ScriptsFullAndStoppedIndependently
459/666 Test #459: InMemoryGatewayPrimaryTransportTest.ScriptsFullAndStoppedIndependently .................................   Passed    0.02 sec
        Start 460: InMemoryGatewayPrimaryTransportTest.RecordsOnlyQueuedSemanticCommands
460/666 Test #460: InMemoryGatewayPrimaryTransportTest.RecordsOnlyQueuedSemanticCommands ..................................   Passed    0.02 sec
        Start 461: GatewayRuntimePrimaryTransportTest.MapsStoppedWithoutTakingOwnership
461/666 Test #461: GatewayRuntimePrimaryTransportTest.MapsStoppedWithoutTakingOwnership ...................................   Passed    0.02 sec
        Start 462: GatewayRuntimePrimaryTransportTest.MapsRuntimeQueueBackpressureToFull
462/666 Test #462: GatewayRuntimePrimaryTransportTest.MapsRuntimeQueueBackpressureToFull ..................................   Passed    0.13 sec
        Start 463: GatewayRuntimePrimaryTransportTest.QueuedDeliveryFailureEventuallyPublishesSessionClosed
463/666 Test #463: GatewayRuntimePrimaryTransportTest.QueuedDeliveryFailureEventuallyPublishesSessionClosed ...............   Passed    0.03 sec
        Start 464: GatewayRuntimePrimaryTransportTest.DeclineTerminatesAnEstablishedSessionForPipelineProtocolRejection
464/666 Test #464: GatewayRuntimePrimaryTransportTest.DeclineTerminatesAnEstablishedSessionForPipelineProtocolRejection ...   Passed    0.03 sec
        Start 465: GatewayHeadersTest.EventsFlowThroughPrimaryTransportWithoutRuntime
465/666 Test #465: GatewayHeadersTest.EventsFlowThroughPrimaryTransportWithoutRuntime .....................................   Passed    0.02 sec
        Start 466: DelayedAccountFetchPortTest.CompletesWithoutBlockingTheSubmitter
466/666 Test #466: DelayedAccountFetchPortTest.CompletesWithoutBlockingTheSubmitter .......................................   Passed    0.01 sec
        Start 467: DelayedAccountFetchPortTest.SeparatesBackpressureFromFailureCompletion
467/666 Test #467: DelayedAccountFetchPortTest.SeparatesBackpressureFromFailureCompletion .................................   Passed    0.01 sec
        Start 468: ScriptedAccountFetchPortTest.PreservesAttemptIdentityForLateDuplicates
468/666 Test #468: ScriptedAccountFetchPortTest.PreservesAttemptIdentityForLateDuplicates .................................   Passed    0.01 sec
        Start 469: ScriptedAccountFetchPortTest.ScriptsFullAndStoppedSubmissions
469/666 Test #469: ScriptedAccountFetchPortTest.ScriptsFullAndStoppedSubmissions ..........................................   Passed    0.01 sec
        Start 470: ScriptedAccountFetchPortTest.StopIsTerminalForTheAdapterInstance
470/666 Test #470: ScriptedAccountFetchPortTest.StopIsTerminalForTheAdapterInstance .......................................   Passed    0.01 sec
        Start 471: PlayerDataAccountFetchPortTest.LoadsEligibilityWithoutBlockingSubmit
471/666 Test #471: PlayerDataAccountFetchPortTest.LoadsEligibilityWithoutBlockingSubmit ...................................   Passed    0.01 sec
        Start 472: PlayerDataAccountFetchPortTest.SlowQueriesDoNotSerializeAcrossWorkers
472/666 Test #472: PlayerDataAccountFetchPortTest.SlowQueriesDoNotSerializeAcrossWorkers ..................................   Passed    0.01 sec
        Start 473: PlayerDataAccountFetchPortTest.RechecksAccountAccessOnEveryAttempt
473/666 Test #473: PlayerDataAccountFetchPortTest.RechecksAccountAccessOnEveryAttempt .....................................   Passed    0.01 sec
        Start 474: PlayerDataAccountFetchPortTest.StoreFailureCompletesAsUnavailable
474/666 Test #474: PlayerDataAccountFetchPortTest.StoreFailureCompletesAsUnavailable ......................................   Passed    0.01 sec
        Start 475: PlayerDataAccountFetchPortTest.RejectsMissingReaderZeroCapacityAndZeroWorkers
475/666 Test #475: PlayerDataAccountFetchPortTest.RejectsMissingReaderZeroCapacityAndZeroWorkers ..........................   Passed    0.01 sec
        Start 476: AdmissionConsumptionOptionsTest.RejectsUnsafeConfiguration
476/666 Test #476: AdmissionConsumptionOptionsTest.RejectsUnsafeConfiguration .............................................   Passed    0.01 sec
        Start 477: InMemoryAdmissionConsumptionStoreTest.ImplementsFencedTwoPhaseContract
477/666 Test #477: InMemoryAdmissionConsumptionStoreTest.ImplementsFencedTwoPhaseContract .................................   Passed    0.01 sec
        Start 478: InMemoryAdmissionConsumptionStoreTest.LeaseExpiryAndOutageFailClosed
478/666 Test #478: InMemoryAdmissionConsumptionStoreTest.LeaseExpiryAndOutageFailClosed ...................................   Passed    0.01 sec
        Start 479: EtcdAdmissionConsumptionStoreTest.UsesLinearizableRangeAndCasWithDigests
479/666 Test #479: EtcdAdmissionConsumptionStoreTest.UsesLinearizableRangeAndCasWithDigests ...............................   Passed    0.01 sec
        Start 480: EtcdAdmissionConsumptionStoreTest.RetriesCasAndFencesReleasedOwner
480/666 Test #480: EtcdAdmissionConsumptionStoreTest.RetriesCasAndFencesReleasedOwner .....................................   Passed    0.01 sec
        Start 481: EtcdAdmissionConsumptionStoreTest.RejectsMismatchedReturnedKey
481/666 Test #481: EtcdAdmissionConsumptionStoreTest.RejectsMismatchedReturnedKey .........................................   Passed    0.01 sec
        Start 482: EtcdAdmissionConsumptionStoreTest.InvalidLeaseGrantFailsClosed
482/666 Test #482: EtcdAdmissionConsumptionStoreTest.InvalidLeaseGrantFailsClosed .........................................   Passed    0.01 sec
        Start 483: EtcdAdmissionConsumptionStoreTest.UnavailableTransportRemovesHealth
483/666 Test #483: EtcdAdmissionConsumptionStoreTest.UnavailableTransportRemovesHealth ....................................   Passed    0.01 sec
        Start 484: GatewayAdmissionTest.TwoInstancesCommitOneIdentityAtMostOnce
484/666 Test #484: GatewayAdmissionTest.TwoInstancesCommitOneIdentityAtMostOnce ...........................................   Passed    0.01 sec
        Start 485: GatewayAdmissionTest.RejectsBindingAndDeploymentBeforeStoreWork
485/666 Test #485: GatewayAdmissionTest.RejectsBindingAndDeploymentBeforeStoreWork ........................................   Passed    0.01 sec
        Start 486: GatewayAdmissionTest.StoreOutageIsRetryableAndAffectsAvailability
486/666 Test #486: GatewayAdmissionTest.StoreOutageIsRetryableAndAffectsAvailability ......................................   Passed    0.01 sec
        Start 487: GatewayAdmissionTest.FullKeepsReservationAndStoppedReleasesIt
487/666 Test #487: GatewayAdmissionTest.FullKeepsReservationAndStoppedReleasesIt ..........................................   Passed    0.01 sec
        Start 488: GatewayAdmissionTest.AmbiguousCommitCanNeverReleaseReservation
488/666 Test #488: GatewayAdmissionTest.AmbiguousCommitCanNeverReleaseReservation .........................................   Passed    0.01 sec
        Start 489: GatewayLoginConfigTest.AcceptsCompleteConfiguration
489/666 Test #489: GatewayLoginConfigTest.AcceptsCompleteConfiguration ....................................................   Passed    0.02 sec
        Start 490: GatewayLoginConfigTest.RejectsInvalidCapacityRetryAndEndpoint
490/666 Test #490: GatewayLoginConfigTest.RejectsInvalidCapacityRetryAndEndpoint ..........................................   Passed    0.02 sec
        Start 491: GatewayLoginConfigTest.RejectsZeroFetchWorkersOrTimeout
491/666 Test #491: GatewayLoginConfigTest.RejectsZeroFetchWorkersOrTimeout ................................................   Passed    0.02 sec
        Start 492: GatewayLoginConfigTest.LoaderParsesFetchWorkersAndTimeout
492/666 Test #492: GatewayLoginConfigTest.LoaderParsesFetchWorkersAndTimeout ..............................................   Passed    0.02 sec
        Start 493: GatewayLoginConfigTest.RejectsIncompleteAdmissionConfiguration
493/666 Test #493: GatewayLoginConfigTest.RejectsIncompleteAdmissionConfiguration .........................................   Passed    0.02 sec
        Start 494: GatewayLoginConfigTest.RejectsMalformedAdmissionKeyRing
494/666 Test #494: GatewayLoginConfigTest.RejectsMalformedAdmissionKeyRing ................................................   Passed    0.02 sec
        Start 495: GatewayLoginConfigTest.RejectsGrantWindowOutsideProtocolLimits
495/666 Test #495: GatewayLoginConfigTest.RejectsGrantWindowOutsideProtocolLimits .........................................   Passed    0.02 sec
        Start 496: GatewayLoginConfigTest.LoaderRejectsRetiredSingleKidKeyName
496/666 Test #496: GatewayLoginConfigTest.LoaderRejectsRetiredSingleKidKeyName ............................................   Passed    0.02 sec
        Start 497: GatewayLoginConfigTest.LoaderParsesKeyRingForRotationOverlap
497/666 Test #497: GatewayLoginConfigTest.LoaderParsesKeyRingForRotationOverlap ...........................................   Passed    0.02 sec
        Start 498: GatewaySourceNormalizerTest.IgnoresForwardingHeadersFromUntrustedPeer
498/666 Test #498: GatewaySourceNormalizerTest.IgnoresForwardingHeadersFromUntrustedPeer ..................................   Passed    0.01 sec
        Start 499: GatewaySourceNormalizerTest.UsesFirstUntrustedForwardedHop
499/666 Test #499: GatewaySourceNormalizerTest.UsesFirstUntrustedForwardedHop .............................................   Passed    0.01 sec
        Start 500: GatewayCredentialIngressTest.RejectsMalformedBeforeVerification
500/666 Test #500: GatewayCredentialIngressTest.RejectsMalformedBeforeVerification ........................................   Passed    0.01 sec
        Start 501: GatewayCredentialIngressTest.BoundsEnvelopeBeforeDecode
501/666 Test #501: GatewayCredentialIngressTest.BoundsEnvelopeBeforeDecode ................................................   Passed    0.01 sec
        Start 502: GatewayLoginPipelineTest.CreationValidatesConfigurationAndInstance
502/666 Test #502: GatewayLoginPipelineTest.CreationValidatesConfigurationAndInstance .....................................   Passed    0.02 sec
        Start 503: GatewayLoginPipelineTest.AcceptFullFullQueuedKeepsOneReservationAndDoesNotOversubscribeFetch
503/666 Test #503: GatewayLoginPipelineTest.AcceptFullFullQueuedKeepsOneReservationAndDoesNotOversubscribeFetch ...........   Passed    0.02 sec
        Start 504: GatewayLoginPipelineTest.ReservedAndCommittedJtiRejectConcurrentAndLaterReplay
504/666 Test #504: GatewayLoginPipelineTest.ReservedAndCommittedJtiRejectConcurrentAndLaterReplay .........................   Passed    0.02 sec
        Start 505: GatewayLoginPipelineTest.AdmissionRejectsCrossIdentityCredentialSplice
505/666 Test #505: GatewayLoginPipelineTest.AdmissionRejectsCrossIdentityCredentialSplice .................................   Passed    0.02 sec
        Start 506: GatewayLoginPipelineTest.AdmissionFullAndPrecommitCloseReleaseWithoutBurningCredentials
506/666 Test #506: GatewayLoginPipelineTest.AdmissionFullAndPrecommitCloseReleaseWithoutBurningCredentials ................   Passed    0.02 sec
        Start 507: GatewayLoginPipelineTest.AdmissionSharedStoreCommitsAcrossPipelineInstancesAtMostOnce
507/666 Test #507: GatewayLoginPipelineTest.AdmissionSharedStoreCommitsAcrossPipelineInstancesAtMostOnce ..................   Passed    0.02 sec
        Start 508: GatewayLoginPipelineTest.AdmissionRejectsCrossIdentitySpliceBeforeTransportAccept
508/666 Test #508: GatewayLoginPipelineTest.AdmissionRejectsCrossIdentitySpliceBeforeTransportAccept ......................   Passed    0.02 sec
        Start 509: GatewayLoginPipelineTest.AdmissionStoreOutageFailsNewAttachClosedWithoutStoppingExistingFetch
509/666 Test #509: GatewayLoginPipelineTest.AdmissionStoreOutageFailsNewAttachClosedWithoutStoppingExistingFetch ..........   Passed    0.02 sec
        Start 510: GatewayLoginPipelineTest.AdmissionAmbiguousCommitClosesWithoutFetchOrRelease
510/666 Test #510: GatewayLoginPipelineTest.AdmissionAmbiguousCommitClosesWithoutFetchOrRelease ...........................   Passed    0.02 sec
        Start 511: GatewayLoginPipelineTest.CloseBeforeAcceptCommitReleasesJtiAndFetchReservation
511/666 Test #511: GatewayLoginPipelineTest.CloseBeforeAcceptCommitReleasesJtiAndFetchReservation .........................   Passed    0.02 sec
        Start 512: GatewayLoginPipelineTest.SameFrameCloseWinsOverFetchSuccessAndLateDuplicateCompletions
512/666 Test #512: GatewayLoginPipelineTest.SameFrameCloseWinsOverFetchSuccessAndLateDuplicateCompletions .................   Passed    0.02 sec
        Start 513: GatewayLoginPipelineTest.DestructionCancelsAcceptedFetchWork
513/666 Test #513: GatewayLoginPipelineTest.DestructionCancelsAcceptedFetchWork ...........................................   Passed    0.02 sec
        Start 514: GatewayLoginPipelineTest.FetchSubmitFullDoesNotConsumeRetryAndFailureUsesBackoff
514/666 Test #514: GatewayLoginPipelineTest.FetchSubmitFullDoesNotConsumeRetryAndFailureUsesBackoff .......................   Passed    0.02 sec
        Start 515: GatewayLoginPipelineTest.HandoffFullKeepsFetchingAndQueuedAttemptUsesFreshTicketAndDynamicEndpoint
515/666 Test #515: GatewayLoginPipelineTest.HandoffFullKeepsFetchingAndQueuedAttemptUsesFreshTicketAndDynamicEndpoint .....   Passed    0.02 sec
        Start 516: GatewayLoginPipelineTest.GraceCloseFullRetainsDeadlineStageAndConnectionUntilSessionClosed
516/666 Test #516: GatewayLoginPipelineTest.GraceCloseFullRetainsDeadlineStageAndConnectionUntilSessionClosed .............   Passed    0.02 sec
        Start 517: GatewayLoginPipelineTest.MissingEndpointCreatesCloseIntentWithoutIssuingHandoff
517/666 Test #517: GatewayLoginPipelineTest.MissingEndpointCreatesCloseIntentWithoutIssuingHandoff ........................   Passed    0.02 sec
        Start 518: GatewayLoginPipelineTest.ExhaustedFetchReleasesFetchCapacityAndDeclinesAsPlayerDataUnavailable
518/666 Test #518: GatewayLoginPipelineTest.ExhaustedFetchReleasesFetchCapacityAndDeclinesAsPlayerDataUnavailable .........   Passed    0.02 sec
        Start 519: GatewayLoginPipelineTest.NotEligibleFetchDeclinesImmediatelyWithoutRetry
519/666 Test #519: GatewayLoginPipelineTest.NotEligibleFetchDeclinesImmediatelyWithoutRetry ...............................   Passed    0.02 sec
        Start 520: GatewayLoginPipelineTest.FetchTimeoutCancelsAttemptAndRetriesWithBackoff
520/666 Test #520: GatewayLoginPipelineTest.FetchTimeoutCancelsAttemptAndRetriesWithBackoff ...............................   Passed    0.02 sec
        Start 521: GatewayLoginPipelineTest.StoppedPrimaryTransportMakesPipelineUnhealthyAndBudgetUnavailable
521/666 Test #521: GatewayLoginPipelineTest.StoppedPrimaryTransportMakesPipelineUnhealthyAndBudgetUnavailable .............   Passed    0.02 sec
        Start 522: GatewayLoginPipelineTest.StoppedFetchPortMakesPipelineUnhealthyAndBudgetUnavailable
522/666 Test #522: GatewayLoginPipelineTest.StoppedFetchPortMakesPipelineUnhealthyAndBudgetUnavailable ....................   Passed    0.02 sec
        Start 523: GatewayIngressThrottleTest.SingleSourceBucketThrottlesThenFlagsAbuse
523/666 Test #523: GatewayIngressThrottleTest.SingleSourceBucketThrottlesThenFlagsAbuse ...................................   Passed    0.02 sec
        Start 524: GatewayIngressThrottlePipelineTest.ThrottleIsRetryableErrorAndAbuseClosesConnection
524/666 Test #524: GatewayIngressThrottlePipelineTest.ThrottleIsRetryableErrorAndAbuseClosesConnection ....................   Passed    0.02 sec
        Start 525: LoginVerifyDataFailureTest.ReturnsServiceUnavailableWithoutCredentialLeak
525/666 Test #525: LoginVerifyDataFailureTest.ReturnsServiceUnavailableWithoutCredentialLeak ..............................   Passed    0.01 sec
        Start 526: LoginVerifyHandlerTest.IssuesTokenForValidAccount
526/666 Test #526: LoginVerifyHandlerTest.IssuesTokenForValidAccount ......................................................   Passed    0.01 sec
        Start 527: LoginVerifyHandlerTest.DerivedAccountIdIsReportedAsDecimalString
527/666 Test #527: LoginVerifyHandlerTest.DerivedAccountIdIsReportedAsDecimalString .......................................   Passed    0.01 sec
        Start 528: LoginVerifyHandlerTest.UnknownAccountAndWrongCredentialIndistinguishable
528/666 Test #528: LoginVerifyHandlerTest.UnknownAccountAndWrongCredentialIndistinguishable ...............................   Passed    0.01 sec
        Start 529: LoginVerifyHandlerTest.BannedAccountReturns1002
529/666 Test #529: LoginVerifyHandlerTest.BannedAccountReturns1002 ........................................................   Passed    0.01 sec
        Start 530: LoginVerifyHandlerTest.UnwhitelistedAccountReturns1003
530/666 Test #530: LoginVerifyHandlerTest.UnwhitelistedAccountReturns1003 .................................................   Passed    0.01 sec
        Start 531: LoginVerifyHandlerTest.MalformedRequestsReturn1000
531/666 Test #531: LoginVerifyHandlerTest.MalformedRequestsReturn1000 .....................................................   Passed    0.01 sec
        Start 532: LoginVerifyHandlerTest.OversizedJsonBodyIsRejectedAsInvalidRequest
532/666 Test #532: LoginVerifyHandlerTest.OversizedJsonBodyIsRejectedAsInvalidRequest .....................................   Passed    0.01 sec
        Start 533: LoginVerifyHandlerTest.UnknownPathReturns404
533/666 Test #533: LoginVerifyHandlerTest.UnknownPathReturns404 ...........................................................   Passed    0.01 sec
        Start 534: LoginVerifyHandlerTest.WrongMethodReturns405
534/666 Test #534: LoginVerifyHandlerTest.WrongMethodReturns405 ...........................................................   Passed    0.01 sec
        Start 535: LoginVerifyHandlerTest.ServesJwksMatchingCodec
535/666 Test #535: LoginVerifyHandlerTest.ServesJwksMatchingCodec .........................................................   Passed    0.01 sec
        Start 536: LoginVerifyHandlerTest.ServesHealthz
536/666 Test #536: LoginVerifyHandlerTest.ServesHealthz ...................................................................   Passed    0.01 sec
        Start 537: LoginVerifyHandlerTest.QueryStringIsIgnored
537/666 Test #537: LoginVerifyHandlerTest.QueryStringIsIgnored ............................................................   Passed    0.01 sec
        Start 538: LoginVerifyHandlerTest.JtiDiffersPerIssuance
538/666 Test #538: LoginVerifyHandlerTest.JtiDiffersPerIssuance ...........................................................   Passed    0.01 sec
        Start 539: LoginVerifyHandlerTest.MetricsCountRequestsRejectsAndIssueLatency
539/666 Test #539: LoginVerifyHandlerTest.MetricsCountRequestsRejectsAndIssueLatency ......................................   Passed    0.01 sec
        Start 540: LoginVerifyDispatcherTest.SlowVerificationDoesNotBlockOtherRoutes
540/666 Test #540: LoginVerifyDispatcherTest.SlowVerificationDoesNotBlockOtherRoutes ......................................   Passed    0.01 sec
        Start 541: LoginVerifyDispatcherTest.FullCapacityAnswersServiceUnavailableWithRetryAfter
541/666 Test #541: LoginVerifyDispatcherTest.FullCapacityAnswersServiceUnavailableWithRetryAfter ..........................   Passed    0.01 sec
        Start 542: LoginVerifyDispatcherTest.WrongMethodOnVerifyRouteAnswersImmediately
542/666 Test #542: LoginVerifyDispatcherTest.WrongMethodOnVerifyRouteAnswersImmediately ...................................   Passed    0.01 sec
        Start 543: LoginVerifyDispatcherTest.RejectsZeroWorkersAndZeroCapacity
543/666 Test #543: LoginVerifyDispatcherTest.RejectsZeroWorkersAndZeroCapacity ............................................   Passed    0.01 sec
        Start 544: LoginVerifyServiceTest.VerifiesAccountOverTlsAndIssuesToken
544/666 Test #544: LoginVerifyServiceTest.VerifiesAccountOverTlsAndIssuesToken ............................................   Passed    2.24 sec
        Start 545: LoginVerifyServiceTest.SeesCommittedAccountAccessUpdates
545/666 Test #545: LoginVerifyServiceTest.SeesCommittedAccountAccessUpdates ...............................................   Passed    2.82 sec
        Start 546: LoginVerifyServiceTest.WrongCredentialIsRejectedOverTls
546/666 Test #546: LoginVerifyServiceTest.WrongCredentialIsRejectedOverTls ................................................   Passed    2.31 sec
        Start 547: LoginVerifyServiceTest.ServesJwksOverTls
547/666 Test #547: LoginVerifyServiceTest.ServesJwksOverTls ...............................................................   Passed    2.24 sec
        Start 548: LoginVerifyServiceTest.ServesHealthzOverTls
548/666 Test #548: LoginVerifyServiceTest.ServesHealthzOverTls ............................................................   Passed    2.33 sec
        Start 549: QueueHandlerTest.IssuesSequentialNumbersForDistinctIdentities
549/666 Test #549: QueueHandlerTest.IssuesSequentialNumbersForDistinctIdentities ..........................................   Passed    0.02 sec
        Start 550: QueueHandlerTest.SameIdentityReplaysSameNumber
550/666 Test #550: QueueHandlerTest.SameIdentityReplaysSameNumber .........................................................   Passed    0.01 sec
        Start 551: QueueHandlerTest.StoreFailureIsRetryableAndDoesNotAdvanceNumber
551/666 Test #551: QueueHandlerTest.StoreFailureIsRetryableAndDoesNotAdvanceNumber ........................................   Passed    0.01 sec
        Start 552: QueueHandlerTest.MissingOrMalformedBearerIs1001
552/666 Test #552: QueueHandlerTest.MissingOrMalformedBearerIs1001 ........................................................   Passed    0.01 sec
        Start 553: QueueHandlerTest.InvalidIdentityIs1001
553/666 Test #553: QueueHandlerTest.InvalidIdentityIs1001 .................................................................   Passed    0.01 sec
        Start 554: QueueHandlerTest.ProgressReportsWaterLevelsAndCachePolicy
554/666 Test #554: QueueHandlerTest.ProgressReportsWaterLevelsAndCachePolicy ..............................................   Passed    0.01 sec
        Start 555: QueueHandlerTest.QueuedNumberReportsLivePosition
555/666 Test #555: QueueHandlerTest.QueuedNumberReportsLivePosition .......................................................   Passed    0.01 sec
        Start 556: QueueHandlerTest.ReleasedNumberGetsIdentityBoundAdmissionGrant
556/666 Test #556: QueueHandlerTest.ReleasedNumberGetsIdentityBoundAdmissionGrant .........................................   Passed    0.01 sec
        Start 557: QueueHandlerTest.RepeatedPollingReturnsStableAdmissionGrant
557/666 Test #557: QueueHandlerTest.RepeatedPollingReturnsStableAdmissionGrant ............................................   Passed    0.01 sec
        Start 558: QueueHandlerTest.InvalidOrExpiredNumberIs2001
558/666 Test #558: QueueHandlerTest.InvalidOrExpiredNumberIs2001 ..........................................................   Passed    0.01 sec
        Start 559: QueueHandlerTest.WrongMethodAndUnknownPath
559/666 Test #559: QueueHandlerTest.WrongMethodAndUnknownPath .............................................................   Passed    0.01 sec
        Start 560: QueueHandlerTest.HealthzAndQueryStrings
560/666 Test #560: QueueHandlerTest.HealthzAndQueryStrings ................................................................   Passed    0.01 sec
        Start 561: QueueHandlerTest.MetricsCountProgressRequests
561/666 Test #561: QueueHandlerTest.MetricsCountProgressRequests ..........................................................   Passed    0.01 sec
        Start 562: QueueCoreTest.ReleaseBatchHonorsStepAndBudgets
562/666 Test #562: QueueCoreTest.ReleaseBatchHonorsStepAndBudgets .........................................................   Passed    0.01 sec
        Start 563: QueueCoreTest.ReleaseLedgerMapsEveryBatchBoundaryToStableTime
563/666 Test #563: QueueCoreTest.ReleaseLedgerMapsEveryBatchBoundaryToStableTime ..........................................   Passed    0.01 sec
        Start 564: QueueCoreTest.ReleaseTimeIsNormalizedToPersistedJwsPrecision
564/666 Test #564: QueueCoreTest.ReleaseTimeIsNormalizedToPersistedJwsPrecision ...........................................   Passed    0.01 sec
        Start 565: QueueCoreTest.ReleaseLedgerPrunesOnlyPastWindowAndClockLeeway
565/666 Test #565: QueueCoreTest.ReleaseLedgerPrunesOnlyPastWindowAndClockLeeway ..........................................   Passed    0.01 sec
        Start 566: QueueCoreTest.ReleaseBatchBoundedByIssuedAhead
566/666 Test #566: QueueCoreTest.ReleaseBatchBoundedByIssuedAhead .........................................................   Passed    0.01 sec
        Start 567: QueueCoreTest.ReleaseBatchFailsClosedWithoutBudgets
567/666 Test #567: QueueCoreTest.ReleaseBatchFailsClosedWithoutBudgets ....................................................   Passed    0.01 sec
        Start 568: QueueCoreTest.AggregationUsesPerInstanceMinimum
568/666 Test #568: QueueCoreTest.AggregationUsesPerInstanceMinimum ........................................................   Passed    0.01 sec
        Start 569: QueueCoreTest.AdmitRateMeasuredOverFixedWindow
569/666 Test #569: QueueCoreTest.AdmitRateMeasuredOverFixedWindow .........................................................   Passed    0.01 sec
        Start 570: QueueCoreTest.SnapshotRoundTripsThroughRestore
570/666 Test #570: QueueCoreTest.SnapshotRoundTripsThroughRestore .........................................................   Passed    0.01 sec
        Start 571: QueueCoreTest.RestartPreservesWindowAndCannotRenewIt
571/666 Test #571: QueueCoreTest.RestartPreservesWindowAndCannotRenewIt ...................................................   Passed    0.01 sec
        Start 572: QueueCoreTest.RestoreRejectsInconsistentSnapshot
572/666 Test #572: QueueCoreTest.RestoreRejectsInconsistentSnapshot .......................................................   Passed    0.01 sec
        Start 573: QueueStoreTest.RefreshBudgetsAggregatesBothPrefixes
573/666 Test #573: QueueStoreTest.RefreshBudgetsAggregatesBothPrefixes ....................................................   Passed    0.01 sec
        Start 574: QueueStoreTest.RefreshBudgetsSkipsMalformedEntries
574/666 Test #574: QueueStoreTest.RefreshBudgetsSkipsMalformedEntries .....................................................   Passed    0.01 sec
        Start 575: QueueStoreTest.RefreshBudgetsFailsClosedOnEtcdError
575/666 Test #575: QueueStoreTest.RefreshBudgetsFailsClosedOnEtcdError ....................................................   Passed    0.01 sec
        Start 576: QueueStoreTest.NewIssueCommitsMappingAndSnapshotInOneTransaction
576/666 Test #576: QueueStoreTest.NewIssueCommitsMappingAndSnapshotInOneTransaction .......................................   Passed    0.01 sec
        Start 577: QueueStoreTest.ExistingIdentityRecoversOriginalNumberAndIssueTime
577/666 Test #577: QueueStoreTest.ExistingIdentityRecoversOriginalNumberAndIssueTime ......................................   Passed    0.01 sec
        Start 578: QueueStoreTest.AmbiguousCommitReadsBackDurableIssue
578/666 Test #578: QueueStoreTest.AmbiguousCommitReadsBackDurableIssue ....................................................   Passed    0.01 sec
        Start 579: QueueStoreTest.FailureBeforeCommitReturnsUnavailableWithoutNumber
579/666 Test #579: QueueStoreTest.FailureBeforeCommitReturnsUnavailableWithoutNumber ......................................   Passed    0.01 sec
        Start 580: QueueStoreTest.UnreadableAmbiguousCommitPoisonsFurtherIssuance
580/666 Test #580: QueueStoreTest.UnreadableAmbiguousCommitPoisonsFurtherIssuance .........................................   Passed    0.01 sec
        Start 581: QueueStoreTest.ReusesOneLeaseForSameExpiryBucket
581/666 Test #581: QueueStoreTest.ReusesOneLeaseForSameExpiryBucket .......................................................   Passed    0.01 sec
        Start 582: QueueStoreTest.SaveSnapshotPutsEncodedValue
582/666 Test #582: QueueStoreTest.SaveSnapshotPutsEncodedValue ............................................................   Passed    0.01 sec
        Start 583: QueueStoreTest.SaveSnapshotReturnsFalseOnFailure
583/666 Test #583: QueueStoreTest.SaveSnapshotReturnsFalseOnFailure .......................................................   Passed    0.01 sec
        Start 584: QueueStoreTest.LoadSnapshotParsesStoredValue
584/666 Test #584: QueueStoreTest.LoadSnapshotParsesStoredValue ...........................................................   Passed    0.01 sec
        Start 585: QueueStoreTest.LegacySnapshotRestoresAsExpiredPrefix
585/666 Test #585: QueueStoreTest.LegacySnapshotRestoresAsExpiredPrefix ...................................................   Passed    0.01 sec
        Start 586: QueueStoreTest.LoadSnapshotValidatesIssuanceAcrossPages
586/666 Test #586: QueueStoreTest.LoadSnapshotValidatesIssuanceAcrossPages ................................................   Passed    0.01 sec
        Start 587: QueueStoreTest.LoadSnapshotReturnsNulloptWhenMissing
587/666 Test #587: QueueStoreTest.LoadSnapshotReturnsNulloptWhenMissing ...................................................   Passed    0.01 sec
        Start 588: QueueStoreTest.LoadSnapshotRejectsOrphanIssuanceMappings
588/666 Test #588: QueueStoreTest.LoadSnapshotRejectsOrphanIssuanceMappings ...............................................   Passed    0.01 sec
        Start 589: QueueStoreTest.LoadSnapshotFailsClosedOnUnavailableIssuanceState
589/666 Test #589: QueueStoreTest.LoadSnapshotFailsClosedOnUnavailableIssuanceState .......................................   Passed    0.01 sec
        Start 590: QueueStoreTest.LoadSnapshotRejectsCorruptIssuanceMapping
590/666 Test #590: QueueStoreTest.LoadSnapshotRejectsCorruptIssuanceMapping ...............................................   Passed    0.01 sec
        Start 591: QueueStoreTest.LoadSnapshotFailsClosedOnUnavailableOrCorrupt
591/666 Test #591: QueueStoreTest.LoadSnapshotFailsClosedOnUnavailableOrCorrupt ...........................................   Passed    0.01 sec
        Start 592: QueueStoreEtcdIntegrationTest.ColdBackupRecoversAcknowledgedIssue
592/666 Test #592: QueueStoreEtcdIntegrationTest.ColdBackupRecoversAcknowledgedIssue ......................................   Passed    0.33 sec
        Start 593: QueueStoreEtcdIntegrationTest.IdentityExpiryRemovesRecoveryMapping
593/666 Test #593: QueueStoreEtcdIntegrationTest.IdentityExpiryRemovesRecoveryMapping .....................................   Passed    3.13 sec
        Start 594: QueueStoreEtcdIntegrationTest.MeasuresIssuanceWriteLoadAgainstTarget
594/666 Test #594: QueueStoreEtcdIntegrationTest.MeasuresIssuanceWriteLoadAgainstTarget ...................................   Passed    8.53 sec
        Start 595: QueueProcessRestartTest.RecoversAcknowledgedIssueFromAuthoritativeStore
595/666 Test #595: QueueProcessRestartTest.RecoversAcknowledgedIssueFromAuthoritativeStore ................................   Passed    3.16 sec
        Start 596: QueueTicketingTest.IssuesIdentityBoundQueueNumberV2
596/666 Test #596: QueueTicketingTest.IssuesIdentityBoundQueueNumberV2 ....................................................   Passed    0.01 sec
        Start 597: QueueTicketingTest.ReturnsQueuedShapeBeforeRelease
597/666 Test #597: QueueTicketingTest.ReturnsQueuedShapeBeforeRelease .....................................................   Passed    0.01 sec
        Start 598: QueueTicketingTest.IdempotentIssueAfterReleaseDoesNotUnderflowEta
598/666 Test #598: QueueTicketingTest.IdempotentIssueAfterReleaseDoesNotUnderflowEta ......................................   Passed    0.01 sec
        Start 599: QueueTicketingTest.RepeatedQueriesReturnByteIdenticalGrant
599/666 Test #599: QueueTicketingTest.RepeatedQueriesReturnByteIdenticalGrant .............................................   Passed    0.01 sec
        Start 600: QueueTicketingTest.RestartKeepsOriginalGrantAndReleaseWindow
600/666 Test #600: QueueTicketingTest.RestartKeepsOriginalGrantAndReleaseWindow ...........................................   Passed    0.01 sec
        Start 601: QueueTicketingTest.ReturnsExplicitExpiredAndInvalidOutcomes
601/666 Test #601: QueueTicketingTest.ReturnsExplicitExpiredAndInvalidOutcomes ............................................   Passed    0.01 sec
        Start 602: QueueServiceTest.ServesHealthzOverTls
602/666 Test #602: QueueServiceTest.ServesHealthzOverTls ..................................................................   Passed    0.02 sec
        Start 603: QueueServiceTest.IssuesAndReleasesByBudgetFrame
603/666 Test #603: QueueServiceTest.IssuesAndReleasesByBudgetFrame ........................................................   Passed    0.05 sec
        Start 604: QueueServiceTest.RejectsLegacyAdmittedQueueNumberAtQueryBoundary
604/666 Test #604: QueueServiceTest.RejectsLegacyAdmittedQueueNumberAtQueryBoundary .......................................   Passed    0.02 sec
        Start 605: QueueServiceTest.FailedSnapshotWriteDoesNotPublishRelease
605/666 Test #605: QueueServiceTest.FailedSnapshotWriteDoesNotPublishRelease ..............................................   Passed    0.07 sec
        Start 606: QueueServiceTest.MetricsTrackIssueAdmitAndProgress
606/666 Test #606: QueueServiceTest.MetricsTrackIssueAdmitAndProgress .....................................................   Passed    0.05 sec
        Start 607: QueueServiceTest.FailClosedWhenBudgetsUnavailable
607/666 Test #607: QueueServiceTest.FailClosedWhenBudgetsUnavailable ......................................................   Passed    0.10 sec
        Start 608: QueueServiceTest.RestoresWaterLevelsFromColdBackup
608/666 Test #608: QueueServiceTest.RestoresWaterLevelsFromColdBackup .....................................................   Passed    0.03 sec
        Start 609: QueueServiceTest.RestartRecoversAcknowledgedIssueAndReleasePosition
609/666 Test #609: QueueServiceTest.RestartRecoversAcknowledgedIssueAndReleasePosition ....................................   Passed    0.06 sec
        Start 610: CharacterNameTest.AcceptsOneToSixteenCodePoints
610/666 Test #610: CharacterNameTest.AcceptsOneToSixteenCodePoints ........................................................   Passed    0.01 sec
        Start 611: CharacterNameTest.CountsCodePointsNotBytes
611/666 Test #611: CharacterNameTest.CountsCodePointsNotBytes .............................................................   Passed    0.01 sec
        Start 612: CharacterNameTest.AllowsInnerWhitespaceButNotAtEitherEnd
612/666 Test #612: CharacterNameTest.AllowsInnerWhitespaceButNotAtEitherEnd ...............................................   Passed    0.01 sec
        Start 613: CharacterNameTest.RejectsControlCharacters
613/666 Test #613: CharacterNameTest.RejectsControlCharacters .............................................................   Passed    0.01 sec
        Start 614: CharacterNameTest.RejectsMalformedUtf8
614/666 Test #614: CharacterNameTest.RejectsMalformedUtf8 .................................................................   Passed    0.01 sec
        Start 615: TrainingRuleTest.ShippedRuleTrainsAndCapsAtLevelTen
615/666 Test #615: TrainingRuleTest.ShippedRuleTrainsAndCapsAtLevelTen ....................................................   Passed    0.01 sec
        Start 616: TrainingRuleTest.CallableFromFrameThreadOtherThanConstructor
616/666 Test #616: TrainingRuleTest.CallableFromFrameThreadOtherThanConstructor ...........................................   Passed    0.01 sec
        Start 617: TrainingRuleTest.MissingFileFailsStartup
617/666 Test #617: TrainingRuleTest.MissingFileFailsStartup ...............................................................   Passed    0.01 sec
        Start 618: TrainingRuleFileTest.SyntaxErrorFailsStartup
618/666 Test #618: TrainingRuleFileTest.SyntaxErrorFailsStartup ...........................................................   Passed    0.01 sec
        Start 619: TrainingRuleFileTest.MissingFunctionsFailStartup
619/666 Test #619: TrainingRuleFileTest.MissingFunctionsFailStartup .......................................................   Passed    0.01 sec
        Start 620: TrainingRuleFileTest.RuleWithoutIoAccess
620/666 Test #620: TrainingRuleFileTest.RuleWithoutIoAccess ...............................................................   Passed    0.01 sec
        Start 621: TrainingRuleFileTest.MalformedResultsFailStartup
621/666 Test #621: TrainingRuleFileTest.MalformedResultsFailStartup .......................................................   Passed    0.01 sec
        Start 622: TrainingRuleFileTest.LaterRuleErrorsThrowAtCallTime
622/666 Test #622: TrainingRuleFileTest.LaterRuleErrorsThrowAtCallTime ....................................................   Passed    0.01 sec
        Start 623: RealmSessionsTest.NewAccountListsEmptyRosterInSelection
623/666 Test #623: RealmSessionsTest.NewAccountListsEmptyRosterInSelection ................................................   Passed    0.02 sec
        Start 624: RealmSessionsTest.ListCarriesLevelAndLastSelected
624/666 Test #624: RealmSessionsTest.ListCarriesLevelAndLastSelected ......................................................   Passed    0.02 sec
        Start 625: RealmSessionsTest.InvalidNameIsRejectedWithoutTouchingStore
625/666 Test #625: RealmSessionsTest.InvalidNameIsRejectedWithoutTouchingStore ............................................   Passed    0.02 sec
        Start 626: RealmSessionsTest.CreateMapsTakenNameAndLimit
626/666 Test #626: RealmSessionsTest.CreateMapsTakenNameAndLimit ..........................................................   Passed    0.03 sec
        Start 627: RealmSessionsTest.SelectingForeignCharacterIsRejected
627/666 Test #627: RealmSessionsTest.SelectingForeignCharacterIsRejected ..................................................   Passed    0.02 sec
        Start 628: RealmSessionsTest.PhaseMismatchKeepsSessionOpen
628/666 Test #628: RealmSessionsTest.PhaseMismatchKeepsSessionOpen ........................................................   Passed    0.02 sec
        Start 629: RealmSessionsTest.TrainingFollowsTheSeqProtocol
629/666 Test #629: RealmSessionsTest.TrainingFollowsTheSeqProtocol ........................................................   Passed    0.03 sec
        Start 630: RealmSessionsTest.SeqZeroBeforeAnyTrainingReplaysCurrentState
630/666 Test #630: RealmSessionsTest.SeqZeroBeforeAnyTrainingReplaysCurrentState ..........................................   Passed    0.02 sec
        Start 631: RealmSessionsTest.MaxLevelRejectsTraining
631/666 Test #631: RealmSessionsTest.MaxLevelRejectsTraining ..............................................................   Passed    0.02 sec
        Start 632: RealmSessionsTest.PipelinedRequestsRunInArrivalOrder
632/666 Test #632: RealmSessionsTest.PipelinedRequestsRunInArrivalOrder ...................................................   Passed    0.02 sec
        Start 633: RealmSessionsTest.DisplacementNotifiesAndClosesOldSession
633/666 Test #633: RealmSessionsTest.DisplacementNotifiesAndClosesOldSession ..............................................   Passed    0.03 sec
        Start 634: RealmSessionsTest.UnavailableDataKeepsSessionOpen
634/666 Test #634: RealmSessionsTest.UnavailableDataKeepsSessionOpen ......................................................   Passed    0.02 sec
        Start 635: RealmSessionsTest.FullDataPoolThrottlesWithRetryAfter
635/666 Test #635: RealmSessionsTest.FullDataPoolThrottlesWithRetryAfter ..................................................   Passed    0.02 sec
        Start 636: RealmSessionsTest.OverlongPerSessionBacklogIsThrottled
636/666 Test #636: RealmSessionsTest.OverlongPerSessionBacklogIsThrottled .................................................   Passed    0.02 sec
        Start 637: RealmSessionsTest.RuleErrorsAnswerUnavailableAndKeepSession
637/666 Test #637: RealmSessionsTest.RuleErrorsAnswerUnavailableAndKeepSession ............................................   Passed    0.03 sec
        Start 638: RealmSessionsTest.NonRealmOrServerMessagesAreNotHandled
638/666 Test #638: RealmSessionsTest.NonRealmOrServerMessagesAreNotHandled ................................................   Passed    0.02 sec
        Start 639: RealmJourneyTest.CharacterLifecycleSurvivesReloginAndRealmRestart
639/666 Test #639: RealmJourneyTest.CharacterLifecycleSurvivesReloginAndRealmRestart ......................................   Passed   20.82 sec
        Start 640: LatencyRecorderTest.EmptyRecorderReportsZeros
640/666 Test #640: LatencyRecorderTest.EmptyRecorderReportsZeros ..........................................................   Passed    0.02 sec
        Start 641: LatencyRecorderTest.PercentilesFollowNearestRank
641/666 Test #641: LatencyRecorderTest.PercentilesFollowNearestRank .......................................................   Passed    0.02 sec
        Start 642: LatencyRecorderTest.PercentileOfSmallSample
642/666 Test #642: LatencyRecorderTest.PercentileOfSmallSample ............................................................   Passed    0.02 sec
        Start 643: PhaseCountersTest.FailuresBreakDownByKindAndMerge
643/666 Test #643: PhaseCountersTest.FailuresBreakDownByKindAndMerge ......................................................   Passed    0.01 sec
        Start 644: LoadgenReportTest.RenderLocksPhaseFieldsAndFailureNames
644/666 Test #644: LoadgenReportTest.RenderLocksPhaseFieldsAndFailureNames ................................................   Passed    0.01 sec
        Start 645: FailureKindNameTest.NamesEveryKind
645/666 Test #645: FailureKindNameTest.NamesEveryKind .....................................................................   Passed    0.01 sec
        Start 646: ParseLoadgenLoginTargetTest.AcceptsExplicitTargetsAndAllAlias
646/666 Test #646: ParseLoadgenLoginTargetTest.AcceptsExplicitTargetsAndAllAlias ..........................................   Passed    0.01 sec
        Start 647: LoginChainAdapterTest.MapsEveryTargetToValidatedLoginRun
647/666 Test #647: LoginChainAdapterTest.MapsEveryTargetToValidatedLoginRun ...............................................   Passed    0.01 sec
        Start 648: LoginChainAdapterTest.RejectsInvalidTargetSpecificConfiguration
648/666 Test #648: LoginChainAdapterTest.RejectsInvalidTargetSpecificConfiguration ........................................   Passed    0.01 sec
        Start 649: LoginChainAdapterTest.PollingProfileChangesPacingOnly
649/666 Test #649: LoginChainAdapterTest.PollingProfileChangesPacingOnly ..................................................   Passed    0.01 sec
        Start 650: LoginChainMetricsTest.MapsOperationsToExistingPhaseCounters
650/666 Test #650: LoginChainMetricsTest.MapsOperationsToExistingPhaseCounters ............................................   Passed    0.01 sec
        Start 651: LoginChainMetricsTest.RecordsRealmEntryFailuresAndLatency
651/666 Test #651: LoginChainMetricsTest.RecordsRealmEntryFailuresAndLatency ..............................................   Passed    0.01 sec
        Start 652: LoginChainMetricsTest.PreservesGatewayDialAttachBucketing
652/666 Test #652: LoginChainMetricsTest.PreservesGatewayDialAttachBucketing ..............................................   Passed    0.01 sec
        Start 653: ParseMetricsLineTest.ParsesPlainAndLabeledSeries
653/666 Test #653: ParseMetricsLineTest.ParsesPlainAndLabeledSeries .......................................................   Passed    0.01 sec
        Start 654: ScrapeMetricsTest.ParsesPrometheusBody
654/666 Test #654: ScrapeMetricsTest.ParsesPrometheusBody .................................................................   Passed    0.01 sec
        Start 655: LoadgenIntegrationTest.L1VerifyDirectsTrafficAndCountersAgree
655/666 Test #655: LoadgenIntegrationTest.L1VerifyDirectsTrafficAndCountersAgree ..........................................   Passed    1.84 sec
        Start 656: LoadgenIntegrationTest.L1TicketsIssueTokensAllValidate
656/666 Test #656: LoadgenIntegrationTest.L1TicketsIssueTokensAllValidate .................................................   Passed    4.27 sec
        Start 657: LoadgenIntegrationTest.L1GatewaySoakHoldsWaterLevelWithoutFdLeak
657/666 Test #657: LoadgenIntegrationTest.L1GatewaySoakHoldsWaterLevelWithoutFdLeak .......................................   Passed   16.00 sec
        Start 658: LoadgenIntegrationTest.AdapterAndDecoratorDriveRealGatewayChain
658/666 Test #658: LoadgenIntegrationTest.AdapterAndDecoratorDriveRealGatewayChain ........................................   Passed    5.07 sec
        Start 659: LoadgenIntegrationTest.FullTargetRedeemsRealmSession
659/666 Test #659: LoadgenIntegrationTest.FullTargetRedeemsRealmSession ...................................................   Passed    4.72 sec
        Start 660: LoadgenIntegrationTest.GatewayReadinessRecoversAfterEtcdOutage
660/666 Test #660: LoadgenIntegrationTest.GatewayReadinessRecoversAfterEtcdOutage .........................................   Passed    4.76 sec
        Start 661: LoadgenIntegrationTest.M2ReducedChainCompletesWithLowFetchFailure
661/666 Test #661: LoadgenIntegrationTest.M2ReducedChainCompletesWithLowFetchFailure ......................................   Passed   11.92 sec
        Start 662: LoadgenIntegrationTest.M3SmokeTenThousandTicketsAndConcurrentPolls
662/666 Test #662: LoadgenIntegrationTest.M3SmokeTenThousandTicketsAndConcurrentPolls .....................................   Passed   46.85 sec
        Start 663: LoadgenIntegrationTest.SuccessfulGatewayDialTimeIsExcludedFromAttach
663/666 Test #663: LoadgenIntegrationTest.SuccessfulGatewayDialTimeIsExcludedFromAttach ...................................   Passed    5.77 sec
        Start 664: LoadgenIntegrationTest.GatewayDialFailureIsChargedToAttach
664/666 Test #664: LoadgenIntegrationTest.GatewayDialFailureIsChargedToAttach .............................................   Passed    7.57 sec
        Start 665: LuaHarnessSelfTest
665/666 Test #665: LuaHarnessSelfTest .....................................................................................   Passed    0.56 sec
        Start 666: RealmTrainingRule
666/666 Test #666: RealmTrainingRule ......................................................................................   Passed    0.01 sec

100% tests passed out of 666

Label Time Summary:
integration                                     = 382.08 sec*proc (162 tests)
lua                                             =   0.57 sec*proc (2 tests)
target=account_fetch_port_test                  =   0.08 sec*proc (10 tests)
target=account_store_test                       =   0.11 sec*proc (14 tests)
target=adaptive_poller_test                     =   0.03 sec*proc (5 tests)
target=admission_consumption_store_test         =   0.07 sec*proc (8 tests)
target=admission_grant_test                     =   0.06 sec*proc (9 tests)
target=admission_security_config_test           =   0.04 sec*proc (6 tests)
target=base64url_test                           =   0.03 sec*proc (6 tests)
target=bounded_queue_test                       =   0.01 sec*proc (2 tests)
target=bounded_work_pool_test                   =   0.09 sec*proc (8 tests)
target=character_name_test                      =   0.03 sec*proc (5 tests)
target=compact_jws_test                         =   0.07 sec*proc (11 tests)
target=config_headers_test                      =   0.01 sec*proc (1 test)
target=configs_load_smoke_test                  =   0.15 sec*proc (7 tests)
target=edge_attach_protocol_test                =   0.07 sec*proc (6 tests)
target=edge_session_table_test                  =   0.04 sec*proc (6 tests)
target=event_loop_test                          =   0.26 sec*proc (5 tests)
target=frame_scheduler_test                     =   0.01 sec*proc (2 tests)
target=gateway_admission_test                   =   0.05 sec*proc (5 tests)
target=gateway_headers_test                     =   0.02 sec*proc (1 test)
target=gateway_ingress_test                     =   0.05 sec*proc (4 tests)
target=gateway_ingress_throttle_test            =   0.04 sec*proc (2 tests)
target=gateway_login_config_test                =   0.19 sec*proc (9 tests)
target=gateway_login_pipeline_test              =   0.49 sec*proc (21 tests)
target=gateway_primary_transport_test           =   0.27 sec*proc (7 tests)
target=gateway_runtime_test                     =   0.16 sec*proc (6 tests)
target=gateway_server_test                      =   0.12 sec*proc (5 tests)
target=http1_codec_test                         =   0.12 sec*proc (16 tests)
target=http1_response_parser_test               =   0.09 sec*proc (14 tests)
target=http_server_test                         =   0.67 sec*proc (7 tests)
target=identity_replay_guard_test               =   0.03 sec*proc (5 tests)
target=identity_token_test                      =   0.11 sec*proc (18 tests)
target=json_field_test                          =   0.03 sec*proc (4 tests)
target=json_test                                =   0.09 sec*proc (16 tests)
target=load_topology_test                       =   0.04 sec*proc (5 tests)
target=loadgen_core_test                        =   0.11 sec*proc (7 tests)
target=loadgen_integration_test                 = 108.77 sec*proc (10 tests)
target=loadgen_login_chain_test                 =   0.04 sec*proc (6 tests)
target=login_chain_test                         =   1.74 sec*proc (26 tests)
target=login_verify_dispatcher_test             =   0.04 sec*proc (4 tests)
target=login_verify_handler_test                =   0.13 sec*proc (15 tests)
target=login_verify_service_test                =  11.93 sec*proc (5 tests)
target=lua_runtime_test                         =   0.02 sec*proc (5 tests)
target=metrics_scrape_test                      =   0.01 sec*proc (2 tests)
target=network_codec_test                       =   0.04 sec*proc (6 tests)
target=new_chain_flow_test                      =   7.95 sec*proc (2 tests)
target=observability_logger_test                =   0.08 sec*proc (8 tests)
target=observability_metrics_registry_test      =   0.02 sec*proc (7 tests)
target=player_data_store_test                   =  54.85 sec*proc (24 tests)
target=preferred_transport_connector_test       =   0.08 sec*proc (4 tests)
target=queue_core_test                          =   0.07 sec*proc (11 tests)
target=queue_handler_test                       =   0.12 sec*proc (13 tests)
target=queue_number_test                        =   0.05 sec*proc (8 tests)
target=queue_number_v2_test                     =   0.04 sec*proc (6 tests)
target=queue_process_restart_test               =   3.16 sec*proc (1 test)
target=queue_service_test                       =   0.41 sec*proc (8 tests)
target=queue_store_etcd_integration_test        =  12.00 sec*proc (3 tests)
target=queue_store_test                         =   0.16 sec*proc (19 tests)
target=queue_ticketing_test                     =   0.05 sec*proc (6 tests)
target=quic_transport_test                      =   0.06 sec*proc (1 test)
target=realm_journey_test                       =  20.82 sec*proc (1 test)
target=realm_lua_cli                            =   0.57 sec*proc (2 tests)
target=realm_protocol_test                      =   0.08 sec*proc (7 tests)
target=realm_sessions_test                      =   0.39 sec*proc (16 tests)
target=service_host_test                        =  14.78 sec*proc (69 tests)
target=service_lifecycle_test                   =   0.01 sec*proc (5 tests)
target=service_registry_test                    =   0.38 sec*proc (34 tests)
target=session_ticket_test                      =   0.13 sec*proc (11 tests)
target=tcp_listener_test                        =   0.26 sec*proc (4 tests)
target=tls_tcp_client_dialer_test               =   0.01 sec*proc (2 tests)
target=tls_tcp_transport_test                   =   1.49 sec*proc (6 tests)
target=training_rule_test                       =   0.06 sec*proc (8 tests)
target=transport_factory_test                   =   0.11 sec*proc (7 tests)
target=wire_login_transport_integration_test    =   1.41 sec*proc (7 tests)
target=wire_login_transport_test                =   0.07 sec*proc (5 tests)
unit                                            =   9.33 sec*proc (504 tests)

Total Test time (real) = 391.58 sec
