$ cmake -E copy /home/edwin.guest/code/.bench/p5-20261006/deps-src/sodium-download/libsodium-1.0.22.tar.gz /home/edwin.guest/code/.bench/p6-clock-fixed-20261007/r0/build/dev/third_party/sodium/sodium_external-prefix/src/libsodium-1.0.22.tar.gz
$ cmake --preset dev -DREALMMESH_CCACHE=OFF -DCMAKE_PROJECT_RealmMesh_INCLUDE=/home/edwin.guest/code/.bench/p6-clock-fixed-20261007/cold-r0-results/compile-observer.cmake -DCMAKE_C_LINKER_LAUNCHER=/home/edwin.guest/code/.bench/p6-clock-fixed-20261007/launcher -DCMAKE_CXX_LINKER_LAUNCHER=/home/edwin.guest/code/.bench/p6-clock-fixed-20261007/launcher -DCMAKE_C_COMPILER_LAUNCHER= -DCMAKE_CXX_COMPILER_LAUNCHER= -DFETCHCONTENT_SOURCE_DIR_ABSL=/home/edwin.guest/code/.bench/p5-20261006/deps-src/absl-src -DFETCHCONTENT_SOURCE_DIR_CPP_HTTPLIB_SOURCE=/home/edwin.guest/code/.bench/p5-20261006/deps-src/cpp_httplib_source-src -DFETCHCONTENT_SOURCE_DIR_GOOGLETEST=/home/edwin.guest/code/.bench/p5-20261006/deps-src/googletest-src -DFETCHCONTENT_SOURCE_DIR_LUA_SOURCE=/home/edwin.guest/code/.bench/p5-20261006/deps-src/lua_source-src -DFETCHCONTENT_SOURCE_DIR_LUAUNIT=/home/edwin.guest/code/.bench/p5-20261006/deps-src/luaunit-src -DFETCHCONTENT_SOURCE_DIR_MONGO-C-DRIVER=/home/edwin.guest/code/.bench/p5-20261006/deps-src/mongo-c-driver-src -DFETCHCONTENT_SOURCE_DIR_MONGO-CXX-DRIVER=/home/edwin.guest/code/.bench/p5-20261006/deps-src/mongo-cxx-driver-src -DFETCHCONTENT_SOURCE_DIR_NLOHMANN_JSON_SOURCE=/home/edwin.guest/code/.bench/p5-20261006/deps-src/nlohmann_json_source-src -DFETCHCONTENT_SOURCE_DIR_PROTOBUF=/home/edwin.guest/code/.bench/p5-20261006/deps-src/protobuf-src -DFETCHCONTENT_SOURCE_DIR_REALMMESH_PROTOC=/home/edwin.guest/code/.bench/p5-20261006/deps-src/realmmesh_protoc-src -DFETCHCONTENT_SOURCE_DIR_SOL2_SOURCE=/home/edwin.guest/code/.bench/p5-20261006/deps-src/sol2_source-src -DFETCHCONTENT_SOURCE_DIR_SPDLOG=/home/edwin.guest/code/.bench/p5-20261006/deps-src/spdlog-src
-- The C compiler identification is GNU 15.2.0
-- The CXX compiler identification is GNU 15.2.0
-- Detecting C compiler ABI info
-- Detecting C compiler ABI info - done
-- Check for working C compiler: /usr/bin/cc - skipped
-- Detecting C compile features
-- Detecting C compile features - done
-- Detecting CXX compiler ABI info
-- Detecting CXX compiler ABI info - done
-- Check for working CXX compiler: /usr/bin/c++ - skipped
-- Detecting CXX compile features
-- Detecting CXX compile features - done
-- Using the multi-header code from /home/edwin.guest/code/.bench/p5-20261006/deps-src/nlohmann_json_source-src/include/
-- MsQuic: 2.6.1 (/home/edwin.guest/code/RealmMesh/.tools/msquic/usr/lib/aarch64-linux-gnu/libmsquic.so.2.6.1)
-- Performing Test ABSL_INTERNAL_AT_LEAST_CXX17
-- Performing Test ABSL_INTERNAL_AT_LEAST_CXX17 - Success
-- Performing Test ABSL_INTERNAL_AT_LEAST_CXX20
-- Performing Test ABSL_INTERNAL_AT_LEAST_CXX20 - Failed
-- Performing Test CMAKE_HAVE_LIBC_PTHREAD
-- Performing Test CMAKE_HAVE_LIBC_PTHREAD - Success
-- Found Threads: TRUE
-- protobuf version: 35.0.0
-- Performing Test protobuf_HAVE_LD_VERSION_SCRIPT
-- Performing Test protobuf_HAVE_LD_VERSION_SCRIPT - Success
-- Performing Test protobuf_HAVE_BUILTIN_ATOMICS
-- Performing Test protobuf_HAVE_BUILTIN_ATOMICS - Success
-- Build spdlog: 1.17.0
-- Build type: Debug
-- Looking for fwrite_unlocked
-- Looking for fwrite_unlocked - found
-- Performing Test HAVE_LLD_LINKER_SUPPORT
-- Performing Test HAVE_LLD_LINKER_SUPPORT - Failed
-- Using bundled libbson
-- Looking for snprintf
-- Looking for snprintf - found
-- Performing Test BSON_HAVE_TIMESPEC
-- Performing Test BSON_HAVE_TIMESPEC - Success
-- Looking for gmtime_r
-- Looking for gmtime_r - found
-- Looking for rand_r
-- Looking for rand_r - found
-- Looking for strings.h
-- Looking for strings.h - found
-- Looking for strlcpy
-- Looking for strlcpy - found
-- Looking for stdbool.h
-- Looking for stdbool.h - found
-- Looking for clock_gettime
-- Looking for clock_gettime - found
-- Looking for strnlen
-- Looking for strnlen - found
-- Looking for aligned_alloc
-- Looking for aligned_alloc - not found
-- Looking for sched_getcpu
-- Looking for sched_getcpu - not found
-- libmongoc version (from VERSION_CURRENT file): 2.5.5
-- Disabling zlib compression
-- Found OpenSSL: /usr/lib/aarch64-linux-gnu/libcrypto.so (found version "3.5.5")
-- libmongoc TLS : OpenSSL
-- Looking for ASN1_STRING_get0_data
-- Looking for ASN1_STRING_get0_data - found
-- Using SASL backend : OFF
-- Looking for sys/types.h
-- Looking for sys/types.h - found
-- Looking for stdint.h
-- Looking for stdint.h - found
-- Looking for stddef.h
-- Looking for stddef.h - found
-- Check size of socklen_t
-- Check size of socklen_t - done
-- Looking for res_nsearch
-- Looking for res_nsearch - found
-- Looking for res_search
-- Looking for res_search - found
-- Looking for res_ndestroy
-- Looking for res_ndestroy - not found
-- Looking for res_nclose
-- Looking for res_nclose - found
-- Detected parameters: accept (int, struct sockaddr *, socklen_t *)
-- Performing Test MONGOC_HAVE_SS_FAMILY
-- Performing Test MONGOC_HAVE_SS_FAMILY - Success
-- SASL disabled
-- Enabling utf8proc (bundled)
-- Adding -fPIC to compilation of mongoc_static components
-- Build files generated for:
-- 	build system: Unix Makefiles
-- The following features have been enabled:

 * TLS, for secure network communication (OpenSSL)
 * Cryptography, cryptographic primitives (OpenSSL)

-- The following features have been disabled:

 * AWS Authentication, authenticate with MongoDB servers using credentials from AWS instance metadata. (Manually disabled)
 * SASL Authentication, authenticate with MongoDB servers using SASL: “Simple Authentication and Security Layer” (OFF)

-- bsoncxx version: 4.6.0
-- bsoncxx soversion: 1
-- Auto-configuring bsoncxx to use its own polyfill implementations since C++17 is inactive
-- Using bson targets imported via add_subdirectory() without version checks
-- Performing Test COMPILER_HAS_HIDDEN_VISIBILITY
-- Performing Test COMPILER_HAS_HIDDEN_VISIBILITY - Success
-- Performing Test COMPILER_HAS_HIDDEN_INLINE_VISIBILITY
-- Performing Test COMPILER_HAS_HIDDEN_INLINE_VISIBILITY - Success
-- mongocxx version: 4.6.0
-- mongocxx soversion: 1
-- Using mongoc targets imported via add_subdirectory() without version checks
-- Build files generated for:
-- 	build system: Unix Makefiles
-- realm_network: QUIC transport enabled (MsQuic found)
-- realm_network Event Loop backend: epoll (REALMMESH_NET_BACKEND=auto)
-- Found OpenSSL: /usr/lib/aarch64-linux-gnu/libcrypto.so (found suitable version "3.5.5", minimum required is "3.0") found components: SSL Crypto
-- Configuring done (1.4s)
-- Generating done (0.4s)
CMake Warning:
  Manually-specified variables were not used by the project:

    REALMMESH_CCACHE


-- Build files have been written to: /home/edwin.guest/code/.bench/p6-clock-fixed-20261007/r0/build/dev
$ cmake --build --preset dev --parallel 1
[  0%] Building C object third_party/lua/CMakeFiles/realm_lua.dir/home/edwin.guest/code/.bench/p5-20261006/deps-src/lua_source-src/src/lapi.c.o
[  0%] Building C object third_party/lua/CMakeFiles/realm_lua.dir/home/edwin.guest/code/.bench/p5-20261006/deps-src/lua_source-src/src/lauxlib.c.o
[  0%] Building C object third_party/lua/CMakeFiles/realm_lua.dir/home/edwin.guest/code/.bench/p5-20261006/deps-src/lua_source-src/src/lbaselib.c.o
[  1%] Building C object third_party/lua/CMakeFiles/realm_lua.dir/home/edwin.guest/code/.bench/p5-20261006/deps-src/lua_source-src/src/lcode.c.o
[  1%] Building C object third_party/lua/CMakeFiles/realm_lua.dir/home/edwin.guest/code/.bench/p5-20261006/deps-src/lua_source-src/src/lcorolib.c.o
[  1%] Building C object third_party/lua/CMakeFiles/realm_lua.dir/home/edwin.guest/code/.bench/p5-20261006/deps-src/lua_source-src/src/lctype.c.o
[  1%] Building C object third_party/lua/CMakeFiles/realm_lua.dir/home/edwin.guest/code/.bench/p5-20261006/deps-src/lua_source-src/src/ldblib.c.o
[  1%] Building C object third_party/lua/CMakeFiles/realm_lua.dir/home/edwin.guest/code/.bench/p5-20261006/deps-src/lua_source-src/src/ldebug.c.o
[  1%] Building C object third_party/lua/CMakeFiles/realm_lua.dir/home/edwin.guest/code/.bench/p5-20261006/deps-src/lua_source-src/src/ldo.c.o
[  1%] Building C object third_party/lua/CMakeFiles/realm_lua.dir/home/edwin.guest/code/.bench/p5-20261006/deps-src/lua_source-src/src/ldump.c.o
[  1%] Building C object third_party/lua/CMakeFiles/realm_lua.dir/home/edwin.guest/code/.bench/p5-20261006/deps-src/lua_source-src/src/lfunc.c.o
[  1%] Building C object third_party/lua/CMakeFiles/realm_lua.dir/home/edwin.guest/code/.bench/p5-20261006/deps-src/lua_source-src/src/lgc.c.o
[  1%] Building C object third_party/lua/CMakeFiles/realm_lua.dir/home/edwin.guest/code/.bench/p5-20261006/deps-src/lua_source-src/src/linit.c.o
[  1%] Building C object third_party/lua/CMakeFiles/realm_lua.dir/home/edwin.guest/code/.bench/p5-20261006/deps-src/lua_source-src/src/liolib.c.o
[  1%] Building C object third_party/lua/CMakeFiles/realm_lua.dir/home/edwin.guest/code/.bench/p5-20261006/deps-src/lua_source-src/src/llex.c.o
[  1%] Building C object third_party/lua/CMakeFiles/realm_lua.dir/home/edwin.guest/code/.bench/p5-20261006/deps-src/lua_source-src/src/lmathlib.c.o
[  1%] Building C object third_party/lua/CMakeFiles/realm_lua.dir/home/edwin.guest/code/.bench/p5-20261006/deps-src/lua_source-src/src/lmem.c.o
[  2%] Building C object third_party/lua/CMakeFiles/realm_lua.dir/home/edwin.guest/code/.bench/p5-20261006/deps-src/lua_source-src/src/loadlib.c.o
[  2%] Building C object third_party/lua/CMakeFiles/realm_lua.dir/home/edwin.guest/code/.bench/p5-20261006/deps-src/lua_source-src/src/lobject.c.o
[  2%] Building C object third_party/lua/CMakeFiles/realm_lua.dir/home/edwin.guest/code/.bench/p5-20261006/deps-src/lua_source-src/src/lopcodes.c.o
[  2%] Building C object third_party/lua/CMakeFiles/realm_lua.dir/home/edwin.guest/code/.bench/p5-20261006/deps-src/lua_source-src/src/loslib.c.o
[  2%] Building C object third_party/lua/CMakeFiles/realm_lua.dir/home/edwin.guest/code/.bench/p5-20261006/deps-src/lua_source-src/src/lparser.c.o
[  2%] Building C object third_party/lua/CMakeFiles/realm_lua.dir/home/edwin.guest/code/.bench/p5-20261006/deps-src/lua_source-src/src/lstate.c.o
[  2%] Building C object third_party/lua/CMakeFiles/realm_lua.dir/home/edwin.guest/code/.bench/p5-20261006/deps-src/lua_source-src/src/lstring.c.o
[  2%] Building C object third_party/lua/CMakeFiles/realm_lua.dir/home/edwin.guest/code/.bench/p5-20261006/deps-src/lua_source-src/src/lstrlib.c.o
[  2%] Building C object third_party/lua/CMakeFiles/realm_lua.dir/home/edwin.guest/code/.bench/p5-20261006/deps-src/lua_source-src/src/ltable.c.o
[  2%] Building C object third_party/lua/CMakeFiles/realm_lua.dir/home/edwin.guest/code/.bench/p5-20261006/deps-src/lua_source-src/src/ltablib.c.o
[  2%] Building C object third_party/lua/CMakeFiles/realm_lua.dir/home/edwin.guest/code/.bench/p5-20261006/deps-src/lua_source-src/src/ltm.c.o
[  2%] Building C object third_party/lua/CMakeFiles/realm_lua.dir/home/edwin.guest/code/.bench/p5-20261006/deps-src/lua_source-src/src/lundump.c.o
[  2%] Building C object third_party/lua/CMakeFiles/realm_lua.dir/home/edwin.guest/code/.bench/p5-20261006/deps-src/lua_source-src/src/lutf8lib.c.o
[  4%] Building C object third_party/lua/CMakeFiles/realm_lua.dir/home/edwin.guest/code/.bench/p5-20261006/deps-src/lua_source-src/src/lvm.c.o
[  4%] Building C object third_party/lua/CMakeFiles/realm_lua.dir/home/edwin.guest/code/.bench/p5-20261006/deps-src/lua_source-src/src/lzio.c.o
[  4%] Linking C static library librealm_lua.a
[  4%] Built target realm_lua
[  4%] Building C object third_party/lua/CMakeFiles/realm_lua_cli.dir/home/edwin.guest/code/.bench/p5-20261006/deps-src/lua_source-src/src/lua.c.o
[  4%] Linking C executable realm_lua_cli
[  4%] Built target realm_lua_cli
[  4%] Creating directories for 'sodium_external'
[  4%] Performing download step (download, verify and extract) for 'sodium_external'
-- verifying file...
       file='/home/edwin.guest/code/.bench/p6-clock-fixed-20261007/r0/build/dev/third_party/sodium/sodium_external-prefix/src/libsodium-1.0.22.tar.gz'
-- File already exists and hash match (skip download):
  file='/home/edwin.guest/code/.bench/p6-clock-fixed-20261007/r0/build/dev/third_party/sodium/sodium_external-prefix/src/libsodium-1.0.22.tar.gz'
  SHA256='adbdd8f16149e81ac6078a03aca6fc03b592b89ef7b5ed83841c086191be3349'
-- extracting...
     src='/home/edwin.guest/code/.bench/p6-clock-fixed-20261007/r0/build/dev/third_party/sodium/sodium_external-prefix/src/libsodium-1.0.22.tar.gz'
     dst='/home/edwin.guest/code/.bench/p6-clock-fixed-20261007/r0/build/dev/third_party/sodium/sodium_external-prefix/src/sodium_external'
-- extracting... [tar xf]
-- extracting... [analysis]
-- extracting... [rename]
-- extracting... [clean up]
-- extracting... done
[  4%] No update_disconnected step for 'sodium_external'
[  4%] No patch_disconnected step for 'sodium_external'
[  4%] Performing configure step for 'sodium_external'
checking build system type... aarch64-unknown-linux-gnu
checking host system type... aarch64-unknown-linux-gnu
checking target system type... aarch64-unknown-linux-gnu
checking for a BSD-compatible install... /usr/bin/install -c
checking whether sleep supports fractional seconds... yes
checking filesystem timestamp resolution... 0.01
checking whether build environment is sane... yes
checking for a race-free mkdir -p... /usr/bin/mkdir -p
checking for gawk... gawk
checking whether make sets $(MAKE)... yes
checking whether make supports nested variables... yes
checking xargs -n works... yes
checking whether UID '501' is supported by ustar format... yes
checking whether GID '1000' is supported by ustar format... yes
checking how to create a ustar tar archive... gnutar
checking whether to enable maintainer-specific portions of Makefiles... no
checking for gcc... gcc
checking whether the C compiler works... yes
checking for C compiler default output file name... a.out
checking for suffix of executables... 
checking whether we are cross compiling... no
checking for suffix of object files... o
checking whether the compiler supports GNU C... yes
checking whether gcc accepts -g... yes
checking for gcc option to enable C23 features... none needed
checking whether gcc understands -c and -o together... yes
checking whether make supports the include directive... yes (GNU style)
checking dependency style of gcc... gcc3
checking dependency style of gcc... gcc3
checking for stdio.h... yes
checking for stdlib.h... yes
checking for string.h... yes
checking for inttypes.h... yes
checking for stdint.h... yes
checking for strings.h... yes
checking for sys/stat.h... yes
checking for sys/types.h... yes
checking for unistd.h... yes
checking for wchar.h... yes
checking for minix/config.h... no
checking whether it is safe to define __EXTENSIONS__... yes
checking whether _XOPEN_SOURCE should be defined... no
checking whether C compiler accepts -O3... yes
checking if we are using FilC... no
checking for a sed that does not truncate output... /usr/bin/sed
checking how to run the C preprocessor... gcc -E
checking for egrep -e... /usr/bin/grep -E
checking whether gcc is Clang... no
checking whether pthreads work with "-pthread" and "-lpthread"... yes
checking for joinable pthread attribute... PTHREAD_CREATE_JOINABLE
checking whether more special flags are required for pthreads... no
checking for PTHREAD_PRIO_INHERIT... yes
checking for variable-length arrays... yes
checking for __wasi__ defined... no
checking whether C compiler accepts -Werror... yes
checking whether to add -D_FORTIFY_SOURCE=3 to CPPFLAGS... no
checking whether to add -D_FORTIFY_SOURCE=2 to CPPFLAGS... no
checking whether C compiler accepts -fvisibility=hidden... yes
checking whether C compiler accepts -fPIC... yes
checking whether C compiler accepts -fPIE... yes
checking whether the linker accepts -pie... yes
checking whether C compiler accepts -fno-strict-aliasing... yes
checking whether C compiler accepts -fno-strict-overflow... yes
checking whether C compiler accepts -fstack-protector... yes
checking whether the linker accepts -fstack-protector... yes
checking whether C compiler accepts  -O3 -pthread -fvisibility=hidden -fPIC -fPIE -fno-strict-aliasing -fno-strict-overflow -fstack-protector -Wall... yes
checking whether C compiler accepts  -O3 -pthread -fvisibility=hidden -fPIC -fPIE -fno-strict-aliasing -fno-strict-overflow -fstack-protector -Wno-deprecated-declarations... yes
checking whether C compiler accepts  -O3 -pthread -fvisibility=hidden -fPIC -fPIE -fno-strict-aliasing -fno-strict-overflow -fstack-protector -Wno-deprecated-declarations -Wno-unknown-pragmas... yes
checking for clang... no
checking whether C compiler accepts  -O3 -pthread -fvisibility=hidden -fPIC -fPIE -fno-strict-aliasing -fno-strict-overflow -fstack-protector -Wall -Wextra... yes
checking whether C compiler accepts  -Wextra -Warray-bounds... yes
checking whether C compiler accepts  -Wextra -Warray-bounds -Wbad-function-cast... yes
checking whether C compiler accepts  -Wextra -Warray-bounds -Wbad-function-cast -Wcast-qual... yes
checking whether C compiler accepts  -Wextra -Warray-bounds -Wbad-function-cast -Wcast-qual -Wdiv-by-zero... yes
checking whether C compiler accepts  -Wextra -Warray-bounds -Wbad-function-cast -Wcast-qual -Wdiv-by-zero -Wduplicated-branches... yes
checking whether C compiler accepts  -Wextra -Warray-bounds -Wbad-function-cast -Wcast-qual -Wdiv-by-zero -Wduplicated-branches -Wduplicated-cond... yes
checking whether C compiler accepts  -Wextra -Warray-bounds -Wbad-function-cast -Wcast-qual -Wdiv-by-zero -Wduplicated-branches -Wduplicated-cond -Wfloat-equal... yes
checking whether C compiler accepts  -Wextra -Warray-bounds -Wbad-function-cast -Wcast-qual -Wdiv-by-zero -Wduplicated-branches -Wduplicated-cond -Wfloat-equal -Wformat=2... yes
checking whether C compiler accepts  -Wextra -Warray-bounds -Wbad-function-cast -Wcast-qual -Wdiv-by-zero -Wduplicated-branches -Wduplicated-cond -Wfloat-equal -Wformat=2 -Wlogical-op... yes
checking whether C compiler accepts  -Wextra -Warray-bounds -Wbad-function-cast -Wcast-qual -Wdiv-by-zero -Wduplicated-branches -Wduplicated-cond -Wfloat-equal -Wformat=2 -Wlogical-op -Wmaybe-uninitialized... yes
checking whether C compiler accepts  -Wextra -Warray-bounds -Wbad-function-cast -Wcast-qual -Wdiv-by-zero -Wduplicated-branches -Wduplicated-cond -Wfloat-equal -Wformat=2 -Wlogical-op -Wmaybe-uninitialized -Wmisleading-indentation... yes
checking whether C compiler accepts  -Wextra -Warray-bounds -Wbad-function-cast -Wcast-qual -Wdiv-by-zero -Wduplicated-branches -Wduplicated-cond -Wfloat-equal -Wformat=2 -Wlogical-op -Wmaybe-uninitialized -Wmisleading-indentation -Wmissing-declarations... yes
checking whether C compiler accepts  -Wextra -Warray-bounds -Wbad-function-cast -Wcast-qual -Wdiv-by-zero -Wduplicated-branches -Wduplicated-cond -Wfloat-equal -Wformat=2 -Wlogical-op -Wmaybe-uninitialized -Wmisleading-indentation -Wmissing-declarations -Wmissing-prototypes... yes
checking whether C compiler accepts  -Wextra -Warray-bounds -Wbad-function-cast -Wcast-qual -Wdiv-by-zero -Wduplicated-branches -Wduplicated-cond -Wfloat-equal -Wformat=2 -Wlogical-op -Wmaybe-uninitialized -Wmisleading-indentation -Wmissing-declarations -Wmissing-prototypes -Wnested-externs... yes
checking whether C compiler accepts  -Wextra -Warray-bounds -Wbad-function-cast -Wcast-qual -Wdiv-by-zero -Wduplicated-branches -Wduplicated-cond -Wfloat-equal -Wformat=2 -Wlogical-op -Wmaybe-uninitialized -Wmisleading-indentation -Wmissing-declarations -Wmissing-prototypes -Wnested-externs -Wno-type-limits... yes
checking whether C compiler accepts  -Wextra -Warray-bounds -Wbad-function-cast -Wcast-qual -Wdiv-by-zero -Wduplicated-branches -Wduplicated-cond -Wfloat-equal -Wformat=2 -Wlogical-op -Wmaybe-uninitialized -Wmisleading-indentation -Wmissing-declarations -Wmissing-prototypes -Wnested-externs -Wno-type-limits -Wno-unknown-pragmas... yes
checking whether C compiler accepts  -Wextra -Warray-bounds -Wbad-function-cast -Wcast-qual -Wdiv-by-zero -Wduplicated-branches -Wduplicated-cond -Wfloat-equal -Wformat=2 -Wlogical-op -Wmaybe-uninitialized -Wmisleading-indentation -Wmissing-declarations -Wmissing-prototypes -Wnested-externs -Wno-type-limits -Wno-unknown-pragmas -Wnormalized=id... yes
checking whether C compiler accepts  -Wextra -Warray-bounds -Wbad-function-cast -Wcast-qual -Wdiv-by-zero -Wduplicated-branches -Wduplicated-cond -Wfloat-equal -Wformat=2 -Wlogical-op -Wmaybe-uninitialized -Wmisleading-indentation -Wmissing-declarations -Wmissing-prototypes -Wnested-externs -Wno-type-limits -Wno-unknown-pragmas -Wnormalized=id -Wnull-dereference... yes
checking whether C compiler accepts  -Wextra -Warray-bounds -Wbad-function-cast -Wcast-qual -Wdiv-by-zero -Wduplicated-branches -Wduplicated-cond -Wfloat-equal -Wformat=2 -Wlogical-op -Wmaybe-uninitialized -Wmisleading-indentation -Wmissing-declarations -Wmissing-prototypes -Wnested-externs -Wno-type-limits -Wno-unknown-pragmas -Wnormalized=id -Wnull-dereference -Wold-style-declaration... yes
checking whether C compiler accepts  -Wextra -Warray-bounds -Wbad-function-cast -Wcast-qual -Wdiv-by-zero -Wduplicated-branches -Wduplicated-cond -Wfloat-equal -Wformat=2 -Wlogical-op -Wmaybe-uninitialized -Wmisleading-indentation -Wmissing-declarations -Wmissing-prototypes -Wnested-externs -Wno-type-limits -Wno-unknown-pragmas -Wnormalized=id -Wnull-dereference -Wold-style-declaration -Wpointer-arith... yes
checking whether C compiler accepts  -Wextra -Warray-bounds -Wbad-function-cast -Wcast-qual -Wdiv-by-zero -Wduplicated-branches -Wduplicated-cond -Wfloat-equal -Wformat=2 -Wlogical-op -Wmaybe-uninitialized -Wmisleading-indentation -Wmissing-declarations -Wmissing-prototypes -Wnested-externs -Wno-type-limits -Wno-unknown-pragmas -Wnormalized=id -Wnull-dereference -Wold-style-declaration -Wpointer-arith -Wredundant-decls... yes
checking whether C compiler accepts  -Wextra -Warray-bounds -Wbad-function-cast -Wcast-qual -Wdiv-by-zero -Wduplicated-branches -Wduplicated-cond -Wfloat-equal -Wformat=2 -Wlogical-op -Wmaybe-uninitialized -Wmisleading-indentation -Wmissing-declarations -Wmissing-prototypes -Wnested-externs -Wno-type-limits -Wno-unknown-pragmas -Wnormalized=id -Wnull-dereference -Wold-style-declaration -Wpointer-arith -Wredundant-decls -Wrestrict... yes
checking whether C compiler accepts  -Wextra -Warray-bounds -Wbad-function-cast -Wcast-qual -Wdiv-by-zero -Wduplicated-branches -Wduplicated-cond -Wfloat-equal -Wformat=2 -Wlogical-op -Wmaybe-uninitialized -Wmisleading-indentation -Wmissing-declarations -Wmissing-prototypes -Wnested-externs -Wno-type-limits -Wno-unknown-pragmas -Wnormalized=id -Wnull-dereference -Wold-style-declaration -Wpointer-arith -Wredundant-decls -Wrestrict -Wshorten-64-to-32... no
checking whether C compiler accepts  -Wextra -Warray-bounds -Wbad-function-cast -Wcast-qual -Wdiv-by-zero -Wduplicated-branches -Wduplicated-cond -Wfloat-equal -Wformat=2 -Wlogical-op -Wmaybe-uninitialized -Wmisleading-indentation -Wmissing-declarations -Wmissing-prototypes -Wnested-externs -Wno-type-limits -Wno-unknown-pragmas -Wnormalized=id -Wnull-dereference -Wold-style-declaration -Wpointer-arith -Wredundant-decls -Wrestrict -Wsometimes-uninitialized... no
checking whether C compiler accepts  -Wextra -Warray-bounds -Wbad-function-cast -Wcast-qual -Wdiv-by-zero -Wduplicated-branches -Wduplicated-cond -Wfloat-equal -Wformat=2 -Wlogical-op -Wmaybe-uninitialized -Wmisleading-indentation -Wmissing-declarations -Wmissing-prototypes -Wnested-externs -Wno-type-limits -Wno-unknown-pragmas -Wnormalized=id -Wnull-dereference -Wold-style-declaration -Wpointer-arith -Wredundant-decls -Wrestrict -Wstrict-prototypes... yes
checking whether C compiler accepts  -Wextra -Warray-bounds -Wbad-function-cast -Wcast-qual -Wdiv-by-zero -Wduplicated-branches -Wduplicated-cond -Wfloat-equal -Wformat=2 -Wlogical-op -Wmaybe-uninitialized -Wmisleading-indentation -Wmissing-declarations -Wmissing-prototypes -Wnested-externs -Wno-type-limits -Wno-unknown-pragmas -Wnormalized=id -Wnull-dereference -Wold-style-declaration -Wpointer-arith -Wredundant-decls -Wrestrict -Wstrict-prototypes -Wswitch-enum... yes
checking whether C compiler accepts  -Wextra -Warray-bounds -Wbad-function-cast -Wcast-qual -Wdiv-by-zero -Wduplicated-branches -Wduplicated-cond -Wfloat-equal -Wformat=2 -Wlogical-op -Wmaybe-uninitialized -Wmisleading-indentation -Wmissing-declarations -Wmissing-prototypes -Wnested-externs -Wno-type-limits -Wno-unknown-pragmas -Wnormalized=id -Wnull-dereference -Wold-style-declaration -Wpointer-arith -Wredundant-decls -Wrestrict -Wstrict-prototypes -Wswitch-enum -Wvariable-decl... no
checking whether C compiler accepts  -Wextra -Warray-bounds -Wbad-function-cast -Wcast-qual -Wdiv-by-zero -Wduplicated-branches -Wduplicated-cond -Wfloat-equal -Wformat=2 -Wlogical-op -Wmaybe-uninitialized -Wmisleading-indentation -Wmissing-declarations -Wmissing-prototypes -Wnested-externs -Wno-type-limits -Wno-unknown-pragmas -Wnormalized=id -Wnull-dereference -Wold-style-declaration -Wpointer-arith -Wredundant-decls -Wrestrict -Wstrict-prototypes -Wswitch-enum -Wwrite-strings... yes
checking whether the linker accepts -Wl,-z,relro... yes
checking whether the linker accepts -Wl,-z,now... yes
checking whether the linker accepts -Wl,-z,noexecstack... yes
checking whether segmentation violations can be caught... yes
checking whether SIGABRT can be caught... no
configure: WARNING: On this platform, SIGABRT cannot be caught using signal handlers.
checking for thread local storage (TLS) class... thread_local
thread local storage is supported
checking whether C compiler accepts -ftls-model=global-dynamic... yes
checking how to print strings... printf
checking for a sed that does not truncate output... (cached) /usr/bin/sed
checking for grep that handles long lines and -e... /usr/bin/grep
checking for egrep... /usr/bin/grep -E
checking for fgrep... /usr/bin/grep -F
checking for ld used by gcc... /usr/bin/aarch64-linux-gnu-ld
checking if the linker (/usr/bin/aarch64-linux-gnu-ld) is GNU ld... yes
checking for BSD- or MS-compatible name lister (nm)... /usr/bin/nm -B
checking the name lister (/usr/bin/nm -B) interface... BSD nm
checking whether ln -s works... yes
checking the maximum length of command line arguments... 1572864
checking how to convert aarch64-unknown-linux-gnu file names to aarch64-unknown-linux-gnu format... func_convert_file_noop
checking how to convert aarch64-unknown-linux-gnu file names to toolchain format... func_convert_file_noop
checking for /usr/bin/aarch64-linux-gnu-ld option to reload object files... -r
checking for file... file
checking for objdump... objdump
checking how to recognize dependent libraries... pass_all
checking for dlltool... no
checking how to associate runtime and link libraries... printf %s\n
checking for ranlib... ranlib
checking for ar... ar
checking for archiver @FILE support... @
checking for strip... strip
checking command to parse /usr/bin/nm -B output from gcc object... ok
checking for sysroot... no
checking for a working dd... /usr/bin/dd
checking how to truncate binary pipes... /usr/bin/dd bs=4096 count=1
checking for mt... mt
checking if mt is a manifest tool... no
checking for dlfcn.h... yes
checking for objdir... .libs
checking if gcc supports -fno-rtti -fno-exceptions... no
checking for gcc option to produce PIC... -fPIC -DPIC
checking if gcc PIC flag -fPIC -DPIC works... yes
checking if gcc static flag -static works... yes
checking if gcc supports -c -o file.o... yes
checking if gcc supports -c -o file.o... (cached) yes
checking whether the gcc linker (/usr/bin/aarch64-linux-gnu-ld) supports shared libraries... yes
checking dynamic linker characteristics... GNU/Linux ld.so
checking how to hardcode library paths into programs... immediate
checking whether stripping libraries is possible... yes
checking if libtool supports shared libraries... yes
checking whether to build shared libraries... no
checking whether to build static libraries... yes
checking if we are using CompCert... no
checking for ar... (cached) ar
checking for ARM64 target... yes
checking for ARM crypto instructions set... yes
checking whether C compiler accepts -mmmx... no
checking for MMX instructions set... no
checking whether C compiler accepts -msse2... no
checking for SSE2 instructions set... no
checking whether C compiler accepts -msse3... no
checking for SSE3 instructions set... no
checking whether C compiler accepts -mssse3... no
checking for SSSE3 instructions set... no
checking whether C compiler accepts -msse4.1... no
checking for SSE4.1 instructions set... no
checking whether C compiler accepts -mavx... no
checking for AVX instructions set... no
checking whether C compiler accepts -mavx2... no
checking for AVX2 instructions set... no
checking whether C compiler accepts -mavx512f... no
checking for AVX512F instructions set... no
checking whether C compiler accepts  -O3 -pthread -fvisibility=hidden -fPIC -fPIE -fno-strict-aliasing -fno-strict-overflow -fstack-protector -Wno-deprecated-declarations -Wno-unknown-pragmas -ftls-model=global-dynamic -mno-avx512f... no
checking whether C compiler accepts -maes... no
checking whether C compiler accepts -mpclmul... no
checking for AESNI instructions set and PCLMULQDQ... no
checking whether C compiler accepts -mrdrnd... no
checking for RDRAND... no
checking for sys/mman.h... yes
checking for sys/param.h... yes
checking for sys/random.h... yes
checking for intrin.h... no
checking for sys/auxv.h... yes
checking for CommonCrypto/CommonRandom.h... no
checking for cet.h... no
checking for threads.h... yes
checking if _xgetbv() is available... no
checking for inline... inline
checking whether byte ordering is bigendian... no
checking whether __STDC_LIMIT_MACROS is required... no
checking whether we can use inline asm code... yes
no
checking whether we can use x86_64 asm code... no
checking whether we can assemble AVX opcodes... no
checking for 128-bit arithmetic... yes
checking for cpuid instruction... no
checking if the .private_extern asm directive is supported... no
checking if the .hidden asm directive is supported... yes
checking if weak symbols are supported... yes
checking if atomic operations are supported... yes
checking if C11 memory fences are supported... yes
checking if gcc memory fences are supported... yes
checking for size_t... yes
checking for working alloca.h... yes
checking for alloca... yes
checking for arc4random... yes
checking for arc4random_buf... yes
checking for mmap... yes
checking for mlock... yes
checking for madvise... yes
checking for mprotect... yes
checking for raise... yes
checking for sysconf... yes
checking for getrandom with a standard API... yes
checking for getrandom... yes
checking for getentropy with a standard API... yes
checking for getentropy... yes
checking for getpid... yes
checking for getauxval... yes
checking for elf_aux_info... no
checking for posix_memalign... yes
checking for nanosleep... yes
checking for clock_gettime... yes
checking for memset_s... no
checking for explicit_bzero... yes
checking for memset_explicit... yes
checking for explicit_memset... no
checking if gcc/ld supports -Wl,--output-def... not needed, shared libraries are disabled
checking that generated files are newer than configure... done
configure: creating ./config.status
config.status: creating Makefile
config.status: creating builds/Makefile
config.status: creating contrib/Makefile
config.status: creating dist-build/Makefile
config.status: creating libsodium.pc
config.status: creating libsodium-uninstalled.pc
config.status: creating src/Makefile
config.status: creating src/libsodium/Makefile
config.status: creating src/libsodium/include/Makefile
config.status: creating src/libsodium/include/sodium/version.h
config.status: creating test/default/Makefile
config.status: creating test/Makefile
config.status: executing depfiles commands
config.status: executing libtool commands
[  4%] Performing build step for 'sodium_external'
Making all in builds
Making all in contrib
Making all in dist-build
Making all in src
Making all in libsodium
Making all in include
  CC       crypto_aead/aegis128l/libsodium_la-aead_aegis128l.lo
  CC       crypto_aead/aegis128l/libsodium_la-aegis128l_soft.lo
  CC       crypto_aead/aegis256/libsodium_la-aead_aegis256.lo
  CC       crypto_aead/aegis256/libsodium_la-aegis256_soft.lo
  CC       crypto_aead/aes256gcm/libsodium_la-aead_aes256gcm.lo
  CC       crypto_aead/chacha20poly1305/libsodium_la-aead_chacha20poly1305.lo
  CC       crypto_aead/xchacha20poly1305/libsodium_la-aead_xchacha20poly1305.lo
  CC       crypto_auth/libsodium_la-crypto_auth.lo
  CC       crypto_auth/hmacsha256/libsodium_la-auth_hmacsha256.lo
  CC       crypto_auth/hmacsha512/libsodium_la-auth_hmacsha512.lo
  CC       crypto_auth/hmacsha512256/libsodium_la-auth_hmacsha512256.lo
  CC       crypto_box/libsodium_la-crypto_box.lo
  CC       crypto_box/libsodium_la-crypto_box_easy.lo
  CC       crypto_box/libsodium_la-crypto_box_seal.lo
  CC       crypto_box/curve25519xsalsa20poly1305/libsodium_la-box_curve25519xsalsa20poly1305.lo
  CC       crypto_core/ed25519/ref10/libsodium_la-ed25519_ref10.lo
  CC       crypto_core/hchacha20/libsodium_la-core_hchacha20.lo
  CC       crypto_core/hsalsa20/ref2/libsodium_la-core_hsalsa20_ref2.lo
  CC       crypto_core/hsalsa20/libsodium_la-core_hsalsa20.lo
  CC       crypto_core/keccak1600/libsodium_la-keccak1600.lo
  CC       crypto_core/keccak1600/ref/libsodium_la-keccak1600_ref.lo
  CC       crypto_core/keccak1600/armsha3/libsodium_la-keccak1600_armsha3.lo
  CC       crypto_core/salsa/ref/libsodium_la-core_salsa_ref.lo
  CC       crypto_core/softaes/libsodium_la-softaes.lo
  CC       crypto_generichash/libsodium_la-crypto_generichash.lo
  CC       crypto_generichash/blake2b/libsodium_la-generichash_blake2.lo
  CC       crypto_generichash/blake2b/ref/libsodium_la-blake2b-compress-ref.lo
  CC       crypto_generichash/blake2b/ref/libsodium_la-blake2b-ref.lo
  CC       crypto_generichash/blake2b/ref/libsodium_la-generichash_blake2b.lo
  CC       crypto_hash/libsodium_la-crypto_hash.lo
  CC       crypto_hash/sha256/libsodium_la-hash_sha256.lo
  CC       crypto_hash/sha256/cp/libsodium_la-hash_sha256_cp.lo
  CC       crypto_hash/sha512/libsodium_la-hash_sha512.lo
  CC       crypto_hash/sha512/cp/libsodium_la-hash_sha512_cp.lo
  CC       crypto_hash/sha3/libsodium_la-hash_sha3.lo
  CC       crypto_ipcrypt/libsodium_la-crypto_ipcrypt.lo
  CC       crypto_ipcrypt/libsodium_la-ipcrypt_soft.lo
  CC       crypto_kdf/blake2b/libsodium_la-kdf_blake2b.lo
  CC       crypto_kdf/libsodium_la-crypto_kdf.lo
  CC       crypto_kdf/hkdf/libsodium_la-kdf_hkdf_sha256.lo
  CC       crypto_kdf/hkdf/libsodium_la-kdf_hkdf_sha512.lo
  CC       crypto_kem/libsodium_la-crypto_kem.lo
  CC       crypto_kem/mlkem768/libsodium_la-kem_mlkem768.lo
  CC       crypto_kem/mlkem768/ref/libsodium_la-kem_mlkem768_ref.lo
  CC       crypto_kem/xwing/libsodium_la-kem_xwing.lo
  CC       crypto_kx/libsodium_la-crypto_kx.lo
  CC       crypto_onetimeauth/libsodium_la-crypto_onetimeauth.lo
  CC       crypto_onetimeauth/poly1305/libsodium_la-onetimeauth_poly1305.lo
  CC       crypto_onetimeauth/poly1305/donna/libsodium_la-poly1305_donna.lo
  CC       crypto_pwhash/argon2/libsodium_la-argon2-core.lo
  CC       crypto_pwhash/argon2/libsodium_la-argon2-encoding.lo
  CC       crypto_pwhash/argon2/libsodium_la-argon2-fill-block-ref.lo
  CC       crypto_pwhash/argon2/libsodium_la-argon2-fill-block-wasm32.lo
  CC       crypto_pwhash/argon2/libsodium_la-argon2.lo
  CC       crypto_pwhash/argon2/libsodium_la-blake2b-long.lo
  CC       crypto_pwhash/argon2/libsodium_la-pwhash_argon2i.lo
  CC       crypto_pwhash/argon2/libsodium_la-pwhash_argon2id.lo
  CC       crypto_pwhash/libsodium_la-crypto_pwhash.lo
  CC       crypto_scalarmult/libsodium_la-crypto_scalarmult.lo
  CC       crypto_scalarmult/curve25519/ref10/libsodium_la-x25519_ref10.lo
  CC       crypto_scalarmult/curve25519/libsodium_la-scalarmult_curve25519.lo
  CC       crypto_secretbox/libsodium_la-crypto_secretbox.lo
  CC       crypto_secretbox/libsodium_la-crypto_secretbox_easy.lo
  CC       crypto_secretbox/xsalsa20poly1305/libsodium_la-secretbox_xsalsa20poly1305.lo
  CC       crypto_secretstream/xchacha20poly1305/libsodium_la-secretstream_xchacha20poly1305.lo
  CC       crypto_shorthash/libsodium_la-crypto_shorthash.lo
  CC       crypto_shorthash/siphash24/libsodium_la-shorthash_siphash24.lo
  CC       crypto_shorthash/siphash24/ref/libsodium_la-shorthash_siphash24_ref.lo
  CC       crypto_sign/libsodium_la-crypto_sign.lo
  CC       crypto_sign/ed25519/libsodium_la-sign_ed25519.lo
  CC       crypto_sign/ed25519/ref10/libsodium_la-keypair.lo
  CC       crypto_sign/ed25519/ref10/libsodium_la-open.lo
  CC       crypto_sign/ed25519/ref10/libsodium_la-sign.lo
  CC       crypto_stream/chacha20/libsodium_la-stream_chacha20.lo
  CC       crypto_stream/chacha20/ref/libsodium_la-chacha20_ref.lo
  CC       crypto_stream/libsodium_la-crypto_stream.lo
  CC       crypto_stream/salsa20/libsodium_la-stream_salsa20.lo
  CC       crypto_stream/xsalsa20/libsodium_la-stream_xsalsa20.lo
  CC       crypto_verify/libsodium_la-verify.lo
  CC       crypto_xof/shake128/libsodium_la-xof_shake128.lo
  CC       crypto_xof/shake128/ref/libsodium_la-shake128_ref.lo
  CC       crypto_xof/shake256/libsodium_la-xof_shake256.lo
  CC       crypto_xof/shake256/ref/libsodium_la-shake256_ref.lo
  CC       crypto_xof/turboshake128/libsodium_la-xof_turboshake128.lo
  CC       crypto_xof/turboshake128/ref/libsodium_la-turboshake128_ref.lo
  CC       crypto_xof/turboshake256/libsodium_la-xof_turboshake256.lo
  CC       crypto_xof/turboshake256/ref/libsodium_la-turboshake256_ref.lo
  CC       randombytes/libsodium_la-randombytes.lo
  CC       sodium/libsodium_la-codecs.lo
  CC       sodium/libsodium_la-core.lo
  CC       sodium/libsodium_la-runtime.lo
  CC       sodium/libsodium_la-utils.lo
  CC       sodium/libsodium_la-version.lo
  CC       crypto_stream/salsa20/ref/libsodium_la-salsa20_ref.lo
  CC       crypto_box/curve25519xchacha20poly1305/libsodium_la-box_curve25519xchacha20poly1305.lo
  CC       crypto_box/curve25519xchacha20poly1305/libsodium_la-box_seal_curve25519xchacha20poly1305.lo
  CC       crypto_core/ed25519/libsodium_la-core_ed25519.lo
  CC       crypto_core/ed25519/libsodium_la-core_ristretto255.lo
  CC       crypto_pwhash/scryptsalsa208sha256/libsodium_la-crypto_scrypt-common.lo
  CC       crypto_pwhash/scryptsalsa208sha256/libsodium_la-scrypt_platform.lo
  CC       crypto_pwhash/scryptsalsa208sha256/libsodium_la-pbkdf2-sha256.lo
  CC       crypto_pwhash/scryptsalsa208sha256/libsodium_la-pwhash_scryptsalsa208sha256.lo
  CC       crypto_pwhash/scryptsalsa208sha256/nosse/libsodium_la-pwhash_scryptsalsa208sha256_nosse.lo
  CC       crypto_scalarmult/ed25519/ref10/libsodium_la-scalarmult_ed25519_ref10.lo
  CC       crypto_scalarmult/ristretto255/ref10/libsodium_la-scalarmult_ristretto255_ref10.lo
  CC       crypto_secretbox/xchacha20poly1305/libsodium_la-secretbox_xchacha20poly1305.lo
  CC       crypto_shorthash/siphash24/libsodium_la-shorthash_siphashx24.lo
  CC       crypto_shorthash/siphash24/ref/libsodium_la-shorthash_siphashx24_ref.lo
  CC       crypto_sign/ed25519/ref10/libsodium_la-obsolete.lo
  CC       crypto_stream/salsa2012/ref/libsodium_la-stream_salsa2012_ref.lo
  CC       crypto_stream/salsa2012/libsodium_la-stream_salsa2012.lo
  CC       crypto_stream/salsa208/ref/libsodium_la-stream_salsa208_ref.lo
  CC       crypto_stream/salsa208/libsodium_la-stream_salsa208.lo
  CC       crypto_stream/xchacha20/libsodium_la-stream_xchacha20.lo
  CC       randombytes/sysrandom/libsodium_la-randombytes_sysrandom.lo
  CC       crypto_aead/aegis128l/libaesni_la-aegis128l_aesni.lo
  CC       crypto_aead/aegis256/libaesni_la-aegis256_aesni.lo
  CC       crypto_aead/aes256gcm/aesni/libaesni_la-aead_aes256gcm_aesni.lo
  CC       crypto_ipcrypt/libaesni_la-ipcrypt_aesni.lo
  CCLD     libaesni.la
libtool: warning: '-version-info/-version-number' is ignored for convenience libraries
  CC       crypto_aead/aegis128l/libarmcrypto_la-aegis128l_armcrypto.lo
  CC       crypto_aead/aegis256/libarmcrypto_la-aegis256_armcrypto.lo
  CC       crypto_aead/aes256gcm/armcrypto/libarmcrypto_la-aead_aes256gcm_armcrypto.lo
  CC       crypto_ipcrypt/libarmcrypto_la-ipcrypt_armcrypto.lo
  CC       crypto_pwhash/argon2/libarmcrypto_la-argon2-fill-block-neon.lo
  CCLD     libarmcrypto.la
libtool: warning: '-version-info/-version-number' is ignored for convenience libraries
  CC       crypto_onetimeauth/poly1305/sse2/libsse2_la-poly1305_sse2.lo
  CC       crypto_pwhash/scryptsalsa208sha256/sse/libsse2_la-pwhash_scryptsalsa208sha256_sse.lo
  CC       crypto_stream/salsa20/xmm6int/libsse2_la-salsa20_xmm6int-sse2.lo
  CCLD     libsse2.la
libtool: warning: '-version-info/-version-number' is ignored for convenience libraries
  CC       crypto_generichash/blake2b/ref/libssse3_la-blake2b-compress-ssse3.lo
  CC       crypto_pwhash/argon2/libssse3_la-argon2-fill-block-ssse3.lo
  CC       crypto_stream/chacha20/dolbeau/libssse3_la-chacha20_dolbeau-ssse3.lo
  CCLD     libssse3.la
libtool: warning: '-version-info/-version-number' is ignored for convenience libraries
  CC       crypto_generichash/blake2b/ref/libsse41_la-blake2b-compress-sse41.lo
  CCLD     libsse41.la
libtool: warning: '-version-info/-version-number' is ignored for convenience libraries
  CC       crypto_generichash/blake2b/ref/libavx2_la-blake2b-compress-avx2.lo
  CC       crypto_pwhash/argon2/libavx2_la-argon2-fill-block-avx2.lo
  CC       crypto_stream/chacha20/dolbeau/libavx2_la-chacha20_dolbeau-avx2.lo
  CC       crypto_stream/salsa20/xmm6int/libavx2_la-salsa20_xmm6int-avx2.lo
  CCLD     libavx2.la
libtool: warning: '-version-info/-version-number' is ignored for convenience libraries
  CC       crypto_pwhash/argon2/libavx512f_la-argon2-fill-block-avx512f.lo
  CCLD     libavx512f.la
libtool: warning: '-version-info/-version-number' is ignored for convenience libraries
  CC       randombytes/internal/librdrand_la-randombytes_internal_random.lo
  CCLD     librdrand.la
libtool: warning: '-version-info/-version-number' is ignored for convenience libraries
  CCLD     libsodium.la
Making all in test
Making all in default
[  4%] Performing install step for 'sodium_external'
Making install in builds
Making install in contrib
Making install in dist-build
Making install in src
Making install in libsodium
Making install in include
 /usr/bin/mkdir -p '/home/edwin.guest/code/.bench/p6-clock-fixed-20261007/r0/build/dev/third_party/sodium/install/include'
 /usr/bin/mkdir -p '/home/edwin.guest/code/.bench/p6-clock-fixed-20261007/r0/build/dev/third_party/sodium/install/include/sodium'
 /usr/bin/install -c -m 644  /home/edwin.guest/code/.bench/p6-clock-fixed-20261007/r0/build/dev/third_party/sodium/sodium_external-prefix/src/sodium_external/src/libsodium/include/sodium/core.h /home/edwin.guest/code/.bench/p6-clock-fixed-20261007/r0/build/dev/third_party/sodium/sodium_external-prefix/src/sodium_external/src/libsodium/include/sodium/crypto_aead_aes256gcm.h /home/edwin.guest/code/.bench/p6-clock-fixed-20261007/r0/build/dev/third_party/sodium/sodium_external-prefix/src/sodium_external/src/libsodium/include/sodium/crypto_aead_aegis128l.h /home/edwin.guest/code/.bench/p6-clock-fixed-20261007/r0/build/dev/third_party/sodium/sodium_external-prefix/src/sodium_external/src/libsodium/include/sodium/crypto_aead_aegis256.h /home/edwin.guest/code/.bench/p6-clock-fixed-20261007/r0/build/dev/third_party/sodium/sodium_external-prefix/src/sodium_external/src/libsodium/include/sodium/crypto_aead_chacha20poly1305.h /home/edwin.guest/code/.bench/p6-clock-fixed-20261007/r0/build/dev/third_party/sodium/sodium_external-prefix/src/sodium_external/src/libsodium/include/sodium/crypto_aead_xchacha20poly1305.h /home/edwin.guest/code/.bench/p6-clock-fixed-20261007/r0/build/dev/third_party/sodium/sodium_external-prefix/src/sodium_external/src/libsodium/include/sodium/crypto_auth.h /home/edwin.guest/code/.bench/p6-clock-fixed-20261007/r0/build/dev/third_party/sodium/sodium_external-prefix/src/sodium_external/src/libsodium/include/sodium/crypto_auth_hmacsha256.h /home/edwin.guest/code/.bench/p6-clock-fixed-20261007/r0/build/dev/third_party/sodium/sodium_external-prefix/src/sodium_external/src/libsodium/include/sodium/crypto_auth_hmacsha512.h /home/edwin.guest/code/.bench/p6-clock-fixed-20261007/r0/build/dev/third_party/sodium/sodium_external-prefix/src/sodium_external/src/libsodium/include/sodium/crypto_auth_hmacsha512256.h /home/edwin.guest/code/.bench/p6-clock-fixed-20261007/r0/build/dev/third_party/sodium/sodium_external-prefix/src/sodium_external/src/libsodium/include/sodium/crypto_box.h /home/edwin.guest/code/.bench/p6-clock-fixed-20261007/r0/build/dev/third_party/sodium/sodium_external-prefix/src/sodium_external/src/libsodium/include/sodium/crypto_box_curve25519xchacha20poly1305.h /home/edwin.guest/code/.bench/p6-clock-fixed-20261007/r0/build/dev/third_party/sodium/sodium_external-prefix/src/sodium_external/src/libsodium/include/sodium/crypto_box_curve25519xsalsa20poly1305.h /home/edwin.guest/code/.bench/p6-clock-fixed-20261007/r0/build/dev/third_party/sodium/sodium_external-prefix/src/sodium_external/src/libsodium/include/sodium/crypto_core_ed25519.h /home/edwin.guest/code/.bench/p6-clock-fixed-20261007/r0/build/dev/third_party/sodium/sodium_external-prefix/src/sodium_external/src/libsodium/include/sodium/crypto_core_ristretto255.h /home/edwin.guest/code/.bench/p6-clock-fixed-20261007/r0/build/dev/third_party/sodium/sodium_external-prefix/src/sodium_external/src/libsodium/include/sodium/crypto_core_hchacha20.h /home/edwin.guest/code/.bench/p6-clock-fixed-20261007/r0/build/dev/third_party/sodium/sodium_external-prefix/src/sodium_external/src/libsodium/include/sodium/crypto_core_hsalsa20.h /home/edwin.guest/code/.bench/p6-clock-fixed-20261007/r0/build/dev/third_party/sodium/sodium_external-prefix/src/sodium_external/src/libsodium/include/sodium/crypto_core_keccak1600.h /home/edwin.guest/code/.bench/p6-clock-fixed-20261007/r0/build/dev/third_party/sodium/sodium_external-prefix/src/sodium_external/src/libsodium/include/sodium/crypto_core_salsa20.h /home/edwin.guest/code/.bench/p6-clock-fixed-20261007/r0/build/dev/third_party/sodium/sodium_external-prefix/src/sodium_external/src/libsodium/include/sodium/crypto_core_salsa2012.h /home/edwin.guest/code/.bench/p6-clock-fixed-20261007/r0/build/dev/third_party/sodium/sodium_external-prefix/src/sodium_external/src/libsodium/include/sodium/crypto_core_salsa208.h /home/edwin.guest/code/.bench/p6-clock-fixed-20261007/r0/build/dev/third_party/sodium/sodium_external-prefix/src/sodium_external/src/libsodium/include/sodium/crypto_generichash.h /home/edwin.guest/code/.bench/p6-clock-fixed-20261007/r0/build/dev/third_party/sodium/sodium_external-prefix/src/sodium_external/src/libsodium/include/sodium/crypto_generichash_blake2b.h /home/edwin.guest/code/.bench/p6-clock-fixed-20261007/r0/build/dev/third_party/sodium/sodium_external-prefix/src/sodium_external/src/libsodium/include/sodium/crypto_hash.h /home/edwin.guest/code/.bench/p6-clock-fixed-20261007/r0/build/dev/third_party/sodium/sodium_external-prefix/src/sodium_external/src/libsodium/include/sodium/crypto_hash_sha256.h /home/edwin.guest/code/.bench/p6-clock-fixed-20261007/r0/build/dev/third_party/sodium/sodium_external-prefix/src/sodium_external/src/libsodium/include/sodium/crypto_hash_sha3.h /home/edwin.guest/code/.bench/p6-clock-fixed-20261007/r0/build/dev/third_party/sodium/sodium_external-prefix/src/sodium_external/src/libsodium/include/sodium/crypto_hash_sha512.h /home/edwin.guest/code/.bench/p6-clock-fixed-20261007/r0/build/dev/third_party/sodium/sodium_external-prefix/src/sodium_external/src/libsodium/include/sodium/crypto_ipcrypt.h /home/edwin.guest/code/.bench/p6-clock-fixed-20261007/r0/build/dev/third_party/sodium/sodium_external-prefix/src/sodium_external/src/libsodium/include/sodium/crypto_kdf.h /home/edwin.guest/code/.bench/p6-clock-fixed-20261007/r0/build/dev/third_party/sodium/sodium_external-prefix/src/sodium_external/src/libsodium/include/sodium/crypto_kdf_hkdf_sha256.h /home/edwin.guest/code/.bench/p6-clock-fixed-20261007/r0/build/dev/third_party/sodium/sodium_external-prefix/src/sodium_external/src/libsodium/include/sodium/crypto_kdf_hkdf_sha512.h /home/edwin.guest/code/.bench/p6-clock-fixed-20261007/r0/build/dev/third_party/sodium/sodium_external-prefix/src/sodium_external/src/libsodium/include/sodium/crypto_kdf_blake2b.h /home/edwin.guest/code/.bench/p6-clock-fixed-20261007/r0/build/dev/third_party/sodium/sodium_external-prefix/src/sodium_external/src/libsodium/include/sodium/crypto_kem.h /home/edwin.guest/code/.bench/p6-clock-fixed-20261007/r0/build/dev/third_party/sodium/sodium_external-prefix/src/sodium_external/src/libsodium/include/sodium/crypto_kem_mlkem768.h /home/edwin.guest/code/.bench/p6-clock-fixed-20261007/r0/build/dev/third_party/sodium/sodium_external-prefix/src/sodium_external/src/libsodium/include/sodium/crypto_kem_xwing.h /home/edwin.guest/code/.bench/p6-clock-fixed-20261007/r0/build/dev/third_party/sodium/sodium_external-prefix/src/sodium_external/src/libsodium/include/sodium/crypto_kx.h /home/edwin.guest/code/.bench/p6-clock-fixed-20261007/r0/build/dev/third_party/sodium/sodium_external-prefix/src/sodium_external/src/libsodium/include/sodium/crypto_onetimeauth.h /home/edwin.guest/code/.bench/p6-clock-fixed-20261007/r0/build/dev/third_party/sodium/sodium_external-prefix/src/sodium_external/src/libsodium/include/sodium/crypto_onetimeauth_poly1305.h /home/edwin.guest/code/.bench/p6-clock-fixed-20261007/r0/build/dev/third_party/sodium/sodium_external-prefix/src/sodium_external/src/libsodium/include/sodium/crypto_pwhash.h /home/edwin.guest/code/.bench/p6-clock-fixed-20261007/r0/build/dev/third_party/sodium/sodium_external-prefix/src/sodium_external/src/libsodium/include/sodium/crypto_pwhash_argon2i.h '/home/edwin.guest/code/.bench/p6-clock-fixed-20261007/r0/build/dev/third_party/sodium/install/include/sodium'
 /usr/bin/mkdir -p '/home/edwin.guest/code/.bench/p6-clock-fixed-20261007/r0/build/dev/third_party/sodium/install/include/sodium'
 /usr/bin/install -c -m 644  /home/edwin.guest/code/.bench/p6-clock-fixed-20261007/r0/build/dev/third_party/sodium/sodium_external-prefix/src/sodium_external/src/libsodium/include/sodium/crypto_pwhash_argon2id.h /home/edwin.guest/code/.bench/p6-clock-fixed-20261007/r0/build/dev/third_party/sodium/sodium_external-prefix/src/sodium_external/src/libsodium/include/sodium/crypto_pwhash_scryptsalsa208sha256.h /home/edwin.guest/code/.bench/p6-clock-fixed-20261007/r0/build/dev/third_party/sodium/sodium_external-prefix/src/sodium_external/src/libsodium/include/sodium/crypto_scalarmult.h /home/edwin.guest/code/.bench/p6-clock-fixed-20261007/r0/build/dev/third_party/sodium/sodium_external-prefix/src/sodium_external/src/libsodium/include/sodium/crypto_scalarmult_curve25519.h /home/edwin.guest/code/.bench/p6-clock-fixed-20261007/r0/build/dev/third_party/sodium/sodium_external-prefix/src/sodium_external/src/libsodium/include/sodium/crypto_scalarmult_ed25519.h /home/edwin.guest/code/.bench/p6-clock-fixed-20261007/r0/build/dev/third_party/sodium/sodium_external-prefix/src/sodium_external/src/libsodium/include/sodium/crypto_scalarmult_ristretto255.h /home/edwin.guest/code/.bench/p6-clock-fixed-20261007/r0/build/dev/third_party/sodium/sodium_external-prefix/src/sodium_external/src/libsodium/include/sodium/crypto_secretbox.h /home/edwin.guest/code/.bench/p6-clock-fixed-20261007/r0/build/dev/third_party/sodium/sodium_external-prefix/src/sodium_external/src/libsodium/include/sodium/crypto_secretbox_xchacha20poly1305.h /home/edwin.guest/code/.bench/p6-clock-fixed-20261007/r0/build/dev/third_party/sodium/sodium_external-prefix/src/sodium_external/src/libsodium/include/sodium/crypto_secretbox_xsalsa20poly1305.h /home/edwin.guest/code/.bench/p6-clock-fixed-20261007/r0/build/dev/third_party/sodium/sodium_external-prefix/src/sodium_external/src/libsodium/include/sodium/crypto_secretstream_xchacha20poly1305.h /home/edwin.guest/code/.bench/p6-clock-fixed-20261007/r0/build/dev/third_party/sodium/sodium_external-prefix/src/sodium_external/src/libsodium/include/sodium/crypto_shorthash.h /home/edwin.guest/code/.bench/p6-clock-fixed-20261007/r0/build/dev/third_party/sodium/sodium_external-prefix/src/sodium_external/src/libsodium/include/sodium/crypto_shorthash_siphash24.h /home/edwin.guest/code/.bench/p6-clock-fixed-20261007/r0/build/dev/third_party/sodium/sodium_external-prefix/src/sodium_external/src/libsodium/include/sodium/crypto_sign.h /home/edwin.guest/code/.bench/p6-clock-fixed-20261007/r0/build/dev/third_party/sodium/sodium_external-prefix/src/sodium_external/src/libsodium/include/sodium/crypto_sign_ed25519.h /home/edwin.guest/code/.bench/p6-clock-fixed-20261007/r0/build/dev/third_party/sodium/sodium_external-prefix/src/sodium_external/src/libsodium/include/sodium/crypto_sign_edwards25519sha512batch.h /home/edwin.guest/code/.bench/p6-clock-fixed-20261007/r0/build/dev/third_party/sodium/sodium_external-prefix/src/sodium_external/src/libsodium/include/sodium/crypto_stream.h /home/edwin.guest/code/.bench/p6-clock-fixed-20261007/r0/build/dev/third_party/sodium/sodium_external-prefix/src/sodium_external/src/libsodium/include/sodium/crypto_stream_chacha20.h /home/edwin.guest/code/.bench/p6-clock-fixed-20261007/r0/build/dev/third_party/sodium/sodium_external-prefix/src/sodium_external/src/libsodium/include/sodium/crypto_stream_salsa20.h /home/edwin.guest/code/.bench/p6-clock-fixed-20261007/r0/build/dev/third_party/sodium/sodium_external-prefix/src/sodium_external/src/libsodium/include/sodium/crypto_stream_salsa2012.h /home/edwin.guest/code/.bench/p6-clock-fixed-20261007/r0/build/dev/third_party/sodium/sodium_external-prefix/src/sodium_external/src/libsodium/include/sodium/crypto_stream_salsa208.h /home/edwin.guest/code/.bench/p6-clock-fixed-20261007/r0/build/dev/third_party/sodium/sodium_external-prefix/src/sodium_external/src/libsodium/include/sodium/crypto_stream_xchacha20.h /home/edwin.guest/code/.bench/p6-clock-fixed-20261007/r0/build/dev/third_party/sodium/sodium_external-prefix/src/sodium_external/src/libsodium/include/sodium/crypto_stream_xsalsa20.h /home/edwin.guest/code/.bench/p6-clock-fixed-20261007/r0/build/dev/third_party/sodium/sodium_external-prefix/src/sodium_external/src/libsodium/include/sodium/crypto_verify_16.h /home/edwin.guest/code/.bench/p6-clock-fixed-20261007/r0/build/dev/third_party/sodium/sodium_external-prefix/src/sodium_external/src/libsodium/include/sodium/crypto_verify_32.h /home/edwin.guest/code/.bench/p6-clock-fixed-20261007/r0/build/dev/third_party/sodium/sodium_external-prefix/src/sodium_external/src/libsodium/include/sodium/crypto_verify_64.h /home/edwin.guest/code/.bench/p6-clock-fixed-20261007/r0/build/dev/third_party/sodium/sodium_external-prefix/src/sodium_external/src/libsodium/include/sodium/crypto_xof_shake128.h /home/edwin.guest/code/.bench/p6-clock-fixed-20261007/r0/build/dev/third_party/sodium/sodium_external-prefix/src/sodium_external/src/libsodium/include/sodium/crypto_xof_shake256.h /home/edwin.guest/code/.bench/p6-clock-fixed-20261007/r0/build/dev/third_party/sodium/sodium_external-prefix/src/sodium_external/src/libsodium/include/sodium/crypto_xof_turboshake128.h /home/edwin.guest/code/.bench/p6-clock-fixed-20261007/r0/build/dev/third_party/sodium/sodium_external-prefix/src/sodium_external/src/libsodium/include/sodium/crypto_xof_turboshake256.h /home/edwin.guest/code/.bench/p6-clock-fixed-20261007/r0/build/dev/third_party/sodium/sodium_external-prefix/src/sodium_external/src/libsodium/include/sodium/export.h /home/edwin.guest/code/.bench/p6-clock-fixed-20261007/r0/build/dev/third_party/sodium/sodium_external-prefix/src/sodium_external/src/libsodium/include/sodium/randombytes.h /home/edwin.guest/code/.bench/p6-clock-fixed-20261007/r0/build/dev/third_party/sodium/sodium_external-prefix/src/sodium_external/src/libsodium/include/sodium/randombytes_internal_random.h /home/edwin.guest/code/.bench/p6-clock-fixed-20261007/r0/build/dev/third_party/sodium/sodium_external-prefix/src/sodium_external/src/libsodium/include/sodium/randombytes_sysrandom.h /home/edwin.guest/code/.bench/p6-clock-fixed-20261007/r0/build/dev/third_party/sodium/sodium_external-prefix/src/sodium_external/src/libsodium/include/sodium/runtime.h /home/edwin.guest/code/.bench/p6-clock-fixed-20261007/r0/build/dev/third_party/sodium/sodium_external-prefix/src/sodium_external/src/libsodium/include/sodium/utils.h '/home/edwin.guest/code/.bench/p6-clock-fixed-20261007/r0/build/dev/third_party/sodium/install/include/sodium'
 /usr/bin/install -c -m 644  /home/edwin.guest/code/.bench/p6-clock-fixed-20261007/r0/build/dev/third_party/sodium/sodium_external-prefix/src/sodium_external/src/libsodium/include/sodium.h '/home/edwin.guest/code/.bench/p6-clock-fixed-20261007/r0/build/dev/third_party/sodium/install/include/.'
 /usr/bin/mkdir -p '/home/edwin.guest/code/.bench/p6-clock-fixed-20261007/r0/build/dev/third_party/sodium/install/include'
 /usr/bin/mkdir -p '/home/edwin.guest/code/.bench/p6-clock-fixed-20261007/r0/build/dev/third_party/sodium/install/include/sodium'
 /usr/bin/install -c -m 644  sodium/version.h '/home/edwin.guest/code/.bench/p6-clock-fixed-20261007/r0/build/dev/third_party/sodium/install/include/sodium'
 /usr/bin/mkdir -p '/home/edwin.guest/code/.bench/p6-clock-fixed-20261007/r0/build/dev/third_party/sodium/install/lib'
 /bin/bash ../../libtool   --mode=install /usr/bin/install -c   libsodium.la '/home/edwin.guest/code/.bench/p6-clock-fixed-20261007/r0/build/dev/third_party/sodium/install/lib'
libtool: install: /usr/bin/install -c .libs/libsodium.lai /home/edwin.guest/code/.bench/p6-clock-fixed-20261007/r0/build/dev/third_party/sodium/install/lib/libsodium.la
libtool: install: /usr/bin/install -c .libs/libsodium.a /home/edwin.guest/code/.bench/p6-clock-fixed-20261007/r0/build/dev/third_party/sodium/install/lib/libsodium.a
libtool: install: chmod 644 /home/edwin.guest/code/.bench/p6-clock-fixed-20261007/r0/build/dev/third_party/sodium/install/lib/libsodium.a
libtool: install: ranlib /home/edwin.guest/code/.bench/p6-clock-fixed-20261007/r0/build/dev/third_party/sodium/install/lib/libsodium.a
libtool: finish: PATH="/usr/local/sbin:/usr/local/bin:/usr/sbin:/usr/bin:/sbin:/bin:/usr/games:/usr/local/games:/snap/bin:/sbin" ldconfig -n /home/edwin.guest/code/.bench/p6-clock-fixed-20261007/r0/build/dev/third_party/sodium/install/lib
----------------------------------------------------------------------
Libraries have been installed in:
   /home/edwin.guest/code/.bench/p6-clock-fixed-20261007/r0/build/dev/third_party/sodium/install/lib

If you ever happen to want to link against installed libraries
in a given directory, LIBDIR, you must either use libtool, and
specify the full pathname of the library, or use the '-LLIBDIR'
flag during linking and do at least one of the following:
   - add LIBDIR to the 'LD_LIBRARY_PATH' environment variable
     during execution
   - add LIBDIR to the 'LD_RUN_PATH' environment variable
     during linking
   - use the '-Wl,-rpath -Wl,LIBDIR' linker flag
   - have your system administrator add LIBDIR to '/etc/ld.so.conf'

See any operating system documentation about shared libraries for
more information, such as the ld(1) and ld.so(8) manual pages.
----------------------------------------------------------------------
Making install in test
Making install in default
 /usr/bin/mkdir -p '/home/edwin.guest/code/.bench/p6-clock-fixed-20261007/r0/build/dev/third_party/sodium/install/lib/pkgconfig'
 /usr/bin/install -c -m 644 libsodium.pc '/home/edwin.guest/code/.bench/p6-clock-fixed-20261007/r0/build/dev/third_party/sodium/install/lib/pkgconfig'
[  4%] Completed 'sodium_external'
[  4%] Built target sodium_external
[  4%] Building CXX object _deps/absl-build/absl/base/CMakeFiles/absl_log_severity.dir/log_severity.cc.o
[  5%] Linking CXX static library libabsl_log_severity.a
[  5%] Built target absl_log_severity
[  5%] Building CXX object _deps/absl-build/absl/base/CMakeFiles/absl_raw_logging_internal.dir/internal/raw_logging.cc.o
[  5%] Linking CXX static library libabsl_raw_logging_internal.a
[  5%] Built target absl_raw_logging_internal
[  5%] Building CXX object _deps/absl-build/absl/base/CMakeFiles/absl_spinlock_wait.dir/internal/spinlock_wait.cc.o
[  5%] Linking CXX static library libabsl_spinlock_wait.a
[  5%] Built target absl_spinlock_wait
[  5%] Building CXX object _deps/absl-build/absl/base/CMakeFiles/absl_base.dir/internal/cycleclock.cc.o
[  5%] Building CXX object _deps/absl-build/absl/base/CMakeFiles/absl_base.dir/internal/spinlock.cc.o
[  5%] Building CXX object _deps/absl-build/absl/base/CMakeFiles/absl_base.dir/internal/sysinfo.cc.o
[  5%] Building CXX object _deps/absl-build/absl/base/CMakeFiles/absl_base.dir/internal/thread_identity.cc.o
[  5%] Building CXX object _deps/absl-build/absl/base/CMakeFiles/absl_base.dir/internal/unscaledcycleclock.cc.o
[  5%] Linking CXX static library libabsl_base.a
[  5%] Built target absl_base
[  5%] Building CXX object _deps/absl-build/absl/base/CMakeFiles/absl_malloc_internal.dir/internal/low_level_alloc.cc.o
[  5%] Linking CXX static library libabsl_malloc_internal.a
[  5%] Built target absl_malloc_internal
[  5%] Building CXX object _deps/absl-build/absl/base/CMakeFiles/absl_throw_delegate.dir/internal/throw_delegate.cc.o
[  5%] Linking CXX static library libabsl_throw_delegate.a
[  5%] Built target absl_throw_delegate
[  5%] Building CXX object _deps/absl-build/absl/base/CMakeFiles/absl_scoped_set_env.dir/internal/scoped_set_env.cc.o
[  6%] Linking CXX static library libabsl_scoped_set_env.a
[  6%] Built target absl_scoped_set_env
[  6%] Building CXX object _deps/absl-build/absl/base/CMakeFiles/absl_strerror.dir/internal/strerror.cc.o
[  6%] Linking CXX static library libabsl_strerror.a
[  6%] Built target absl_strerror
[  6%] Building CXX object _deps/absl-build/absl/base/CMakeFiles/absl_poison.dir/internal/poison.cc.o
[  6%] Linking CXX static library libabsl_poison.a
[  6%] Built target absl_poison
[  6%] Building CXX object _deps/absl-build/absl/base/CMakeFiles/absl_tracing_internal.dir/internal/tracing.cc.o
[  6%] Linking CXX static library libabsl_tracing_internal.a
[  6%] Built target absl_tracing_internal
[  6%] Building CXX object _deps/absl-build/absl/time/CMakeFiles/absl_time_zone.dir/internal/cctz/src/time_zone_fixed.cc.o
[  6%] Building CXX object _deps/absl-build/absl/time/CMakeFiles/absl_time_zone.dir/internal/cctz/src/time_zone_format.cc.o
[  6%] Building CXX object _deps/absl-build/absl/time/CMakeFiles/absl_time_zone.dir/internal/cctz/src/time_zone_if.cc.o
[  8%] Building CXX object _deps/absl-build/absl/time/CMakeFiles/absl_time_zone.dir/internal/cctz/src/time_zone_impl.cc.o
[  8%] Building CXX object _deps/absl-build/absl/time/CMakeFiles/absl_time_zone.dir/internal/cctz/src/time_zone_info.cc.o
[  8%] Building CXX object _deps/absl-build/absl/time/CMakeFiles/absl_time_zone.dir/internal/cctz/src/time_zone_libc.cc.o
[  8%] Building CXX object _deps/absl-build/absl/time/CMakeFiles/absl_time_zone.dir/internal/cctz/src/time_zone_lookup.cc.o
[  8%] Building CXX object _deps/absl-build/absl/time/CMakeFiles/absl_time_zone.dir/internal/cctz/src/time_zone_posix.cc.o
[  8%] Building CXX object _deps/absl-build/absl/time/CMakeFiles/absl_time_zone.dir/internal/cctz/src/zone_info_source.cc.o
[  8%] Linking CXX static library libabsl_time_zone.a
[  8%] Built target absl_time_zone
[  9%] Building CXX object _deps/absl-build/absl/debugging/CMakeFiles/absl_debugging_internal.dir/internal/address_is_readable.cc.o
[  9%] Building CXX object _deps/absl-build/absl/debugging/CMakeFiles/absl_debugging_internal.dir/internal/elf_mem_image.cc.o
[  9%] Building CXX object _deps/absl-build/absl/debugging/CMakeFiles/absl_debugging_internal.dir/internal/vdso_support.cc.o
[  9%] Linking CXX static library libabsl_debugging_internal.a
[  9%] Built target absl_debugging_internal
[  9%] Building CXX object _deps/absl-build/absl/debugging/CMakeFiles/absl_stacktrace.dir/stacktrace.cc.o
[  9%] Linking CXX static library libabsl_stacktrace.a
[  9%] Built target absl_stacktrace
[  9%] Building CXX object _deps/absl-build/absl/strings/CMakeFiles/absl_strings_internal.dir/internal/ostringstream.cc.o
[  9%] Building CXX object _deps/absl-build/absl/strings/CMakeFiles/absl_strings_internal.dir/internal/utf8.cc.o
[  9%] Building CXX object _deps/absl-build/absl/strings/CMakeFiles/absl_strings_internal.dir/internal/escaping.cc.o
[ 10%] Linking CXX static library libabsl_strings_internal.a
[ 10%] Built target absl_strings_internal
[ 10%] Building CXX object _deps/absl-build/absl/debugging/CMakeFiles/absl_utf8_for_code_point.dir/internal/utf8_for_code_point.cc.o
[ 10%] Linking CXX static library libabsl_utf8_for_code_point.a
[ 10%] Built target absl_utf8_for_code_point
[ 10%] Building CXX object _deps/absl-build/absl/debugging/CMakeFiles/absl_decode_rust_punycode.dir/internal/decode_rust_punycode.cc.o
[ 10%] Linking CXX static library libabsl_decode_rust_punycode.a
[ 10%] Built target absl_decode_rust_punycode
[ 10%] Building CXX object _deps/absl-build/absl/debugging/CMakeFiles/absl_demangle_rust.dir/internal/demangle_rust.cc.o
[ 10%] Linking CXX static library libabsl_demangle_rust.a
[ 10%] Built target absl_demangle_rust
[ 10%] Building CXX object _deps/absl-build/absl/debugging/CMakeFiles/absl_demangle_internal.dir/internal/demangle.cc.o
[ 10%] Linking CXX static library libabsl_demangle_internal.a
[ 10%] Built target absl_demangle_internal
[ 10%] Building CXX object _deps/absl-build/absl/numeric/CMakeFiles/absl_int128.dir/int128.cc.o
[ 10%] Linking CXX static library libabsl_int128.a
[ 10%] Built target absl_int128
[ 10%] Building CXX object _deps/absl-build/absl/strings/CMakeFiles/absl_string_view.dir/string_view.cc.o
[ 10%] Linking CXX static library libabsl_string_view.a
[ 10%] Built target absl_string_view
[ 10%] Building CXX object _deps/absl-build/absl/strings/CMakeFiles/absl_strings.dir/ascii.cc.o
[ 10%] Building CXX object _deps/absl-build/absl/strings/CMakeFiles/absl_strings.dir/charconv.cc.o
[ 10%] Building CXX object _deps/absl-build/absl/strings/CMakeFiles/absl_strings.dir/escaping.cc.o
[ 10%] Building CXX object _deps/absl-build/absl/strings/CMakeFiles/absl_strings.dir/internal/charconv_bigint.cc.o
[ 10%] Building CXX object _deps/absl-build/absl/strings/CMakeFiles/absl_strings.dir/internal/charconv_parse.cc.o
[ 12%] Building CXX object _deps/absl-build/absl/strings/CMakeFiles/absl_strings.dir/internal/damerau_levenshtein_distance.cc.o
[ 12%] Building CXX object _deps/absl-build/absl/strings/CMakeFiles/absl_strings.dir/internal/memutil.cc.o
[ 12%] Building CXX object _deps/absl-build/absl/strings/CMakeFiles/absl_strings.dir/internal/stringify_sink.cc.o
[ 12%] Building CXX object _deps/absl-build/absl/strings/CMakeFiles/absl_strings.dir/match.cc.o
[ 12%] Building CXX object _deps/absl-build/absl/strings/CMakeFiles/absl_strings.dir/numbers.cc.o
[ 12%] Building CXX object _deps/absl-build/absl/strings/CMakeFiles/absl_strings.dir/str_cat.cc.o
[ 12%] Building CXX object _deps/absl-build/absl/strings/CMakeFiles/absl_strings.dir/str_replace.cc.o
[ 12%] Building CXX object _deps/absl-build/absl/strings/CMakeFiles/absl_strings.dir/str_split.cc.o
[ 12%] Building CXX object _deps/absl-build/absl/strings/CMakeFiles/absl_strings.dir/substitute.cc.o
[ 12%] Linking CXX static library libabsl_strings.a
[ 12%] Built target absl_strings
[ 12%] Building CXX object _deps/absl-build/absl/debugging/CMakeFiles/absl_symbolize.dir/symbolize.cc.o
[ 12%] Linking CXX static library libabsl_symbolize.a
[ 12%] Built target absl_symbolize
[ 12%] Building CXX object _deps/absl-build/absl/profiling/CMakeFiles/absl_exponential_biased.dir/internal/exponential_biased.cc.o
[ 12%] Linking CXX static library libabsl_exponential_biased.a
[ 12%] Built target absl_exponential_biased
[ 13%] Building CXX object _deps/absl-build/absl/synchronization/CMakeFiles/absl_graphcycles_internal.dir/internal/graphcycles.cc.o
[ 13%] Linking CXX static library libabsl_graphcycles_internal.a
[ 13%] Built target absl_graphcycles_internal
[ 13%] Building CXX object _deps/absl-build/absl/time/CMakeFiles/absl_civil_time.dir/internal/cctz/src/civil_time_detail.cc.o
[ 13%] Linking CXX static library libabsl_civil_time.a
[ 13%] Built target absl_civil_time
[ 13%] Building CXX object _deps/absl-build/absl/time/CMakeFiles/absl_time.dir/civil_time.cc.o
[ 13%] Building CXX object _deps/absl-build/absl/time/CMakeFiles/absl_time.dir/clock.cc.o
[ 13%] Building CXX object _deps/absl-build/absl/time/CMakeFiles/absl_time.dir/duration.cc.o
[ 13%] Building CXX object _deps/absl-build/absl/time/CMakeFiles/absl_time.dir/format.cc.o
[ 13%] Building CXX object _deps/absl-build/absl/time/CMakeFiles/absl_time.dir/time.cc.o
[ 13%] Linking CXX static library libabsl_time.a
[ 13%] Built target absl_time
[ 13%] Building CXX object _deps/absl-build/absl/synchronization/CMakeFiles/absl_kernel_timeout_internal.dir/internal/kernel_timeout.cc.o
[ 13%] Linking CXX static library libabsl_kernel_timeout_internal.a
[ 13%] Built target absl_kernel_timeout_internal
[ 13%] Building CXX object _deps/absl-build/absl/synchronization/CMakeFiles/absl_synchronization.dir/barrier.cc.o
[ 13%] Building CXX object _deps/absl-build/absl/synchronization/CMakeFiles/absl_synchronization.dir/blocking_counter.cc.o
[ 13%] Building CXX object _deps/absl-build/absl/synchronization/CMakeFiles/absl_synchronization.dir/internal/create_thread_identity.cc.o
[ 13%] Building CXX object _deps/absl-build/absl/synchronization/CMakeFiles/absl_synchronization.dir/internal/futex_waiter.cc.o
[ 13%] Building CXX object _deps/absl-build/absl/synchronization/CMakeFiles/absl_synchronization.dir/internal/per_thread_sem.cc.o
[ 13%] Building CXX object _deps/absl-build/absl/synchronization/CMakeFiles/absl_synchronization.dir/internal/pthread_waiter.cc.o
[ 13%] Building CXX object _deps/absl-build/absl/synchronization/CMakeFiles/absl_synchronization.dir/internal/sem_waiter.cc.o
[ 13%] Building CXX object _deps/absl-build/absl/synchronization/CMakeFiles/absl_synchronization.dir/internal/stdcpp_waiter.cc.o
[ 13%] Building CXX object _deps/absl-build/absl/synchronization/CMakeFiles/absl_synchronization.dir/internal/waiter_base.cc.o
[ 13%] Building CXX object _deps/absl-build/absl/synchronization/CMakeFiles/absl_synchronization.dir/internal/win32_waiter.cc.o
[ 13%] Building CXX object _deps/absl-build/absl/synchronization/CMakeFiles/absl_synchronization.dir/notification.cc.o
[ 14%] Building CXX object _deps/absl-build/absl/synchronization/CMakeFiles/absl_synchronization.dir/mutex.cc.o
[ 14%] Linking CXX static library libabsl_synchronization.a
[ 14%] Built target absl_synchronization
[ 14%] Building CXX object _deps/absl-build/absl/container/CMakeFiles/absl_hashtablez_sampler.dir/internal/hashtablez_sampler.cc.o
[ 14%] Building CXX object _deps/absl-build/absl/container/CMakeFiles/absl_hashtablez_sampler.dir/internal/hashtablez_sampler_force_weak_definition.cc.o
[ 14%] Linking CXX static library libabsl_hashtablez_sampler.a
[ 14%] Built target absl_hashtablez_sampler
[ 14%] Building CXX object _deps/absl-build/absl/crc/CMakeFiles/absl_crc_cpu_detect.dir/internal/cpu_detect.cc.o
[ 14%] Linking CXX static library libabsl_crc_cpu_detect.a
[ 14%] Built target absl_crc_cpu_detect
[ 14%] Building CXX object _deps/absl-build/absl/crc/CMakeFiles/absl_crc_internal.dir/internal/crc.cc.o
[ 14%] Building CXX object _deps/absl-build/absl/crc/CMakeFiles/absl_crc_internal.dir/internal/crc_x86_arm_combined.cc.o
[ 14%] Linking CXX static library libabsl_crc_internal.a
[ 14%] Built target absl_crc_internal
[ 14%] Building CXX object _deps/absl-build/absl/strings/CMakeFiles/absl_str_format_internal.dir/internal/str_format/arg.cc.o
[ 14%] Building CXX object _deps/absl-build/absl/strings/CMakeFiles/absl_str_format_internal.dir/internal/str_format/bind.cc.o
[ 16%] Building CXX object _deps/absl-build/absl/strings/CMakeFiles/absl_str_format_internal.dir/internal/str_format/extension.cc.o
[ 16%] Building CXX object _deps/absl-build/absl/strings/CMakeFiles/absl_str_format_internal.dir/internal/str_format/float_conversion.cc.o
[ 16%] Building CXX object _deps/absl-build/absl/strings/CMakeFiles/absl_str_format_internal.dir/internal/str_format/output.cc.o
[ 16%] Building CXX object _deps/absl-build/absl/strings/CMakeFiles/absl_str_format_internal.dir/internal/str_format/parser.cc.o
[ 16%] Linking CXX static library libabsl_str_format_internal.a
[ 16%] Built target absl_str_format_internal
[ 16%] Building CXX object _deps/absl-build/absl/crc/CMakeFiles/absl_crc32c.dir/crc32c.cc.o
[ 16%] Building CXX object _deps/absl-build/absl/crc/CMakeFiles/absl_crc32c.dir/internal/crc_memcpy_fallback.cc.o
[ 16%] Building CXX object _deps/absl-build/absl/crc/CMakeFiles/absl_crc32c.dir/internal/crc_memcpy_x86_arm_combined.cc.o
[ 16%] Building CXX object _deps/absl-build/absl/crc/CMakeFiles/absl_crc32c.dir/internal/crc_non_temporal_memcpy.cc.o
[ 16%] Linking CXX static library libabsl_crc32c.a
[ 16%] Built target absl_crc32c
[ 16%] Building CXX object _deps/absl-build/absl/crc/CMakeFiles/absl_crc_cord_state.dir/internal/crc_cord_state.cc.o
[ 16%] Linking CXX static library libabsl_crc_cord_state.a
[ 16%] Built target absl_crc_cord_state
[ 16%] Building CXX object _deps/absl-build/absl/hash/CMakeFiles/absl_city.dir/internal/city.cc.o
[ 16%] Linking CXX static library libabsl_city.a
[ 16%] Built target absl_city
[ 16%] Building CXX object _deps/absl-build/absl/hash/CMakeFiles/absl_low_level_hash.dir/internal/low_level_hash.cc.o
[ 16%] Linking CXX static library libabsl_low_level_hash.a
[ 16%] Built target absl_low_level_hash
[ 16%] Building CXX object _deps/absl-build/absl/hash/CMakeFiles/absl_hash.dir/internal/hash.cc.o
[ 16%] Linking CXX static library libabsl_hash.a
[ 16%] Built target absl_hash
[ 17%] Building CXX object _deps/absl-build/absl/strings/CMakeFiles/absl_cord_internal.dir/internal/cord_internal.cc.o
[ 17%] Building CXX object _deps/absl-build/absl/strings/CMakeFiles/absl_cord_internal.dir/internal/cord_rep_btree.cc.o
[ 17%] Building CXX object _deps/absl-build/absl/strings/CMakeFiles/absl_cord_internal.dir/internal/cord_rep_btree_navigator.cc.o
[ 17%] Building CXX object _deps/absl-build/absl/strings/CMakeFiles/absl_cord_internal.dir/internal/cord_rep_btree_reader.cc.o
[ 17%] Building CXX object _deps/absl-build/absl/strings/CMakeFiles/absl_cord_internal.dir/internal/cord_rep_crc.cc.o
[ 17%] Building CXX object _deps/absl-build/absl/strings/CMakeFiles/absl_cord_internal.dir/internal/cord_rep_consume.cc.o
[ 17%] Linking CXX static library libabsl_cord_internal.a
[ 17%] Built target absl_cord_internal
[ 17%] Building CXX object _deps/absl-build/absl/strings/CMakeFiles/absl_cordz_functions.dir/internal/cordz_functions.cc.o
[ 17%] Linking CXX static library libabsl_cordz_functions.a
[ 17%] Built target absl_cordz_functions
[ 17%] Building CXX object _deps/absl-build/absl/strings/CMakeFiles/absl_cordz_handle.dir/internal/cordz_handle.cc.o
[ 17%] Linking CXX static library libabsl_cordz_handle.a
[ 17%] Built target absl_cordz_handle
[ 17%] Building CXX object _deps/absl-build/absl/strings/CMakeFiles/absl_cordz_info.dir/internal/cordz_info.cc.o
[ 17%] Linking CXX static library libabsl_cordz_info.a
[ 17%] Built target absl_cordz_info
[ 17%] Building CXX object _deps/absl-build/absl/strings/CMakeFiles/absl_cord.dir/cord.cc.o
[ 17%] Building CXX object _deps/absl-build/absl/strings/CMakeFiles/absl_cord.dir/cord_analysis.cc.o
[ 17%] Linking CXX static library libabsl_cord.a
[ 17%] Built target absl_cord
[ 17%] Building CXX object _deps/absl-build/absl/container/CMakeFiles/absl_raw_hash_set.dir/internal/raw_hash_set.cc.o
[ 17%] Linking CXX static library libabsl_raw_hash_set.a
[ 17%] Built target absl_raw_hash_set
[ 17%] Building CXX object _deps/absl-build/absl/debugging/CMakeFiles/absl_examine_stack.dir/internal/examine_stack.cc.o
[ 18%] Linking CXX static library libabsl_examine_stack.a
[ 18%] Built target absl_examine_stack
[ 18%] Building CXX object _deps/absl-build/absl/debugging/CMakeFiles/absl_failure_signal_handler.dir/failure_signal_handler.cc.o
[ 18%] Linking CXX static library libabsl_failure_signal_handler.a
[ 18%] Built target absl_failure_signal_handler
[ 18%] Building CXX object _deps/absl-build/absl/debugging/CMakeFiles/absl_leak_check.dir/leak_check.cc.o
[ 18%] Linking CXX static library libabsl_leak_check.a
[ 18%] Built target absl_leak_check
[ 18%] Building CXX object _deps/absl-build/absl/flags/CMakeFiles/absl_flags_program_name.dir/internal/program_name.cc.o
[ 18%] Linking CXX static library libabsl_flags_program_name.a
[ 18%] Built target absl_flags_program_name
[ 18%] Building CXX object _deps/absl-build/absl/flags/CMakeFiles/absl_flags_config.dir/usage_config.cc.o
[ 18%] Linking CXX static library libabsl_flags_config.a
[ 18%] Built target absl_flags_config
[ 20%] Building CXX object _deps/absl-build/absl/flags/CMakeFiles/absl_flags_marshalling.dir/marshalling.cc.o
[ 20%] Linking CXX static library libabsl_flags_marshalling.a
[ 20%] Built target absl_flags_marshalling
[ 20%] Building CXX object _deps/absl-build/absl/flags/CMakeFiles/absl_flags_commandlineflag_internal.dir/internal/commandlineflag.cc.o
[ 20%] Linking CXX static library libabsl_flags_commandlineflag_internal.a
[ 20%] Built target absl_flags_commandlineflag_internal
[ 20%] Building CXX object _deps/absl-build/absl/flags/CMakeFiles/absl_flags_commandlineflag.dir/commandlineflag.cc.o
[ 20%] Linking CXX static library libabsl_flags_commandlineflag.a
[ 20%] Built target absl_flags_commandlineflag
[ 20%] Building CXX object _deps/absl-build/absl/flags/CMakeFiles/absl_flags_private_handle_accessor.dir/internal/private_handle_accessor.cc.o
[ 20%] Linking CXX static library libabsl_flags_private_handle_accessor.a
[ 20%] Built target absl_flags_private_handle_accessor
[ 20%] Building CXX object _deps/absl-build/absl/flags/CMakeFiles/absl_flags_reflection.dir/reflection.cc.o
[ 20%] Linking CXX static library libabsl_flags_reflection.a
[ 20%] Built target absl_flags_reflection
[ 20%] Building CXX object _deps/absl-build/absl/flags/CMakeFiles/absl_flags_internal.dir/internal/flag.cc.o
[ 20%] Linking CXX static library libabsl_flags_internal.a
[ 20%] Built target absl_flags_internal
[ 20%] Building CXX object _deps/absl-build/absl/flags/CMakeFiles/absl_flags_usage_internal.dir/internal/usage.cc.o
[ 20%] Linking CXX static library libabsl_flags_usage_internal.a
[ 20%] Built target absl_flags_usage_internal
[ 20%] Building CXX object _deps/absl-build/absl/flags/CMakeFiles/absl_flags_usage.dir/usage.cc.o
[ 20%] Linking CXX static library libabsl_flags_usage.a
[ 20%] Built target absl_flags_usage
[ 20%] Building CXX object _deps/absl-build/absl/flags/CMakeFiles/absl_flags_parse.dir/parse.cc.o
[ 20%] Linking CXX static library libabsl_flags_parse.a
[ 20%] Built target absl_flags_parse
[ 21%] Building CXX object _deps/absl-build/absl/log/CMakeFiles/absl_log_internal_globals.dir/internal/globals.cc.o
[ 21%] Linking CXX static library libabsl_log_internal_globals.a
[ 21%] Built target absl_log_internal_globals
[ 21%] Building CXX object _deps/absl-build/absl/log/CMakeFiles/absl_log_internal_format.dir/internal/log_format.cc.o
[ 21%] Linking CXX static library libabsl_log_internal_format.a
[ 21%] Built target absl_log_internal_format
[ 21%] Building CXX object _deps/absl-build/absl/log/CMakeFiles/absl_log_internal_proto.dir/internal/proto.cc.o
[ 21%] Linking CXX static library libabsl_log_internal_proto.a
[ 21%] Built target absl_log_internal_proto
[ 21%] Building CXX object _deps/absl-build/absl/log/CMakeFiles/absl_log_internal_fnmatch.dir/internal/fnmatch.cc.o
[ 21%] Linking CXX static library libabsl_log_internal_fnmatch.a
[ 21%] Built target absl_log_internal_fnmatch
[ 21%] Building CXX object _deps/absl-build/absl/log/CMakeFiles/absl_vlog_config_internal.dir/internal/vlog_config.cc.o
[ 21%] Linking CXX static library libabsl_vlog_config_internal.a
[ 21%] Built target absl_vlog_config_internal
[ 21%] Building CXX object _deps/absl-build/absl/log/CMakeFiles/absl_log_globals.dir/globals.cc.o
[ 21%] Linking CXX static library libabsl_log_globals.a
[ 21%] Built target absl_log_globals
[ 21%] Building CXX object _deps/absl-build/absl/log/CMakeFiles/absl_log_sink.dir/log_sink.cc.o
[ 21%] Linking CXX static library libabsl_log_sink.a
[ 21%] Built target absl_log_sink
[ 21%] Building CXX object _deps/absl-build/absl/log/CMakeFiles/absl_log_internal_log_sink_set.dir/internal/log_sink_set.cc.o
[ 21%] Linking CXX static library libabsl_log_internal_log_sink_set.a
[ 21%] Built target absl_log_internal_log_sink_set
[ 21%] Building CXX object _deps/absl-build/absl/log/CMakeFiles/absl_log_internal_nullguard.dir/internal/nullguard.cc.o
[ 21%] Linking CXX static library libabsl_log_internal_nullguard.a
[ 21%] Built target absl_log_internal_nullguard
[ 21%] Building CXX object _deps/absl-build/absl/log/CMakeFiles/absl_log_internal_structured_proto.dir/internal/structured_proto.cc.o
[ 21%] Linking CXX static library libabsl_log_internal_structured_proto.a
[ 21%] Built target absl_log_internal_structured_proto
[ 21%] Building CXX object _deps/absl-build/absl/log/CMakeFiles/absl_log_internal_message.dir/internal/log_message.cc.o
[ 21%] Linking CXX static library libabsl_log_internal_message.a
[ 21%] Built target absl_log_internal_message
[ 21%] Building CXX object _deps/absl-build/absl/log/CMakeFiles/absl_log_internal_check_op.dir/internal/check_op.cc.o
[ 21%] Linking CXX static library libabsl_log_internal_check_op.a
[ 21%] Built target absl_log_internal_check_op
[ 21%] Building CXX object _deps/absl-build/absl/log/CMakeFiles/absl_log_internal_conditions.dir/internal/conditions.cc.o
[ 21%] Linking CXX static library libabsl_log_internal_conditions.a
[ 21%] Built target absl_log_internal_conditions
[ 21%] Building CXX object _deps/absl-build/absl/log/CMakeFiles/absl_die_if_null.dir/die_if_null.cc.o
[ 21%] Linking CXX static library libabsl_die_if_null.a
[ 21%] Built target absl_die_if_null
[ 22%] Building CXX object _deps/absl-build/absl/log/CMakeFiles/absl_log_flags.dir/flags.cc.o
[ 22%] Linking CXX static library libabsl_log_flags.a
[ 22%] Built target absl_log_flags
[ 22%] Building CXX object _deps/absl-build/absl/log/CMakeFiles/absl_log_initialize.dir/initialize.cc.o
[ 22%] Linking CXX static library libabsl_log_initialize.a
[ 22%] Built target absl_log_initialize
[ 22%] Building CXX object _deps/absl-build/absl/profiling/CMakeFiles/absl_periodic_sampler.dir/internal/periodic_sampler.cc.o
[ 22%] Linking CXX static library libabsl_periodic_sampler.a
[ 22%] Built target absl_periodic_sampler
[ 22%] Building CXX object _deps/absl-build/absl/random/CMakeFiles/absl_random_distributions.dir/discrete_distribution.cc.o
[ 22%] Building CXX object _deps/absl-build/absl/random/CMakeFiles/absl_random_distributions.dir/gaussian_distribution.cc.o
[ 24%] Linking CXX static library libabsl_random_distributions.a
[ 24%] Built target absl_random_distributions
[ 24%] Building CXX object _deps/absl-build/absl/random/CMakeFiles/absl_random_seed_gen_exception.dir/seed_gen_exception.cc.o
[ 24%] Linking CXX static library libabsl_random_seed_gen_exception.a
[ 24%] Built target absl_random_seed_gen_exception
[ 24%] Building CXX object _deps/absl-build/absl/random/CMakeFiles/absl_random_internal_seed_material.dir/internal/seed_material.cc.o
[ 24%] Linking CXX static library libabsl_random_internal_seed_material.a
[ 24%] Built target absl_random_internal_seed_material
[ 24%] Building CXX object _deps/absl-build/absl/random/CMakeFiles/absl_random_internal_platform.dir/internal/randen_round_keys.cc.o
[ 24%] Linking CXX static library libabsl_random_internal_platform.a
[ 24%] Built target absl_random_internal_platform
[ 24%] Building CXX object _deps/absl-build/absl/random/CMakeFiles/absl_random_internal_randen_hwaes_impl.dir/internal/randen_hwaes.cc.o
[ 24%] Linking CXX static library libabsl_random_internal_randen_hwaes_impl.a
[ 24%] Built target absl_random_internal_randen_hwaes_impl
[ 25%] Building CXX object _deps/absl-build/absl/random/CMakeFiles/absl_random_internal_randen_slow.dir/internal/randen_slow.cc.o
[ 25%] Linking CXX static library libabsl_random_internal_randen_slow.a
[ 25%] Built target absl_random_internal_randen_slow
[ 25%] Building CXX object _deps/absl-build/absl/random/CMakeFiles/absl_random_internal_randen_hwaes.dir/internal/randen_detect.cc.o
[ 25%] Linking CXX static library libabsl_random_internal_randen_hwaes.a
[ 25%] Built target absl_random_internal_randen_hwaes
[ 25%] Building CXX object _deps/absl-build/absl/random/CMakeFiles/absl_random_internal_randen.dir/internal/randen.cc.o
[ 25%] Linking CXX static library libabsl_random_internal_randen.a
[ 25%] Built target absl_random_internal_randen
[ 25%] Building CXX object _deps/absl-build/absl/random/CMakeFiles/absl_random_internal_entropy_pool.dir/internal/entropy_pool.cc.o
[ 25%] Linking CXX static library libabsl_random_internal_entropy_pool.a
[ 25%] Built target absl_random_internal_entropy_pool
[ 25%] Building CXX object _deps/absl-build/absl/random/CMakeFiles/absl_random_seed_sequences.dir/seed_sequences.cc.o
[ 25%] Linking CXX static library libabsl_random_seed_sequences.a
[ 25%] Built target absl_random_seed_sequences
[ 25%] Building CXX object _deps/absl-build/absl/random/CMakeFiles/absl_random_internal_distribution_test_util.dir/internal/chi_square.cc.o
[ 25%] Building CXX object _deps/absl-build/absl/random/CMakeFiles/absl_random_internal_distribution_test_util.dir/internal/distribution_test_util.cc.o
[ 25%] Linking CXX static library libabsl_random_internal_distribution_test_util.a
[ 25%] Built target absl_random_internal_distribution_test_util
[ 25%] Building CXX object _deps/absl-build/absl/status/CMakeFiles/absl_status.dir/internal/status_internal.cc.o
[ 25%] Building CXX object _deps/absl-build/absl/status/CMakeFiles/absl_status.dir/status.cc.o
[ 25%] Building CXX object _deps/absl-build/absl/status/CMakeFiles/absl_status.dir/status_payload_printer.cc.o
[ 25%] Linking CXX static library libabsl_status.a
[ 25%] Built target absl_status
[ 25%] Building CXX object _deps/absl-build/absl/status/CMakeFiles/absl_statusor.dir/statusor.cc.o
[ 25%] Linking CXX static library libabsl_statusor.a
[ 25%] Built target absl_statusor
[ 27%] Building CXX object _deps/absl-build/absl/strings/CMakeFiles/absl_cordz_sample_token.dir/internal/cordz_sample_token.cc.o
[ 27%] Linking CXX static library libabsl_cordz_sample_token.a
[ 27%] Built target absl_cordz_sample_token
[ 27%] Building C object _deps/protobuf-build/third_party/utf8_range/CMakeFiles/utf8_validity.dir/utf8_range.c.o
[ 27%] Linking CXX static library libutf8_validity.a
[ 27%] Built target utf8_validity
[ 27%] Building CXX object _deps/protobuf-build/CMakeFiles/libprotobuf-lite.dir/src/google/protobuf/any_lite.cc.o
[ 27%] Building CXX object _deps/protobuf-build/CMakeFiles/libprotobuf-lite.dir/src/google/protobuf/arena.cc.o
[ 27%] Building CXX object _deps/protobuf-build/CMakeFiles/libprotobuf-lite.dir/src/google/protobuf/arena_align.cc.o
[ 27%] Building CXX object _deps/protobuf-build/CMakeFiles/libprotobuf-lite.dir/src/google/protobuf/arenastring.cc.o
[ 27%] Building CXX object _deps/protobuf-build/CMakeFiles/libprotobuf-lite.dir/src/google/protobuf/arenaz_sampler.cc.o
[ 27%] Building CXX object _deps/protobuf-build/CMakeFiles/libprotobuf-lite.dir/src/google/protobuf/extension_set.cc.o
[ 27%] Building CXX object _deps/protobuf-build/CMakeFiles/libprotobuf-lite.dir/src/google/protobuf/generated_enum_util.cc.o
[ 27%] Building CXX object _deps/protobuf-build/CMakeFiles/libprotobuf-lite.dir/src/google/protobuf/generated_message_tctable_lite.cc.o
[ 27%] Building CXX object _deps/protobuf-build/CMakeFiles/libprotobuf-lite.dir/src/google/protobuf/generated_message_util.cc.o
[ 27%] Building CXX object _deps/protobuf-build/CMakeFiles/libprotobuf-lite.dir/src/google/protobuf/implicit_weak_message.cc.o
[ 27%] Building CXX object _deps/protobuf-build/CMakeFiles/libprotobuf-lite.dir/src/google/protobuf/inlined_string_field.cc.o
[ 27%] Building CXX object _deps/protobuf-build/CMakeFiles/libprotobuf-lite.dir/src/google/protobuf/io/coded_stream.cc.o
[ 28%] Building CXX object _deps/protobuf-build/CMakeFiles/libprotobuf-lite.dir/src/google/protobuf/io/io_win32.cc.o
[ 28%] Building CXX object _deps/protobuf-build/CMakeFiles/libprotobuf-lite.dir/src/google/protobuf/io/zero_copy_stream.cc.o
[ 28%] Building CXX object _deps/protobuf-build/CMakeFiles/libprotobuf-lite.dir/src/google/protobuf/io/zero_copy_stream_impl.cc.o
[ 28%] Building CXX object _deps/protobuf-build/CMakeFiles/libprotobuf-lite.dir/src/google/protobuf/io/zero_copy_stream_impl_lite.cc.o
[ 28%] Building CXX object _deps/protobuf-build/CMakeFiles/libprotobuf-lite.dir/src/google/protobuf/map.cc.o
[ 28%] Building CXX object _deps/protobuf-build/CMakeFiles/libprotobuf-lite.dir/src/google/protobuf/message_lite.cc.o
[ 28%] Building CXX object _deps/protobuf-build/CMakeFiles/libprotobuf-lite.dir/src/google/protobuf/micro_string.cc.o
[ 28%] Building CXX object _deps/protobuf-build/CMakeFiles/libprotobuf-lite.dir/src/google/protobuf/parse_context.cc.o
[ 28%] Building CXX object _deps/protobuf-build/CMakeFiles/libprotobuf-lite.dir/src/google/protobuf/port.cc.o
[ 28%] Building CXX object _deps/protobuf-build/CMakeFiles/libprotobuf-lite.dir/src/google/protobuf/raw_ptr.cc.o
[ 28%] Building CXX object _deps/protobuf-build/CMakeFiles/libprotobuf-lite.dir/src/google/protobuf/repeated_field.cc.o
[ 28%] Building CXX object _deps/protobuf-build/CMakeFiles/libprotobuf-lite.dir/src/google/protobuf/repeated_ptr_field.cc.o
[ 28%] Building CXX object _deps/protobuf-build/CMakeFiles/libprotobuf-lite.dir/src/google/protobuf/stubs/common.cc.o
[ 29%] Building CXX object _deps/protobuf-build/CMakeFiles/libprotobuf-lite.dir/src/google/protobuf/wire_format_lite.cc.o
[ 29%] Linking CXX static library libprotobuf-lited.a
[ 29%] Built target libprotobuf-lite
[ 29%] Building C object _deps/protobuf-build/third_party/utf8_range/CMakeFiles/utf8_range.dir/utf8_range.c.o
[ 29%] Linking C static library libutf8_range.a
[ 29%] Built target utf8_range
[ 31%] Building CXX object _deps/spdlog-build/CMakeFiles/spdlog.dir/src/spdlog.cpp.o
[ 31%] Building CXX object _deps/spdlog-build/CMakeFiles/spdlog.dir/src/stdout_sinks.cpp.o
[ 31%] Building CXX object _deps/spdlog-build/CMakeFiles/spdlog.dir/src/color_sinks.cpp.o
[ 31%] Building CXX object _deps/spdlog-build/CMakeFiles/spdlog.dir/src/file_sinks.cpp.o
[ 31%] Building CXX object _deps/spdlog-build/CMakeFiles/spdlog.dir/src/async.cpp.o
[ 31%] Building CXX object _deps/spdlog-build/CMakeFiles/spdlog.dir/src/cfg.cpp.o
[ 31%] Building CXX object _deps/spdlog-build/CMakeFiles/spdlog.dir/src/bundled_fmtlib_format.cpp.o
[ 31%] Linking CXX static library libspdlogd.a
[ 31%] Built target spdlog
[ 31%] Building C object _deps/mongo-c-driver-build/src/libbson/CMakeFiles/bson_static.dir/home/edwin.guest/code/.bench/p5-20261006/deps-src/mongo-c-driver-src/src/common/src/common-atomic.c.o
[ 31%] Building C object _deps/mongo-c-driver-build/src/libbson/CMakeFiles/bson_static.dir/home/edwin.guest/code/.bench/p5-20261006/deps-src/mongo-c-driver-src/src/common/src/common-b64.c.o
[ 31%] Building C object _deps/mongo-c-driver-build/src/libbson/CMakeFiles/bson_static.dir/home/edwin.guest/code/.bench/p5-20261006/deps-src/mongo-c-driver-src/src/common/src/common-json.c.o
[ 31%] Building C object _deps/mongo-c-driver-build/src/libbson/CMakeFiles/bson_static.dir/home/edwin.guest/code/.bench/p5-20261006/deps-src/mongo-c-driver-src/src/common/src/common-md5.c.o
[ 31%] Building C object _deps/mongo-c-driver-build/src/libbson/CMakeFiles/bson_static.dir/home/edwin.guest/code/.bench/p5-20261006/deps-src/mongo-c-driver-src/src/common/src/common-oid.c.o
[ 31%] Building C object _deps/mongo-c-driver-build/src/libbson/CMakeFiles/bson_static.dir/home/edwin.guest/code/.bench/p5-20261006/deps-src/mongo-c-driver-src/src/common/src/common-string.c.o
[ 31%] Building C object _deps/mongo-c-driver-build/src/libbson/CMakeFiles/bson_static.dir/home/edwin.guest/code/.bench/p5-20261006/deps-src/mongo-c-driver-src/src/common/src/common-thread.c.o
[ 32%] Building C object _deps/mongo-c-driver-build/src/libbson/CMakeFiles/bson_static.dir/src/bson/bson-bcon.c.o
[ 32%] Building C object _deps/mongo-c-driver-build/src/libbson/CMakeFiles/bson_static.dir/src/bson/bson-clock.c.o
[ 32%] Building C object _deps/mongo-c-driver-build/src/libbson/CMakeFiles/bson_static.dir/src/bson/bson-context.c.o
[ 32%] Building C object _deps/mongo-c-driver-build/src/libbson/CMakeFiles/bson_static.dir/src/bson/bson-decimal128.c.o
[ 32%] Building C object _deps/mongo-c-driver-build/src/libbson/CMakeFiles/bson_static.dir/src/bson/bson-iso8601.c.o
[ 32%] Building C object _deps/mongo-c-driver-build/src/libbson/CMakeFiles/bson_static.dir/src/bson/bson-iter.c.o
[ 32%] Building C object _deps/mongo-c-driver-build/src/libbson/CMakeFiles/bson_static.dir/src/bson/bson-json.c.o
[ 32%] Building C object _deps/mongo-c-driver-build/src/libbson/CMakeFiles/bson_static.dir/src/bson/bson-keys.c.o
[ 32%] Building C object _deps/mongo-c-driver-build/src/libbson/CMakeFiles/bson_static.dir/src/bson/bson-oid.c.o
[ 32%] Building C object _deps/mongo-c-driver-build/src/libbson/CMakeFiles/bson_static.dir/src/bson/bson-reader.c.o
[ 32%] Building C object _deps/mongo-c-driver-build/src/libbson/CMakeFiles/bson_static.dir/src/bson/bson-string.c.o
[ 32%] Building C object _deps/mongo-c-driver-build/src/libbson/CMakeFiles/bson_static.dir/src/bson/bson-timegm.c.o
[ 32%] Building C object _deps/mongo-c-driver-build/src/libbson/CMakeFiles/bson_static.dir/src/bson/bson-utf8.c.o
[ 32%] Building C object _deps/mongo-c-driver-build/src/libbson/CMakeFiles/bson_static.dir/src/bson/bson-value.c.o
[ 33%] Building C object _deps/mongo-c-driver-build/src/libbson/CMakeFiles/bson_static.dir/src/bson/bson-vector.c.o
[ 33%] Building C object _deps/mongo-c-driver-build/src/libbson/CMakeFiles/bson_static.dir/src/bson/bson-version-functions.c.o
[ 33%] Building C object _deps/mongo-c-driver-build/src/libbson/CMakeFiles/bson_static.dir/src/bson/bson-writer.c.o
[ 33%] Building C object _deps/mongo-c-driver-build/src/libbson/CMakeFiles/bson_static.dir/src/bson/bson.c.o
[ 33%] Building C object _deps/mongo-c-driver-build/src/libbson/CMakeFiles/bson_static.dir/src/bson/error.c.o
[ 33%] Building C object _deps/mongo-c-driver-build/src/libbson/CMakeFiles/bson_static.dir/src/bson/memory.c.o
[ 33%] Building C object _deps/mongo-c-driver-build/src/libbson/CMakeFiles/bson_static.dir/src/bson/validate.c.o
[ 33%] Building C object _deps/mongo-c-driver-build/src/libbson/CMakeFiles/bson_static.dir/src/jsonsl/jsonsl.c.o
[ 33%] Linking C static library libbson2.a
[ 33%] Built target bson_static
[ 33%] Building C object _deps/mongo-c-driver-build/src/libmongoc/CMakeFiles/utf8proc_obj.dir/home/edwin.guest/code/.bench/p5-20261006/deps-src/mongo-c-driver-src/src/utf8proc-2.11.3/utf8proc.c.o
[ 33%] Built target utf8proc_obj
[ 33%] Building C object _deps/mongo-c-driver-build/src/libmongoc/CMakeFiles/mongoc_static.dir/src/mongoc/mcd-azure.c.o
[ 33%] Building C object _deps/mongo-c-driver-build/src/libmongoc/CMakeFiles/mongoc_static.dir/src/mongoc/mcd-nsinfo.c.o
[ 33%] Building C object _deps/mongo-c-driver-build/src/libmongoc/CMakeFiles/mongoc_static.dir/src/mongoc/mcd-rpc.c.o
[ 33%] Building C object _deps/mongo-c-driver-build/src/libmongoc/CMakeFiles/mongoc_static.dir/src/mongoc/mongoc-aggregate.c.o
[ 33%] Building C object _deps/mongo-c-driver-build/src/libmongoc/CMakeFiles/mongoc_static.dir/src/mongoc/mongoc-apm.c.o
[ 33%] Building C object _deps/mongo-c-driver-build/src/libmongoc/CMakeFiles/mongoc_static.dir/src/mongoc/mongoc-array.c.o
[ 33%] Building C object _deps/mongo-c-driver-build/src/libmongoc/CMakeFiles/mongoc_static.dir/src/mongoc/mongoc-async.c.o
[ 33%] Building C object _deps/mongo-c-driver-build/src/libmongoc/CMakeFiles/mongoc_static.dir/src/mongoc/mongoc-async-cmd.c.o
[ 33%] Building C object _deps/mongo-c-driver-build/src/libmongoc/CMakeFiles/mongoc_static.dir/src/mongoc/mongoc-buffer.c.o
[ 33%] Building C object _deps/mongo-c-driver-build/src/libmongoc/CMakeFiles/mongoc_static.dir/src/mongoc/mongoc-bulk-operation.c.o
[ 33%] Building C object _deps/mongo-c-driver-build/src/libmongoc/CMakeFiles/mongoc_static.dir/src/mongoc/mongoc-change-stream.c.o
[ 33%] Building C object _deps/mongo-c-driver-build/src/libmongoc/CMakeFiles/mongoc_static.dir/src/mongoc/mongoc-client.c.o
[ 35%] Building C object _deps/mongo-c-driver-build/src/libmongoc/CMakeFiles/mongoc_static.dir/src/mongoc/mongoc-client-pool.c.o
[ 35%] Building C object _deps/mongo-c-driver-build/src/libmongoc/CMakeFiles/mongoc_static.dir/src/mongoc/mongoc-client-side-encryption.c.o
[ 35%] Building C object _deps/mongo-c-driver-build/src/libmongoc/CMakeFiles/mongoc_static.dir/src/mongoc/mongoc-cluster.c.o
[ 35%] Building C object _deps/mongo-c-driver-build/src/libmongoc/CMakeFiles/mongoc_static.dir/src/mongoc/mongoc-cluster-aws.c.o
[ 35%] Building C object _deps/mongo-c-driver-build/src/libmongoc/CMakeFiles/mongoc_static.dir/src/mongoc/mongoc-cluster-oidc.c.o
[ 35%] Building C object _deps/mongo-c-driver-build/src/libmongoc/CMakeFiles/mongoc_static.dir/src/mongoc/mongoc-cluster-sasl.c.o
[ 35%] Building C object _deps/mongo-c-driver-build/src/libmongoc/CMakeFiles/mongoc_static.dir/src/mongoc/mongoc-collection.c.o
[ 35%] Building C object _deps/mongo-c-driver-build/src/libmongoc/CMakeFiles/mongoc_static.dir/src/mongoc/mongoc-compression.c.o
[ 35%] Building C object _deps/mongo-c-driver-build/src/libmongoc/CMakeFiles/mongoc_static.dir/src/mongoc/mongoc-counters.c.o
[ 35%] Building C object _deps/mongo-c-driver-build/src/libmongoc/CMakeFiles/mongoc_static.dir/src/mongoc/mongoc-crypt.c.o
[ 35%] Building C object _deps/mongo-c-driver-build/src/libmongoc/CMakeFiles/mongoc_static.dir/src/mongoc/mongoc-cursor-array.c.o
[ 35%] Building C object _deps/mongo-c-driver-build/src/libmongoc/CMakeFiles/mongoc_static.dir/src/mongoc/mongoc-cursor.c.o
[ 35%] Building C object _deps/mongo-c-driver-build/src/libmongoc/CMakeFiles/mongoc_static.dir/src/mongoc/mongoc-cursor-cmd.c.o
[ 35%] Building C object _deps/mongo-c-driver-build/src/libmongoc/CMakeFiles/mongoc_static.dir/src/mongoc/mongoc-cursor-change-stream.c.o
[ 36%] Building C object _deps/mongo-c-driver-build/src/libmongoc/CMakeFiles/mongoc_static.dir/src/mongoc/mongoc-cursor-find.c.o
[ 36%] Building C object _deps/mongo-c-driver-build/src/libmongoc/CMakeFiles/mongoc_static.dir/src/mongoc/mongoc-database.c.o
[ 36%] Building C object _deps/mongo-c-driver-build/src/libmongoc/CMakeFiles/mongoc_static.dir/src/mongoc/mongoc-error.c.o
[ 36%] Building C object _deps/mongo-c-driver-build/src/libmongoc/CMakeFiles/mongoc_static.dir/src/mongoc/mongoc-deprioritized-servers.c.o
[ 36%] Building C object _deps/mongo-c-driver-build/src/libmongoc/CMakeFiles/mongoc_static.dir/src/mongoc/mongoc-flags.c.o
[ 36%] Building C object _deps/mongo-c-driver-build/src/libmongoc/CMakeFiles/mongoc_static.dir/src/mongoc/mongoc-find-and-modify.c.o
[ 36%] Building C object _deps/mongo-c-driver-build/src/libmongoc/CMakeFiles/mongoc_static.dir/src/mongoc/mongoc-generation-map.c.o
[ 36%] Building C object _deps/mongo-c-driver-build/src/libmongoc/CMakeFiles/mongoc_static.dir/src/mongoc/mongoc-init.c.o
[ 36%] Building C object _deps/mongo-c-driver-build/src/libmongoc/CMakeFiles/mongoc_static.dir/src/mongoc/mongoc-gridfs.c.o
[ 36%] Building C object _deps/mongo-c-driver-build/src/libmongoc/CMakeFiles/mongoc_static.dir/src/mongoc/mongoc-gridfs-bucket.c.o
[ 36%] Building C object _deps/mongo-c-driver-build/src/libmongoc/CMakeFiles/mongoc_static.dir/src/mongoc/mongoc-gridfs-bucket-file.c.o
[ 36%] Building C object _deps/mongo-c-driver-build/src/libmongoc/CMakeFiles/mongoc_static.dir/src/mongoc/mongoc-gridfs-file.c.o
[ 36%] Building C object _deps/mongo-c-driver-build/src/libmongoc/CMakeFiles/mongoc_static.dir/src/mongoc/mongoc-gridfs-file-list.c.o
[ 37%] Building C object _deps/mongo-c-driver-build/src/libmongoc/CMakeFiles/mongoc_static.dir/src/mongoc/mongoc-gridfs-file-page.c.o
[ 37%] Building C object _deps/mongo-c-driver-build/src/libmongoc/CMakeFiles/mongoc_static.dir/src/mongoc/mongoc-handshake.c.o
[ 37%] Building C object _deps/mongo-c-driver-build/src/libmongoc/CMakeFiles/mongoc_static.dir/src/mongoc/mongoc-host-list.c.o
[ 37%] Building C object _deps/mongo-c-driver-build/src/libmongoc/CMakeFiles/mongoc_static.dir/src/mongoc/mongoc-http.c.o
[ 37%] Building C object _deps/mongo-c-driver-build/src/libmongoc/CMakeFiles/mongoc_static.dir/src/mongoc/mongoc-interrupt.c.o
[ 37%] Building C object _deps/mongo-c-driver-build/src/libmongoc/CMakeFiles/mongoc_static.dir/src/mongoc/mongoc-jitter-source.c.o
[ 37%] Building C object _deps/mongo-c-driver-build/src/libmongoc/CMakeFiles/mongoc_static.dir/src/mongoc/mongoc-list.c.o
[ 37%] Building C object _deps/mongo-c-driver-build/src/libmongoc/CMakeFiles/mongoc_static.dir/src/mongoc/mongoc-linux-distro-scanner.c.o
[ 37%] Building C object _deps/mongo-c-driver-build/src/libmongoc/CMakeFiles/mongoc_static.dir/src/mongoc/mongoc-log.c.o
[ 37%] Building C object _deps/mongo-c-driver-build/src/libmongoc/CMakeFiles/mongoc_static.dir/src/mongoc/mongoc-log-and-monitor-private.c.o
[ 37%] Building C object _deps/mongo-c-driver-build/src/libmongoc/CMakeFiles/mongoc_static.dir/src/mongoc/mongoc-memcmp.c.o
[ 37%] Building C object _deps/mongo-c-driver-build/src/libmongoc/CMakeFiles/mongoc_static.dir/src/mongoc/mongoc-cmd.c.o
[ 37%] Building C object _deps/mongo-c-driver-build/src/libmongoc/CMakeFiles/mongoc_static.dir/src/mongoc/mongoc-oidc-cache.c.o
[ 37%] Building C object _deps/mongo-c-driver-build/src/libmongoc/CMakeFiles/mongoc_static.dir/src/mongoc/mongoc-oidc-callback.c.o
[ 39%] Building C object _deps/mongo-c-driver-build/src/libmongoc/CMakeFiles/mongoc_static.dir/src/mongoc/mongoc-oidc-env.c.o
[ 39%] Building C object _deps/mongo-c-driver-build/src/libmongoc/CMakeFiles/mongoc_static.dir/src/mongoc/mongoc-opcode.c.o
[ 39%] Building C object _deps/mongo-c-driver-build/src/libmongoc/CMakeFiles/mongoc_static.dir/src/mongoc/mongoc-optional.c.o
[ 39%] Building C object _deps/mongo-c-driver-build/src/libmongoc/CMakeFiles/mongoc_static.dir/src/mongoc/mongoc-opts-helpers.c.o
[ 39%] Building C object _deps/mongo-c-driver-build/src/libmongoc/CMakeFiles/mongoc_static.dir/src/mongoc/mongoc-opts.c.o
[ 39%] Building C object _deps/mongo-c-driver-build/src/libmongoc/CMakeFiles/mongoc_static.dir/src/mongoc/mongoc-queue.c.o
[ 39%] Building C object _deps/mongo-c-driver-build/src/libmongoc/CMakeFiles/mongoc_static.dir/src/mongoc/mongoc-read-concern.c.o
[ 39%] Building C object _deps/mongo-c-driver-build/src/libmongoc/CMakeFiles/mongoc_static.dir/src/mongoc/mongoc-read-prefs.c.o
[ 39%] Building C object _deps/mongo-c-driver-build/src/libmongoc/CMakeFiles/mongoc_static.dir/src/mongoc/mongoc-rpc.c.o
[ 39%] Building C object _deps/mongo-c-driver-build/src/libmongoc/CMakeFiles/mongoc_static.dir/src/mongoc/mongoc-retryable-cmd.c.o
[ 39%] Building C object _deps/mongo-c-driver-build/src/libmongoc/CMakeFiles/mongoc_static.dir/src/mongoc/mongoc-retry-backoff-generator.c.o
[ 39%] Building C object _deps/mongo-c-driver-build/src/libmongoc/CMakeFiles/mongoc_static.dir/src/mongoc/mongoc-server-api.c.o
[ 39%] Building C object _deps/mongo-c-driver-build/src/libmongoc/CMakeFiles/mongoc_static.dir/src/mongoc/mongoc-server-description.c.o
[ 40%] Building C object _deps/mongo-c-driver-build/src/libmongoc/CMakeFiles/mongoc_static.dir/src/mongoc/mongoc-server-stream.c.o
[ 40%] Building C object _deps/mongo-c-driver-build/src/libmongoc/CMakeFiles/mongoc_static.dir/src/mongoc/mongoc-client-session.c.o
[ 40%] Building C object _deps/mongo-c-driver-build/src/libmongoc/CMakeFiles/mongoc_static.dir/src/mongoc/mongoc-server-monitor.c.o
[ 40%] Building C object _deps/mongo-c-driver-build/src/libmongoc/CMakeFiles/mongoc_static.dir/src/mongoc/mongoc-set.c.o
[ 40%] Building C object _deps/mongo-c-driver-build/src/libmongoc/CMakeFiles/mongoc_static.dir/src/mongoc/mongoc-shared.c.o
[ 40%] Building C object _deps/mongo-c-driver-build/src/libmongoc/CMakeFiles/mongoc_static.dir/src/mongoc/mongoc-socket.c.o
[ 40%] Building C object _deps/mongo-c-driver-build/src/libmongoc/CMakeFiles/mongoc_static.dir/src/mongoc/mongoc-stream-buffered.c.o
[ 40%] Building C object _deps/mongo-c-driver-build/src/libmongoc/CMakeFiles/mongoc_static.dir/src/mongoc/mongoc-stream.c.o
[ 40%] Building C object _deps/mongo-c-driver-build/src/libmongoc/CMakeFiles/mongoc_static.dir/src/mongoc/mongoc-stream-file.c.o
[ 40%] Building C object _deps/mongo-c-driver-build/src/libmongoc/CMakeFiles/mongoc_static.dir/src/mongoc/mongoc-stream-gridfs.c.o
[ 40%] Building C object _deps/mongo-c-driver-build/src/libmongoc/CMakeFiles/mongoc_static.dir/src/mongoc/mongoc-stream-gridfs-download.c.o
[ 40%] Building C object _deps/mongo-c-driver-build/src/libmongoc/CMakeFiles/mongoc_static.dir/src/mongoc/mongoc-stream-gridfs-upload.c.o
[ 40%] Building C object _deps/mongo-c-driver-build/src/libmongoc/CMakeFiles/mongoc_static.dir/src/mongoc/mongoc-stream-socket.c.o
[ 41%] Building C object _deps/mongo-c-driver-build/src/libmongoc/CMakeFiles/mongoc_static.dir/src/mongoc/mongoc-structured-log.c.o
[ 41%] Building C object _deps/mongo-c-driver-build/src/libmongoc/CMakeFiles/mongoc_static.dir/src/mongoc/mongoc-timeout.c.o
[ 41%] Building C object _deps/mongo-c-driver-build/src/libmongoc/CMakeFiles/mongoc_static.dir/src/mongoc/mongoc-topology.c.o
[ 41%] Building C object _deps/mongo-c-driver-build/src/libmongoc/CMakeFiles/mongoc_static.dir/src/mongoc/mongoc-topology-background-monitoring.c.o
[ 41%] Building C object _deps/mongo-c-driver-build/src/libmongoc/CMakeFiles/mongoc_static.dir/src/mongoc/mongoc-topology-description.c.o
[ 41%] Building C object _deps/mongo-c-driver-build/src/libmongoc/CMakeFiles/mongoc_static.dir/src/mongoc/mongoc-topology-description-apm.c.o
[ 41%] Building C object _deps/mongo-c-driver-build/src/libmongoc/CMakeFiles/mongoc_static.dir/src/mongoc/mongoc-topology-scanner.c.o
[ 41%] Building C object _deps/mongo-c-driver-build/src/libmongoc/CMakeFiles/mongoc_static.dir/src/mongoc/mongoc-ts-pool.c.o
[ 41%] Building C object _deps/mongo-c-driver-build/src/libmongoc/CMakeFiles/mongoc_static.dir/src/mongoc/mongoc-uri.c.o
[ 41%] Building C object _deps/mongo-c-driver-build/src/libmongoc/CMakeFiles/mongoc_static.dir/src/mongoc/mongoc-util.c.o
[ 41%] Building C object _deps/mongo-c-driver-build/src/libmongoc/CMakeFiles/mongoc_static.dir/src/mongoc/mongoc-version-functions.c.o
[ 41%] Building C object _deps/mongo-c-driver-build/src/libmongoc/CMakeFiles/mongoc_static.dir/src/mongoc/mongoc-write-command.c.o
[ 41%] Building C object _deps/mongo-c-driver-build/src/libmongoc/CMakeFiles/mongoc_static.dir/src/mongoc/mongoc-write-concern.c.o
[ 41%] Building C object _deps/mongo-c-driver-build/src/libmongoc/CMakeFiles/mongoc_static.dir/src/mongoc/service-gcp.c.o
[ 43%] Building C object _deps/mongo-c-driver-build/src/libmongoc/CMakeFiles/mongoc_static.dir/home/edwin.guest/code/.bench/p5-20261006/deps-src/mongo-c-driver-src/src/common/src/common-atomic.c.o
[ 43%] Building C object _deps/mongo-c-driver-build/src/libmongoc/CMakeFiles/mongoc_static.dir/home/edwin.guest/code/.bench/p5-20261006/deps-src/mongo-c-driver-src/src/common/src/common-b64.c.o
[ 43%] Building C object _deps/mongo-c-driver-build/src/libmongoc/CMakeFiles/mongoc_static.dir/home/edwin.guest/code/.bench/p5-20261006/deps-src/mongo-c-driver-src/src/common/src/common-md5.c.o
[ 43%] Building C object _deps/mongo-c-driver-build/src/libmongoc/CMakeFiles/mongoc_static.dir/home/edwin.guest/code/.bench/p5-20261006/deps-src/mongo-c-driver-src/src/common/src/common-json.c.o
[ 43%] Building C object _deps/mongo-c-driver-build/src/libmongoc/CMakeFiles/mongoc_static.dir/home/edwin.guest/code/.bench/p5-20261006/deps-src/mongo-c-driver-src/src/common/src/common-string.c.o
[ 43%] Building C object _deps/mongo-c-driver-build/src/libmongoc/CMakeFiles/mongoc_static.dir/home/edwin.guest/code/.bench/p5-20261006/deps-src/mongo-c-driver-src/src/common/src/common-oid.c.o
[ 43%] Building C object _deps/mongo-c-driver-build/src/libmongoc/CMakeFiles/mongoc_static.dir/home/edwin.guest/code/.bench/p5-20261006/deps-src/mongo-c-driver-src/src/common/src/common-thread.c.o
[ 43%] Building C object _deps/mongo-c-driver-build/src/libmongoc/CMakeFiles/mongoc_static.dir/src/mongoc/mongoc-crypto.c.o
[ 43%] Building C object _deps/mongo-c-driver-build/src/libmongoc/CMakeFiles/mongoc_static.dir/src/mongoc/mongoc-scram.c.o
[ 43%] Building C object _deps/mongo-c-driver-build/src/libmongoc/CMakeFiles/mongoc_static.dir/src/mongoc/mongoc-stream-tls.c.o
[ 43%] Building C object _deps/mongo-c-driver-build/src/libmongoc/CMakeFiles/mongoc_static.dir/src/mongoc/mongoc-ssl.c.o
[ 43%] Building C object _deps/mongo-c-driver-build/src/libmongoc/CMakeFiles/mongoc_static.dir/src/mongoc/mongoc-crypto-openssl.c.o
[ 43%] Building C object _deps/mongo-c-driver-build/src/libmongoc/CMakeFiles/mongoc_static.dir/src/mongoc/mongoc-rand-openssl.c.o
[ 44%] Building C object _deps/mongo-c-driver-build/src/libmongoc/CMakeFiles/mongoc_static.dir/src/mongoc/mongoc-crypto-cng.c.o
[ 44%] Building C object _deps/mongo-c-driver-build/src/libmongoc/CMakeFiles/mongoc_static.dir/src/mongoc/mongoc-rand-cng.c.o
[ 44%] Building C object _deps/mongo-c-driver-build/src/libmongoc/CMakeFiles/mongoc_static.dir/src/mongoc/mongoc-stream-tls-secure-channel.c.o
[ 44%] Building C object _deps/mongo-c-driver-build/src/libmongoc/CMakeFiles/mongoc_static.dir/src/mongoc/mongoc-secure-channel.c.o
[ 44%] Building C object _deps/mongo-c-driver-build/src/libmongoc/CMakeFiles/mongoc_static.dir/src/mongoc/mongoc-crypto-common-crypto.c.o
[ 44%] Building C object _deps/mongo-c-driver-build/src/libmongoc/CMakeFiles/mongoc_static.dir/src/mongoc/mongoc-rand-common-crypto.c.o
[ 44%] Building C object _deps/mongo-c-driver-build/src/libmongoc/CMakeFiles/mongoc_static.dir/src/mongoc/mongoc-stream-tls-secure-transport.c.o
[ 44%] Building C object _deps/mongo-c-driver-build/src/libmongoc/CMakeFiles/mongoc_static.dir/src/mongoc/mongoc-secure-transport.c.o
[ 44%] Building C object _deps/mongo-c-driver-build/src/libmongoc/CMakeFiles/mongoc_static.dir/src/mongoc/mongoc-stream-tls-openssl.c.o
[ 44%] Building C object _deps/mongo-c-driver-build/src/libmongoc/CMakeFiles/mongoc_static.dir/src/mongoc/mongoc-stream-tls-openssl-bio.c.o
[ 44%] Building C object _deps/mongo-c-driver-build/src/libmongoc/CMakeFiles/mongoc_static.dir/src/mongoc/mongoc-openssl.c.o
[ 44%] Building C object _deps/mongo-c-driver-build/src/libmongoc/CMakeFiles/mongoc_static.dir/src/mongoc/mongoc-ocsp-cache.c.o
[ 44%] Building C object _deps/mongo-c-driver-build/src/libmongoc/CMakeFiles/mongoc_static.dir/src/mongoc/mongoc-bulkwrite.c.o
[ 45%] Linking C static library libmongoc2.a
[ 45%] Built target mongoc_static
[ 47%] Building CXX object _deps/mongo-c-driver-build/src/CMakeFiles/mongoc-cxx-check.dir/cpp-check.cpp.o
[ 47%] Built target mongoc-cxx-check
[ 47%] Generating libbsoncxx1-static.pc
[ 47%] Built target generate-libbsoncxx_static-pc
[ 48%] Building CXX object _deps/mongo-cxx-driver-build/src/bsoncxx/CMakeFiles/bsoncxx_static.dir/lib/bsoncxx/private/itoa.cpp.o
[ 48%] Building CXX object _deps/mongo-cxx-driver-build/src/bsoncxx/CMakeFiles/bsoncxx_static.dir/lib/bsoncxx/private/version.cpp.o
[ 48%] Building CXX object _deps/mongo-cxx-driver-build/src/bsoncxx/CMakeFiles/bsoncxx_static.dir/lib/bsoncxx/v1/array/value.cpp.o
[ 48%] Building CXX object _deps/mongo-cxx-driver-build/src/bsoncxx/CMakeFiles/bsoncxx_static.dir/lib/bsoncxx/v1/array/view.cpp.o
[ 48%] Building CXX object _deps/mongo-cxx-driver-build/src/bsoncxx/CMakeFiles/bsoncxx_static.dir/lib/bsoncxx/v1/config/config.cpp.o
[ 48%] Building CXX object _deps/mongo-cxx-driver-build/src/bsoncxx/CMakeFiles/bsoncxx_static.dir/lib/bsoncxx/v1/config/export.cpp.o
[ 48%] Building CXX object _deps/mongo-cxx-driver-build/src/bsoncxx/CMakeFiles/bsoncxx_static.dir/lib/bsoncxx/v1/config/version.cpp.o
[ 48%] Building CXX object _deps/mongo-cxx-driver-build/src/bsoncxx/CMakeFiles/bsoncxx_static.dir/lib/bsoncxx/v1/decimal128.cpp.o
[ 48%] Building CXX object _deps/mongo-cxx-driver-build/src/bsoncxx/CMakeFiles/bsoncxx_static.dir/lib/bsoncxx/v1/detail/postlude.cpp.o
[ 48%] Building CXX object _deps/mongo-cxx-driver-build/src/bsoncxx/CMakeFiles/bsoncxx_static.dir/lib/bsoncxx/v1/detail/prelude.cpp.o
[ 48%] Building CXX object _deps/mongo-cxx-driver-build/src/bsoncxx/CMakeFiles/bsoncxx_static.dir/lib/bsoncxx/v1/document/value.cpp.o
[ 48%] Building CXX object _deps/mongo-cxx-driver-build/src/bsoncxx/CMakeFiles/bsoncxx_static.dir/lib/bsoncxx/v1/document/view.cpp.o
[ 48%] Building CXX object _deps/mongo-cxx-driver-build/src/bsoncxx/CMakeFiles/bsoncxx_static.dir/lib/bsoncxx/v1/element/view.cpp.o
[ 50%] Building CXX object _deps/mongo-cxx-driver-build/src/bsoncxx/CMakeFiles/bsoncxx_static.dir/lib/bsoncxx/v1/exception.cpp.o
[ 50%] Building CXX object _deps/mongo-cxx-driver-build/src/bsoncxx/CMakeFiles/bsoncxx_static.dir/lib/bsoncxx/v1/oid.cpp.o
[ 50%] Building CXX object _deps/mongo-cxx-driver-build/src/bsoncxx/CMakeFiles/bsoncxx_static.dir/lib/bsoncxx/v1/types/id.cpp.o
[ 50%] Building CXX object _deps/mongo-cxx-driver-build/src/bsoncxx/CMakeFiles/bsoncxx_static.dir/lib/bsoncxx/v1/types/value.cpp.o
[ 50%] Building CXX object _deps/mongo-cxx-driver-build/src/bsoncxx/CMakeFiles/bsoncxx_static.dir/lib/bsoncxx/v1/types/view.cpp.o
[ 50%] Building CXX object _deps/mongo-cxx-driver-build/src/bsoncxx/CMakeFiles/bsoncxx_static.dir/lib/bsoncxx/v_noabi/bsoncxx/array/element.cpp.o
[ 50%] Building CXX object _deps/mongo-cxx-driver-build/src/bsoncxx/CMakeFiles/bsoncxx_static.dir/lib/bsoncxx/v_noabi/bsoncxx/array/value.cpp.o
[ 50%] Building CXX object _deps/mongo-cxx-driver-build/src/bsoncxx/CMakeFiles/bsoncxx_static.dir/lib/bsoncxx/v_noabi/bsoncxx/array/view.cpp.o
[ 50%] Building CXX object _deps/mongo-cxx-driver-build/src/bsoncxx/CMakeFiles/bsoncxx_static.dir/lib/bsoncxx/v_noabi/bsoncxx/builder/core.cpp.o
[ 50%] Building CXX object _deps/mongo-cxx-driver-build/src/bsoncxx/CMakeFiles/bsoncxx_static.dir/lib/bsoncxx/v_noabi/bsoncxx/config/config.cpp.o
[ 50%] Building CXX object _deps/mongo-cxx-driver-build/src/bsoncxx/CMakeFiles/bsoncxx_static.dir/lib/bsoncxx/v_noabi/bsoncxx/config/export.cpp.o
[ 50%] Building CXX object _deps/mongo-cxx-driver-build/src/bsoncxx/CMakeFiles/bsoncxx_static.dir/lib/bsoncxx/v_noabi/bsoncxx/config/version.cpp.o
[ 50%] Building CXX object _deps/mongo-cxx-driver-build/src/bsoncxx/CMakeFiles/bsoncxx_static.dir/lib/bsoncxx/v_noabi/bsoncxx/decimal128.cpp.o
[ 51%] Building CXX object _deps/mongo-cxx-driver-build/src/bsoncxx/CMakeFiles/bsoncxx_static.dir/lib/bsoncxx/v_noabi/bsoncxx/document/element.cpp.o
[ 51%] Building CXX object _deps/mongo-cxx-driver-build/src/bsoncxx/CMakeFiles/bsoncxx_static.dir/lib/bsoncxx/v_noabi/bsoncxx/document/value.cpp.o
[ 51%] Building CXX object _deps/mongo-cxx-driver-build/src/bsoncxx/CMakeFiles/bsoncxx_static.dir/lib/bsoncxx/v_noabi/bsoncxx/document/view.cpp.o
[ 51%] Building CXX object _deps/mongo-cxx-driver-build/src/bsoncxx/CMakeFiles/bsoncxx_static.dir/lib/bsoncxx/v_noabi/bsoncxx/exception/error_code.cpp.o
[ 51%] Building CXX object _deps/mongo-cxx-driver-build/src/bsoncxx/CMakeFiles/bsoncxx_static.dir/lib/bsoncxx/v_noabi/bsoncxx/exception/exception.cpp.o
[ 51%] Building CXX object _deps/mongo-cxx-driver-build/src/bsoncxx/CMakeFiles/bsoncxx_static.dir/lib/bsoncxx/v_noabi/bsoncxx/json.cpp.o
[ 51%] Building CXX object _deps/mongo-cxx-driver-build/src/bsoncxx/CMakeFiles/bsoncxx_static.dir/lib/bsoncxx/v_noabi/bsoncxx/oid.cpp.o
[ 51%] Building CXX object _deps/mongo-cxx-driver-build/src/bsoncxx/CMakeFiles/bsoncxx_static.dir/lib/bsoncxx/v_noabi/bsoncxx/string/view_or_value.cpp.o
[ 51%] Building CXX object _deps/mongo-cxx-driver-build/src/bsoncxx/CMakeFiles/bsoncxx_static.dir/lib/bsoncxx/v_noabi/bsoncxx/types.cpp.o
[ 51%] Building CXX object _deps/mongo-cxx-driver-build/src/bsoncxx/CMakeFiles/bsoncxx_static.dir/lib/bsoncxx/v_noabi/bsoncxx/types/bson_value/value.cpp.o
[ 51%] Building CXX object _deps/mongo-cxx-driver-build/src/bsoncxx/CMakeFiles/bsoncxx_static.dir/lib/bsoncxx/v_noabi/bsoncxx/types/bson_value/view.cpp.o
[ 51%] Building CXX object _deps/mongo-cxx-driver-build/src/bsoncxx/CMakeFiles/bsoncxx_static.dir/lib/bsoncxx/v_noabi/bsoncxx/validate.cpp.o
[ 51%] Building CXX object _deps/mongo-cxx-driver-build/src/bsoncxx/CMakeFiles/bsoncxx_static.dir/lib/bsoncxx/v_noabi/bsoncxx/vector.cpp.o
[ 51%] Linking CXX static library libbsoncxx1-static.a
[ 51%] Built target bsoncxx_static
[ 51%] Generating libmongocxx1-static.pc
[ 51%] Built target generate-libmongocxx_static-pc
[ 51%] Building CXX object _deps/mongo-cxx-driver-build/src/mongocxx/CMakeFiles/mongocxx_static.dir/lib/mongocxx/private/mongoc.cpp.o
[ 51%] Building CXX object _deps/mongo-cxx-driver-build/src/mongocxx/CMakeFiles/mongocxx_static.dir/lib/mongocxx/private/scoped_bson.cpp.o
[ 51%] Building CXX object _deps/mongo-cxx-driver-build/src/mongocxx/CMakeFiles/mongocxx_static.dir/lib/mongocxx/v1/aggregate_options.cpp.o
[ 51%] Building CXX object _deps/mongo-cxx-driver-build/src/mongocxx/CMakeFiles/mongocxx_static.dir/lib/mongocxx/v1/apm.cpp.o
[ 51%] Building CXX object _deps/mongo-cxx-driver-build/src/mongocxx/CMakeFiles/mongocxx_static.dir/lib/mongocxx/v1/auto_encryption_options.cpp.o
[ 51%] Building CXX object _deps/mongo-cxx-driver-build/src/mongocxx/CMakeFiles/mongocxx_static.dir/lib/mongocxx/v1/bulk_write.cpp.o
[ 51%] Building CXX object _deps/mongo-cxx-driver-build/src/mongocxx/CMakeFiles/mongocxx_static.dir/lib/mongocxx/v1/change_stream.cpp.o
[ 51%] Building CXX object _deps/mongo-cxx-driver-build/src/mongocxx/CMakeFiles/mongocxx_static.dir/lib/mongocxx/v1/client_bulk_write.cpp.o
[ 51%] Building CXX object _deps/mongo-cxx-driver-build/src/mongocxx/CMakeFiles/mongocxx_static.dir/lib/mongocxx/v1/client_encryption.cpp.o
[ 51%] Building CXX object _deps/mongo-cxx-driver-build/src/mongocxx/CMakeFiles/mongocxx_static.dir/lib/mongocxx/v1/client_session.cpp.o
[ 52%] Building CXX object _deps/mongo-cxx-driver-build/src/mongocxx/CMakeFiles/mongocxx_static.dir/lib/mongocxx/v1/client.cpp.o
[ 52%] Building CXX object _deps/mongo-cxx-driver-build/src/mongocxx/CMakeFiles/mongocxx_static.dir/lib/mongocxx/v1/collection.cpp.o
[ 52%] Building CXX object _deps/mongo-cxx-driver-build/src/mongocxx/CMakeFiles/mongocxx_static.dir/lib/mongocxx/v1/config/config.cpp.o
[ 52%] Building CXX object _deps/mongo-cxx-driver-build/src/mongocxx/CMakeFiles/mongocxx_static.dir/lib/mongocxx/v1/config/export.cpp.o
[ 52%] Building CXX object _deps/mongo-cxx-driver-build/src/mongocxx/CMakeFiles/mongocxx_static.dir/lib/mongocxx/v1/config/version.cpp.o
[ 52%] Building CXX object _deps/mongo-cxx-driver-build/src/mongocxx/CMakeFiles/mongocxx_static.dir/lib/mongocxx/v1/count_options.cpp.o
[ 52%] Building CXX object _deps/mongo-cxx-driver-build/src/mongocxx/CMakeFiles/mongocxx_static.dir/lib/mongocxx/v1/cursor.cpp.o
[ 52%] Building CXX object _deps/mongo-cxx-driver-build/src/mongocxx/CMakeFiles/mongocxx_static.dir/lib/mongocxx/v1/data_key_options.cpp.o
[ 52%] Building CXX object _deps/mongo-cxx-driver-build/src/mongocxx/CMakeFiles/mongocxx_static.dir/lib/mongocxx/v1/database.cpp.o
[ 52%] Building CXX object _deps/mongo-cxx-driver-build/src/mongocxx/CMakeFiles/mongocxx_static.dir/lib/mongocxx/v1/delete_many_options.cpp.o
[ 52%] Building CXX object _deps/mongo-cxx-driver-build/src/mongocxx/CMakeFiles/mongocxx_static.dir/lib/mongocxx/v1/delete_many_result.cpp.o
[ 52%] Building CXX object _deps/mongo-cxx-driver-build/src/mongocxx/CMakeFiles/mongocxx_static.dir/lib/mongocxx/v1/delete_one_options.cpp.o
[ 52%] Building CXX object _deps/mongo-cxx-driver-build/src/mongocxx/CMakeFiles/mongocxx_static.dir/lib/mongocxx/v1/delete_one_result.cpp.o
[ 54%] Building CXX object _deps/mongo-cxx-driver-build/src/mongocxx/CMakeFiles/mongocxx_static.dir/lib/mongocxx/v1/detail/postlude.cpp.o
[ 54%] Building CXX object _deps/mongo-cxx-driver-build/src/mongocxx/CMakeFiles/mongocxx_static.dir/lib/mongocxx/v1/detail/prelude.cpp.o
[ 54%] Building CXX object _deps/mongo-cxx-driver-build/src/mongocxx/CMakeFiles/mongocxx_static.dir/lib/mongocxx/v1/distinct_options.cpp.o
[ 54%] Building CXX object _deps/mongo-cxx-driver-build/src/mongocxx/CMakeFiles/mongocxx_static.dir/lib/mongocxx/v1/encrypt_options.cpp.o
[ 54%] Building CXX object _deps/mongo-cxx-driver-build/src/mongocxx/CMakeFiles/mongocxx_static.dir/lib/mongocxx/v1/estimated_document_count_options.cpp.o
[ 54%] Building CXX object _deps/mongo-cxx-driver-build/src/mongocxx/CMakeFiles/mongocxx_static.dir/lib/mongocxx/v1/events/command_failed.cpp.o
[ 54%] Building CXX object _deps/mongo-cxx-driver-build/src/mongocxx/CMakeFiles/mongocxx_static.dir/lib/mongocxx/v1/events/command_started.cpp.o
[ 54%] Building CXX object _deps/mongo-cxx-driver-build/src/mongocxx/CMakeFiles/mongocxx_static.dir/lib/mongocxx/v1/events/command_succeeded.cpp.o
[ 54%] Building CXX object _deps/mongo-cxx-driver-build/src/mongocxx/CMakeFiles/mongocxx_static.dir/lib/mongocxx/v1/events/server_closed.cpp.o
[ 54%] Building CXX object _deps/mongo-cxx-driver-build/src/mongocxx/CMakeFiles/mongocxx_static.dir/lib/mongocxx/v1/events/server_description_changed.cpp.o
[ 54%] Building CXX object _deps/mongo-cxx-driver-build/src/mongocxx/CMakeFiles/mongocxx_static.dir/lib/mongocxx/v1/events/server_description.cpp.o
[ 54%] Building CXX object _deps/mongo-cxx-driver-build/src/mongocxx/CMakeFiles/mongocxx_static.dir/lib/mongocxx/v1/events/server_heartbeat_failed.cpp.o
[ 54%] Building CXX object _deps/mongo-cxx-driver-build/src/mongocxx/CMakeFiles/mongocxx_static.dir/lib/mongocxx/v1/events/server_heartbeat_started.cpp.o
[ 55%] Building CXX object _deps/mongo-cxx-driver-build/src/mongocxx/CMakeFiles/mongocxx_static.dir/lib/mongocxx/v1/events/server_heartbeat_succeeded.cpp.o
[ 55%] Building CXX object _deps/mongo-cxx-driver-build/src/mongocxx/CMakeFiles/mongocxx_static.dir/lib/mongocxx/v1/events/server_opening.cpp.o
[ 55%] Building CXX object _deps/mongo-cxx-driver-build/src/mongocxx/CMakeFiles/mongocxx_static.dir/lib/mongocxx/v1/events/topology_closed.cpp.o
[ 55%] Building CXX object _deps/mongo-cxx-driver-build/src/mongocxx/CMakeFiles/mongocxx_static.dir/lib/mongocxx/v1/events/topology_description_changed.cpp.o
[ 55%] Building CXX object _deps/mongo-cxx-driver-build/src/mongocxx/CMakeFiles/mongocxx_static.dir/lib/mongocxx/v1/events/topology_description.cpp.o
[ 55%] Building CXX object _deps/mongo-cxx-driver-build/src/mongocxx/CMakeFiles/mongocxx_static.dir/lib/mongocxx/v1/events/topology_opening.cpp.o
[ 55%] Building CXX object _deps/mongo-cxx-driver-build/src/mongocxx/CMakeFiles/mongocxx_static.dir/lib/mongocxx/v1/exception.cpp.o
[ 55%] Building CXX object _deps/mongo-cxx-driver-build/src/mongocxx/CMakeFiles/mongocxx_static.dir/lib/mongocxx/v1/find_one_and_delete_options.cpp.o
[ 55%] Building CXX object _deps/mongo-cxx-driver-build/src/mongocxx/CMakeFiles/mongocxx_static.dir/lib/mongocxx/v1/find_one_and_replace_options.cpp.o
[ 55%] Building CXX object _deps/mongo-cxx-driver-build/src/mongocxx/CMakeFiles/mongocxx_static.dir/lib/mongocxx/v1/find_one_and_update_options.cpp.o
[ 55%] Building CXX object _deps/mongo-cxx-driver-build/src/mongocxx/CMakeFiles/mongocxx_static.dir/lib/mongocxx/v1/find_options.cpp.o
[ 55%] Building CXX object _deps/mongo-cxx-driver-build/src/mongocxx/CMakeFiles/mongocxx_static.dir/lib/mongocxx/v1/gridfs/bucket.cpp.o
[ 55%] Building CXX object _deps/mongo-cxx-driver-build/src/mongocxx/CMakeFiles/mongocxx_static.dir/lib/mongocxx/v1/gridfs/downloader.cpp.o
[ 55%] Building CXX object _deps/mongo-cxx-driver-build/src/mongocxx/CMakeFiles/mongocxx_static.dir/lib/mongocxx/v1/gridfs/upload_options.cpp.o
[ 56%] Building CXX object _deps/mongo-cxx-driver-build/src/mongocxx/CMakeFiles/mongocxx_static.dir/lib/mongocxx/v1/gridfs/upload_result.cpp.o
[ 56%] Building CXX object _deps/mongo-cxx-driver-build/src/mongocxx/CMakeFiles/mongocxx_static.dir/lib/mongocxx/v1/gridfs/uploader.cpp.o
[ 56%] Building CXX object _deps/mongo-cxx-driver-build/src/mongocxx/CMakeFiles/mongocxx_static.dir/lib/mongocxx/v1/hint.cpp.o
[ 56%] Building CXX object _deps/mongo-cxx-driver-build/src/mongocxx/CMakeFiles/mongocxx_static.dir/lib/mongocxx/v1/indexes.cpp.o
[ 56%] Building CXX object _deps/mongo-cxx-driver-build/src/mongocxx/CMakeFiles/mongocxx_static.dir/lib/mongocxx/v1/insert_many_options.cpp.o
[ 56%] Building CXX object _deps/mongo-cxx-driver-build/src/mongocxx/CMakeFiles/mongocxx_static.dir/lib/mongocxx/v1/insert_many_result.cpp.o
[ 56%] Building CXX object _deps/mongo-cxx-driver-build/src/mongocxx/CMakeFiles/mongocxx_static.dir/lib/mongocxx/v1/insert_one_options.cpp.o
[ 56%] Building CXX object _deps/mongo-cxx-driver-build/src/mongocxx/CMakeFiles/mongocxx_static.dir/lib/mongocxx/v1/insert_one_result.cpp.o
[ 56%] Building CXX object _deps/mongo-cxx-driver-build/src/mongocxx/CMakeFiles/mongocxx_static.dir/lib/mongocxx/v1/instance.cpp.o
[ 56%] Building CXX object _deps/mongo-cxx-driver-build/src/mongocxx/CMakeFiles/mongocxx_static.dir/lib/mongocxx/v1/logger.cpp.o
[ 56%] Building CXX object _deps/mongo-cxx-driver-build/src/mongocxx/CMakeFiles/mongocxx_static.dir/lib/mongocxx/v1/oidc_callback.cpp.o
[ 56%] Building CXX object _deps/mongo-cxx-driver-build/src/mongocxx/CMakeFiles/mongocxx_static.dir/lib/mongocxx/v1/oidc_callback_params.cpp.o
[ 56%] Building CXX object _deps/mongo-cxx-driver-build/src/mongocxx/CMakeFiles/mongocxx_static.dir/lib/mongocxx/v1/oidc_credential.cpp.o
[ 58%] Building CXX object _deps/mongo-cxx-driver-build/src/mongocxx/CMakeFiles/mongocxx_static.dir/lib/mongocxx/v1/pipeline.cpp.o
[ 58%] Building CXX object _deps/mongo-cxx-driver-build/src/mongocxx/CMakeFiles/mongocxx_static.dir/lib/mongocxx/v1/pool.cpp.o
[ 58%] Building CXX object _deps/mongo-cxx-driver-build/src/mongocxx/CMakeFiles/mongocxx_static.dir/lib/mongocxx/v1/range_options.cpp.o
[ 58%] Building CXX object _deps/mongo-cxx-driver-build/src/mongocxx/CMakeFiles/mongocxx_static.dir/lib/mongocxx/v1/read_concern.cpp.o
[ 58%] Building CXX object _deps/mongo-cxx-driver-build/src/mongocxx/CMakeFiles/mongocxx_static.dir/lib/mongocxx/v1/read_preference.cpp.o
[ 58%] Building CXX object _deps/mongo-cxx-driver-build/src/mongocxx/CMakeFiles/mongocxx_static.dir/lib/mongocxx/v1/replace_one_options.cpp.o
[ 58%] Building CXX object _deps/mongo-cxx-driver-build/src/mongocxx/CMakeFiles/mongocxx_static.dir/lib/mongocxx/v1/replace_one_result.cpp.o
[ 58%] Building CXX object _deps/mongo-cxx-driver-build/src/mongocxx/CMakeFiles/mongocxx_static.dir/lib/mongocxx/v1/return_document.cpp.o
[ 58%] Building CXX object _deps/mongo-cxx-driver-build/src/mongocxx/CMakeFiles/mongocxx_static.dir/lib/mongocxx/v1/rewrap_many_datakey_options.cpp.o
[ 58%] Building CXX object _deps/mongo-cxx-driver-build/src/mongocxx/CMakeFiles/mongocxx_static.dir/lib/mongocxx/v1/rewrap_many_datakey_result.cpp.o
[ 58%] Building CXX object _deps/mongo-cxx-driver-build/src/mongocxx/CMakeFiles/mongocxx_static.dir/lib/mongocxx/v1/search_indexes.cpp.o
[ 58%] Building CXX object _deps/mongo-cxx-driver-build/src/mongocxx/CMakeFiles/mongocxx_static.dir/lib/mongocxx/v1/server_api.cpp.o
[ 58%] Building CXX object _deps/mongo-cxx-driver-build/src/mongocxx/CMakeFiles/mongocxx_static.dir/lib/mongocxx/v1/server_error.cpp.o
[ 58%] Building CXX object _deps/mongo-cxx-driver-build/src/mongocxx/CMakeFiles/mongocxx_static.dir/lib/mongocxx/v1/string_options.cpp.o
[ 59%] Building CXX object _deps/mongo-cxx-driver-build/src/mongocxx/CMakeFiles/mongocxx_static.dir/lib/mongocxx/v1/text_options.cpp.o
[ 59%] Building CXX object _deps/mongo-cxx-driver-build/src/mongocxx/CMakeFiles/mongocxx_static.dir/lib/mongocxx/v1/tls.cpp.o
[ 59%] Building CXX object _deps/mongo-cxx-driver-build/src/mongocxx/CMakeFiles/mongocxx_static.dir/lib/mongocxx/v1/transaction_options.cpp.o
[ 59%] Building CXX object _deps/mongo-cxx-driver-build/src/mongocxx/CMakeFiles/mongocxx_static.dir/lib/mongocxx/v1/update_many_options.cpp.o
[ 59%] Building CXX object _deps/mongo-cxx-driver-build/src/mongocxx/CMakeFiles/mongocxx_static.dir/lib/mongocxx/v1/update_many_result.cpp.o
[ 59%] Building CXX object _deps/mongo-cxx-driver-build/src/mongocxx/CMakeFiles/mongocxx_static.dir/lib/mongocxx/v1/update_one_options.cpp.o
[ 59%] Building CXX object _deps/mongo-cxx-driver-build/src/mongocxx/CMakeFiles/mongocxx_static.dir/lib/mongocxx/v1/update_one_result.cpp.o
[ 59%] Building CXX object _deps/mongo-cxx-driver-build/src/mongocxx/CMakeFiles/mongocxx_static.dir/lib/mongocxx/v1/uri.cpp.o
[ 59%] Building CXX object _deps/mongo-cxx-driver-build/src/mongocxx/CMakeFiles/mongocxx_static.dir/lib/mongocxx/v1/write_concern.cpp.o
[ 59%] Building CXX object _deps/mongo-cxx-driver-build/src/mongocxx/CMakeFiles/mongocxx_static.dir/lib/mongocxx/v_noabi/mongocxx/bulk_write.cpp.o
[ 59%] Building CXX object _deps/mongo-cxx-driver-build/src/mongocxx/CMakeFiles/mongocxx_static.dir/lib/mongocxx/v_noabi/mongocxx/change_stream.cpp.o
[ 59%] Building CXX object _deps/mongo-cxx-driver-build/src/mongocxx/CMakeFiles/mongocxx_static.dir/lib/mongocxx/v_noabi/mongocxx/client_encryption.cpp.o
[ 59%] Building CXX object _deps/mongo-cxx-driver-build/src/mongocxx/CMakeFiles/mongocxx_static.dir/lib/mongocxx/v_noabi/mongocxx/client_session.cpp.o
[ 60%] Building CXX object _deps/mongo-cxx-driver-build/src/mongocxx/CMakeFiles/mongocxx_static.dir/lib/mongocxx/v_noabi/mongocxx/client.cpp.o
[ 60%] Building CXX object _deps/mongo-cxx-driver-build/src/mongocxx/CMakeFiles/mongocxx_static.dir/lib/mongocxx/v_noabi/mongocxx/collection.cpp.o
[ 60%] Building CXX object _deps/mongo-cxx-driver-build/src/mongocxx/CMakeFiles/mongocxx_static.dir/lib/mongocxx/v_noabi/mongocxx/config/config.cpp.o
[ 60%] Building CXX object _deps/mongo-cxx-driver-build/src/mongocxx/CMakeFiles/mongocxx_static.dir/lib/mongocxx/v_noabi/mongocxx/config/export.cpp.o
[ 60%] Building CXX object _deps/mongo-cxx-driver-build/src/mongocxx/CMakeFiles/mongocxx_static.dir/lib/mongocxx/v_noabi/mongocxx/config/version.cpp.o
[ 60%] Building CXX object _deps/mongo-cxx-driver-build/src/mongocxx/CMakeFiles/mongocxx_static.dir/lib/mongocxx/v_noabi/mongocxx/conversions.cpp.o
[ 60%] Building CXX object _deps/mongo-cxx-driver-build/src/mongocxx/CMakeFiles/mongocxx_static.dir/lib/mongocxx/v_noabi/mongocxx/cursor.cpp.o
[ 60%] Building CXX object _deps/mongo-cxx-driver-build/src/mongocxx/CMakeFiles/mongocxx_static.dir/lib/mongocxx/v_noabi/mongocxx/database.cpp.o
[ 60%] Building CXX object _deps/mongo-cxx-driver-build/src/mongocxx/CMakeFiles/mongocxx_static.dir/lib/mongocxx/v_noabi/mongocxx/events/command_failed_event.cpp.o
[ 60%] Building CXX object _deps/mongo-cxx-driver-build/src/mongocxx/CMakeFiles/mongocxx_static.dir/lib/mongocxx/v_noabi/mongocxx/events/command_started_event.cpp.o
[ 60%] Building CXX object _deps/mongo-cxx-driver-build/src/mongocxx/CMakeFiles/mongocxx_static.dir/lib/mongocxx/v_noabi/mongocxx/events/command_succeeded_event.cpp.o
[ 60%] Building CXX object _deps/mongo-cxx-driver-build/src/mongocxx/CMakeFiles/mongocxx_static.dir/lib/mongocxx/v_noabi/mongocxx/events/heartbeat_failed_event.cpp.o
[ 60%] Building CXX object _deps/mongo-cxx-driver-build/src/mongocxx/CMakeFiles/mongocxx_static.dir/lib/mongocxx/v_noabi/mongocxx/events/heartbeat_started_event.cpp.o
[ 62%] Building CXX object _deps/mongo-cxx-driver-build/src/mongocxx/CMakeFiles/mongocxx_static.dir/lib/mongocxx/v_noabi/mongocxx/events/heartbeat_succeeded_event.cpp.o
[ 62%] Building CXX object _deps/mongo-cxx-driver-build/src/mongocxx/CMakeFiles/mongocxx_static.dir/lib/mongocxx/v_noabi/mongocxx/events/server_changed_event.cpp.o
[ 62%] Building CXX object _deps/mongo-cxx-driver-build/src/mongocxx/CMakeFiles/mongocxx_static.dir/lib/mongocxx/v_noabi/mongocxx/events/server_closed_event.cpp.o
[ 62%] Building CXX object _deps/mongo-cxx-driver-build/src/mongocxx/CMakeFiles/mongocxx_static.dir/lib/mongocxx/v_noabi/mongocxx/events/server_description.cpp.o
[ 62%] Building CXX object _deps/mongo-cxx-driver-build/src/mongocxx/CMakeFiles/mongocxx_static.dir/lib/mongocxx/v_noabi/mongocxx/events/server_opening_event.cpp.o
[ 62%] Building CXX object _deps/mongo-cxx-driver-build/src/mongocxx/CMakeFiles/mongocxx_static.dir/lib/mongocxx/v_noabi/mongocxx/events/topology_changed_event.cpp.o
[ 62%] Building CXX object _deps/mongo-cxx-driver-build/src/mongocxx/CMakeFiles/mongocxx_static.dir/lib/mongocxx/v_noabi/mongocxx/events/topology_closed_event.cpp.o
[ 62%] Building CXX object _deps/mongo-cxx-driver-build/src/mongocxx/CMakeFiles/mongocxx_static.dir/lib/mongocxx/v_noabi/mongocxx/events/topology_description.cpp.o
[ 62%] Building CXX object _deps/mongo-cxx-driver-build/src/mongocxx/CMakeFiles/mongocxx_static.dir/lib/mongocxx/v_noabi/mongocxx/events/topology_opening_event.cpp.o
[ 62%] Building CXX object _deps/mongo-cxx-driver-build/src/mongocxx/CMakeFiles/mongocxx_static.dir/lib/mongocxx/v_noabi/mongocxx/exception/authentication_exception.cpp.o
[ 62%] Building CXX object _deps/mongo-cxx-driver-build/src/mongocxx/CMakeFiles/mongocxx_static.dir/lib/mongocxx/v_noabi/mongocxx/exception/bulk_write_exception.cpp.o
[ 62%] Building CXX object _deps/mongo-cxx-driver-build/src/mongocxx/CMakeFiles/mongocxx_static.dir/lib/mongocxx/v_noabi/mongocxx/exception/error_code.cpp.o
[ 62%] Building CXX object _deps/mongo-cxx-driver-build/src/mongocxx/CMakeFiles/mongocxx_static.dir/lib/mongocxx/v_noabi/mongocxx/exception/exception.cpp.o
[ 62%] Building CXX object _deps/mongo-cxx-driver-build/src/mongocxx/CMakeFiles/mongocxx_static.dir/lib/mongocxx/v_noabi/mongocxx/exception/gridfs_exception.cpp.o
[ 63%] Building CXX object _deps/mongo-cxx-driver-build/src/mongocxx/CMakeFiles/mongocxx_static.dir/lib/mongocxx/v_noabi/mongocxx/exception/logic_error.cpp.o
[ 63%] Building CXX object _deps/mongo-cxx-driver-build/src/mongocxx/CMakeFiles/mongocxx_static.dir/lib/mongocxx/v_noabi/mongocxx/exception/operation_exception.cpp.o
[ 63%] Building CXX object _deps/mongo-cxx-driver-build/src/mongocxx/CMakeFiles/mongocxx_static.dir/lib/mongocxx/v_noabi/mongocxx/exception/query_exception.cpp.o
[ 63%] Building CXX object _deps/mongo-cxx-driver-build/src/mongocxx/CMakeFiles/mongocxx_static.dir/lib/mongocxx/v_noabi/mongocxx/exception/server_error_code.cpp.o
[ 63%] Building CXX object _deps/mongo-cxx-driver-build/src/mongocxx/CMakeFiles/mongocxx_static.dir/lib/mongocxx/v_noabi/mongocxx/exception/write_exception.cpp.o
[ 63%] Building CXX object _deps/mongo-cxx-driver-build/src/mongocxx/CMakeFiles/mongocxx_static.dir/lib/mongocxx/v_noabi/mongocxx/gridfs/bucket.cpp.o
[ 63%] Building CXX object _deps/mongo-cxx-driver-build/src/mongocxx/CMakeFiles/mongocxx_static.dir/lib/mongocxx/v_noabi/mongocxx/gridfs/downloader.cpp.o
[ 63%] Building CXX object _deps/mongo-cxx-driver-build/src/mongocxx/CMakeFiles/mongocxx_static.dir/lib/mongocxx/v_noabi/mongocxx/gridfs/uploader.cpp.o
[ 63%] Building CXX object _deps/mongo-cxx-driver-build/src/mongocxx/CMakeFiles/mongocxx_static.dir/lib/mongocxx/v_noabi/mongocxx/hint.cpp.o
[ 63%] Building CXX object _deps/mongo-cxx-driver-build/src/mongocxx/CMakeFiles/mongocxx_static.dir/lib/mongocxx/v_noabi/mongocxx/index_model.cpp.o
[ 63%] Building CXX object _deps/mongo-cxx-driver-build/src/mongocxx/CMakeFiles/mongocxx_static.dir/lib/mongocxx/v_noabi/mongocxx/index_view.cpp.o
[ 63%] Building CXX object _deps/mongo-cxx-driver-build/src/mongocxx/CMakeFiles/mongocxx_static.dir/lib/mongocxx/v_noabi/mongocxx/instance.cpp.o
[ 63%] Building CXX object _deps/mongo-cxx-driver-build/src/mongocxx/CMakeFiles/mongocxx_static.dir/lib/mongocxx/v_noabi/mongocxx/logger.cpp.o
[ 64%] Building CXX object _deps/mongo-cxx-driver-build/src/mongocxx/CMakeFiles/mongocxx_static.dir/lib/mongocxx/v_noabi/mongocxx/model/delete_many.cpp.o
[ 64%] Building CXX object _deps/mongo-cxx-driver-build/src/mongocxx/CMakeFiles/mongocxx_static.dir/lib/mongocxx/v_noabi/mongocxx/model/delete_one.cpp.o
[ 64%] Building CXX object _deps/mongo-cxx-driver-build/src/mongocxx/CMakeFiles/mongocxx_static.dir/lib/mongocxx/v_noabi/mongocxx/model/insert_one.cpp.o
[ 64%] Building CXX object _deps/mongo-cxx-driver-build/src/mongocxx/CMakeFiles/mongocxx_static.dir/lib/mongocxx/v_noabi/mongocxx/model/replace_one.cpp.o
[ 64%] Building CXX object _deps/mongo-cxx-driver-build/src/mongocxx/CMakeFiles/mongocxx_static.dir/lib/mongocxx/v_noabi/mongocxx/model/update_many.cpp.o
[ 64%] Building CXX object _deps/mongo-cxx-driver-build/src/mongocxx/CMakeFiles/mongocxx_static.dir/lib/mongocxx/v_noabi/mongocxx/model/update_one.cpp.o
[ 64%] Building CXX object _deps/mongo-cxx-driver-build/src/mongocxx/CMakeFiles/mongocxx_static.dir/lib/mongocxx/v_noabi/mongocxx/model/write.cpp.o
[ 64%] Building CXX object _deps/mongo-cxx-driver-build/src/mongocxx/CMakeFiles/mongocxx_static.dir/lib/mongocxx/v_noabi/mongocxx/options/aggregate.cpp.o
[ 64%] Building CXX object _deps/mongo-cxx-driver-build/src/mongocxx/CMakeFiles/mongocxx_static.dir/lib/mongocxx/v_noabi/mongocxx/options/apm.cpp.o
[ 64%] Building CXX object _deps/mongo-cxx-driver-build/src/mongocxx/CMakeFiles/mongocxx_static.dir/lib/mongocxx/v_noabi/mongocxx/options/auto_encryption.cpp.o
[ 64%] Building CXX object _deps/mongo-cxx-driver-build/src/mongocxx/CMakeFiles/mongocxx_static.dir/lib/mongocxx/v_noabi/mongocxx/options/bulk_write.cpp.o
[ 64%] Building CXX object _deps/mongo-cxx-driver-build/src/mongocxx/CMakeFiles/mongocxx_static.dir/lib/mongocxx/v_noabi/mongocxx/options/change_stream.cpp.o
[ 64%] Building CXX object _deps/mongo-cxx-driver-build/src/mongocxx/CMakeFiles/mongocxx_static.dir/lib/mongocxx/v_noabi/mongocxx/options/client_encryption.cpp.o
[ 64%] Building CXX object _deps/mongo-cxx-driver-build/src/mongocxx/CMakeFiles/mongocxx_static.dir/lib/mongocxx/v_noabi/mongocxx/options/client_session.cpp.o
[ 66%] Building CXX object _deps/mongo-cxx-driver-build/src/mongocxx/CMakeFiles/mongocxx_static.dir/lib/mongocxx/v_noabi/mongocxx/options/client.cpp.o
[ 66%] Building CXX object _deps/mongo-cxx-driver-build/src/mongocxx/CMakeFiles/mongocxx_static.dir/lib/mongocxx/v_noabi/mongocxx/options/count.cpp.o
[ 66%] Building CXX object _deps/mongo-cxx-driver-build/src/mongocxx/CMakeFiles/mongocxx_static.dir/lib/mongocxx/v_noabi/mongocxx/options/data_key.cpp.o
[ 66%] Building CXX object _deps/mongo-cxx-driver-build/src/mongocxx/CMakeFiles/mongocxx_static.dir/lib/mongocxx/v_noabi/mongocxx/options/delete.cpp.o
[ 66%] Building CXX object _deps/mongo-cxx-driver-build/src/mongocxx/CMakeFiles/mongocxx_static.dir/lib/mongocxx/v_noabi/mongocxx/options/distinct.cpp.o
[ 66%] Building CXX object _deps/mongo-cxx-driver-build/src/mongocxx/CMakeFiles/mongocxx_static.dir/lib/mongocxx/v_noabi/mongocxx/options/encrypt.cpp.o
[ 66%] Building CXX object _deps/mongo-cxx-driver-build/src/mongocxx/CMakeFiles/mongocxx_static.dir/lib/mongocxx/v_noabi/mongocxx/options/estimated_document_count.cpp.o
[ 66%] Building CXX object _deps/mongo-cxx-driver-build/src/mongocxx/CMakeFiles/mongocxx_static.dir/lib/mongocxx/v_noabi/mongocxx/options/find_one_and_delete.cpp.o
[ 66%] Building CXX object _deps/mongo-cxx-driver-build/src/mongocxx/CMakeFiles/mongocxx_static.dir/lib/mongocxx/v_noabi/mongocxx/options/find_one_and_replace.cpp.o
[ 66%] Building CXX object _deps/mongo-cxx-driver-build/src/mongocxx/CMakeFiles/mongocxx_static.dir/lib/mongocxx/v_noabi/mongocxx/options/find_one_and_update.cpp.o
[ 66%] Building CXX object _deps/mongo-cxx-driver-build/src/mongocxx/CMakeFiles/mongocxx_static.dir/lib/mongocxx/v_noabi/mongocxx/options/find.cpp.o
[ 66%] Building CXX object _deps/mongo-cxx-driver-build/src/mongocxx/CMakeFiles/mongocxx_static.dir/lib/mongocxx/v_noabi/mongocxx/options/gridfs/bucket.cpp.o
[ 66%] Building CXX object _deps/mongo-cxx-driver-build/src/mongocxx/CMakeFiles/mongocxx_static.dir/lib/mongocxx/v_noabi/mongocxx/options/gridfs/upload.cpp.o
[ 67%] Building CXX object _deps/mongo-cxx-driver-build/src/mongocxx/CMakeFiles/mongocxx_static.dir/lib/mongocxx/v_noabi/mongocxx/options/index_view.cpp.o
[ 67%] Building CXX object _deps/mongo-cxx-driver-build/src/mongocxx/CMakeFiles/mongocxx_static.dir/lib/mongocxx/v_noabi/mongocxx/options/index.cpp.o
[ 67%] Building CXX object _deps/mongo-cxx-driver-build/src/mongocxx/CMakeFiles/mongocxx_static.dir/lib/mongocxx/v_noabi/mongocxx/options/insert.cpp.o
[ 67%] Building CXX object _deps/mongo-cxx-driver-build/src/mongocxx/CMakeFiles/mongocxx_static.dir/lib/mongocxx/v_noabi/mongocxx/options/pool.cpp.o
[ 67%] Building CXX object _deps/mongo-cxx-driver-build/src/mongocxx/CMakeFiles/mongocxx_static.dir/lib/mongocxx/v_noabi/mongocxx/options/range.cpp.o
[ 67%] Building CXX object _deps/mongo-cxx-driver-build/src/mongocxx/CMakeFiles/mongocxx_static.dir/lib/mongocxx/v_noabi/mongocxx/options/replace.cpp.o
[ 67%] Building CXX object _deps/mongo-cxx-driver-build/src/mongocxx/CMakeFiles/mongocxx_static.dir/lib/mongocxx/v_noabi/mongocxx/options/rewrap_many_datakey.cpp.o
[ 67%] Building CXX object _deps/mongo-cxx-driver-build/src/mongocxx/CMakeFiles/mongocxx_static.dir/lib/mongocxx/v_noabi/mongocxx/options/server_api.cpp.o
[ 67%] Building CXX object _deps/mongo-cxx-driver-build/src/mongocxx/CMakeFiles/mongocxx_static.dir/lib/mongocxx/v_noabi/mongocxx/options/tls.cpp.o
[ 67%] Building CXX object _deps/mongo-cxx-driver-build/src/mongocxx/CMakeFiles/mongocxx_static.dir/lib/mongocxx/v_noabi/mongocxx/options/transaction.cpp.o
[ 67%] Building CXX object _deps/mongo-cxx-driver-build/src/mongocxx/CMakeFiles/mongocxx_static.dir/lib/mongocxx/v_noabi/mongocxx/options/update.cpp.o
[ 67%] Building CXX object _deps/mongo-cxx-driver-build/src/mongocxx/CMakeFiles/mongocxx_static.dir/lib/mongocxx/v_noabi/mongocxx/pipeline.cpp.o
[ 67%] Building CXX object _deps/mongo-cxx-driver-build/src/mongocxx/CMakeFiles/mongocxx_static.dir/lib/mongocxx/v_noabi/mongocxx/pool.cpp.o
[ 68%] Building CXX object _deps/mongo-cxx-driver-build/src/mongocxx/CMakeFiles/mongocxx_static.dir/lib/mongocxx/v_noabi/mongocxx/read_concern.cpp.o
[ 68%] Building CXX object _deps/mongo-cxx-driver-build/src/mongocxx/CMakeFiles/mongocxx_static.dir/lib/mongocxx/v_noabi/mongocxx/read_preference.cpp.o
[ 68%] Building CXX object _deps/mongo-cxx-driver-build/src/mongocxx/CMakeFiles/mongocxx_static.dir/lib/mongocxx/v_noabi/mongocxx/result/bulk_write.cpp.o
[ 68%] Building CXX object _deps/mongo-cxx-driver-build/src/mongocxx/CMakeFiles/mongocxx_static.dir/lib/mongocxx/v_noabi/mongocxx/result/delete.cpp.o
[ 68%] Building CXX object _deps/mongo-cxx-driver-build/src/mongocxx/CMakeFiles/mongocxx_static.dir/lib/mongocxx/v_noabi/mongocxx/result/gridfs/upload.cpp.o
[ 68%] Building CXX object _deps/mongo-cxx-driver-build/src/mongocxx/CMakeFiles/mongocxx_static.dir/lib/mongocxx/v_noabi/mongocxx/result/insert_many.cpp.o
[ 68%] Building CXX object _deps/mongo-cxx-driver-build/src/mongocxx/CMakeFiles/mongocxx_static.dir/lib/mongocxx/v_noabi/mongocxx/result/insert_one.cpp.o
[ 68%] Building CXX object _deps/mongo-cxx-driver-build/src/mongocxx/CMakeFiles/mongocxx_static.dir/lib/mongocxx/v_noabi/mongocxx/result/replace_one.cpp.o
[ 68%] Building CXX object _deps/mongo-cxx-driver-build/src/mongocxx/CMakeFiles/mongocxx_static.dir/lib/mongocxx/v_noabi/mongocxx/result/rewrap_many_datakey.cpp.o
[ 68%] Building CXX object _deps/mongo-cxx-driver-build/src/mongocxx/CMakeFiles/mongocxx_static.dir/lib/mongocxx/v_noabi/mongocxx/result/update.cpp.o
[ 68%] Building CXX object _deps/mongo-cxx-driver-build/src/mongocxx/CMakeFiles/mongocxx_static.dir/lib/mongocxx/v_noabi/mongocxx/search_index_model.cpp.o
[ 68%] Building CXX object _deps/mongo-cxx-driver-build/src/mongocxx/CMakeFiles/mongocxx_static.dir/lib/mongocxx/v_noabi/mongocxx/search_index_view.cpp.o
[ 68%] Building CXX object _deps/mongo-cxx-driver-build/src/mongocxx/CMakeFiles/mongocxx_static.dir/lib/mongocxx/v_noabi/mongocxx/uri.cpp.o
[ 68%] Building CXX object _deps/mongo-cxx-driver-build/src/mongocxx/CMakeFiles/mongocxx_static.dir/lib/mongocxx/v_noabi/mongocxx/validation_criteria.cpp.o
[ 70%] Building CXX object _deps/mongo-cxx-driver-build/src/mongocxx/CMakeFiles/mongocxx_static.dir/lib/mongocxx/v_noabi/mongocxx/write_concern.cpp.o
[ 70%] Linking CXX static library libmongocxx1-static.a
[ 70%] Built target mongocxx_static
[ 70%] Generating RealmMesh Protocol Buffer sources
[ 70%] Building CXX object proto/CMakeFiles/realm_protocol.dir/generated/realmmesh/common/v1/envelope.pb.cc.o
[ 70%] Building CXX object proto/CMakeFiles/realm_protocol.dir/generated/realmmesh/edge/v1/edge.pb.cc.o
[ 71%] Building CXX object proto/CMakeFiles/realm_protocol.dir/generated/realmmesh/realm/v1/realm.pb.cc.o
[ 71%] Linking CXX static library librealm_protocol.a
[ 71%] Built target realm_protocol
[ 71%] Building CXX object framework/observability/CMakeFiles/realm_observability.dir/src/logger.cpp.o
/home/edwin.guest/code/.bench/p6-clock-fixed-20261007/r0/framework/observability/src/logger.cpp: In member function 'realm::observability::LogResult realm::observability::Logger::Impl::log(realm::observability::Severity, std::string_view, std::string_view, std::initializer_list<realm::observability::Field>, realm::observability::EventContext, const std::source_location&)':
/home/edwin.guest/code/.bench/p6-clock-fixed-20261007/r0/framework/observability/src/logger.cpp:325:38: warning: 'std::shared_ptr<_Tp> std::atomic_load_explicit(const shared_ptr<_Tp>*, memory_order) [with _Tp = const realm::observability::LoggerRuntimeConfig]' is deprecated: use 'std::atomic<std::shared_ptr<T>>' instead [-Wdeprecated-declarations]
  325 |             std::atomic_load_explicit(&runtime_config_, std::memory_order_acquire);
      |             ~~~~~~~~~~~~~~~~~~~~~~~~~^~~~~~~~~~~~~~~~~~~~~~~~~~~~~~~~~~~~~~~~~~~~~
In file included from /usr/include/c++/15/memory:83,
                 from /home/edwin.guest/code/.bench/p6-clock-fixed-20261007/r0/framework/observability/include/realmmesh/observability/logger.hpp:10,
                 from /home/edwin.guest/code/.bench/p6-clock-fixed-20261007/r0/framework/observability/src/logger.cpp:1:
/usr/include/c++/15/bits/shared_ptr_atomic.h:133:5: note: declared here
  133 |     atomic_load_explicit(const shared_ptr<_Tp>* __p, memory_order)
      |     ^~~~~~~~~~~~~~~~~~~~
/home/edwin.guest/code/.bench/p6-clock-fixed-20261007/r0/framework/observability/src/logger.cpp: In member function 'void realm::observability::Logger::Impl::set_min_severity(realm::observability::Severity)':
/home/edwin.guest/code/.bench/p6-clock-fixed-20261007/r0/framework/observability/src/logger.cpp:456:50: warning: 'std::shared_ptr<_Tp> std::atomic_load_explicit(const shared_ptr<_Tp>*, memory_order) [with _Tp = const realm::observability::LoggerRuntimeConfig]' is deprecated: use 'std::atomic<std::shared_ptr<T>>' instead [-Wdeprecated-declarations]
  456 |         auto updated = *std::atomic_load_explicit(
      |                         ~~~~~~~~~~~~~~~~~~~~~~~~~^
  457 |             &runtime_config_, std::memory_order_acquire);
      |             ~~~~~~~~~~~~~~~~~~~~~~~~~~~~~~~~~~~~~~~~~~~~
/usr/include/c++/15/bits/shared_ptr_atomic.h:133:5: note: declared here
  133 |     atomic_load_explicit(const shared_ptr<_Tp>* __p, memory_order)
      |     ^~~~~~~~~~~~~~~~~~~~
/home/edwin.guest/code/.bench/p6-clock-fixed-20261007/r0/framework/observability/src/logger.cpp:459:35: warning: 'void std::atomic_store_explicit(shared_ptr<_Tp>*, shared_ptr<_Tp>, memory_order) [with _Tp = const realm::observability::LoggerRuntimeConfig]' is deprecated: use 'std::atomic<std::shared_ptr<T>>' instead [-Wdeprecated-declarations]
  459 |         std::atomic_store_explicit(
      |         ~~~~~~~~~~~~~~~~~~~~~~~~~~^
  460 |             &runtime_config_,
      |             ~~~~~~~~~~~~~~~~~      
  461 |             std::make_shared<const LoggerRuntimeConfig>(std::move(updated)),
      |             ~~~~~~~~~~~~~~~~~~~~~~~~~~~~~~~~~~~~~~~~~~~~~~~~~~~~~~~~~~~~~~~~
  462 |             std::memory_order_release);
      |             ~~~~~~~~~~~~~~~~~~~~~~~~~~
/usr/include/c++/15/bits/shared_ptr_atomic.h:173:5: note: declared here
  173 |     atomic_store_explicit(shared_ptr<_Tp>* __p, shared_ptr<_Tp> __r,
      |     ^~~~~~~~~~~~~~~~~~~~~
/home/edwin.guest/code/.bench/p6-clock-fixed-20261007/r0/framework/observability/src/logger.cpp: In member function 'void realm::observability::Logger::Impl::reconfigure(realm::observability::LoggerRuntimeConfig)':
/home/edwin.guest/code/.bench/p6-clock-fixed-20261007/r0/framework/observability/src/logger.cpp:473:35: warning: 'void std::atomic_store_explicit(shared_ptr<_Tp>*, shared_ptr<_Tp>, memory_order) [with _Tp = const realm::observability::LoggerRuntimeConfig]' is deprecated: use 'std::atomic<std::shared_ptr<T>>' instead [-Wdeprecated-declarations]
  473 |         std::atomic_store_explicit(
      |         ~~~~~~~~~~~~~~~~~~~~~~~~~~^
  474 |             &runtime_config_,
      |             ~~~~~~~~~~~~~~~~~      
  475 |             std::make_shared<const LoggerRuntimeConfig>(std::move(config)),
      |             ~~~~~~~~~~~~~~~~~~~~~~~~~~~~~~~~~~~~~~~~~~~~~~~~~~~~~~~~~~~~~~~
  476 |             std::memory_order_release);
      |             ~~~~~~~~~~~~~~~~~~~~~~~~~~
/usr/include/c++/15/bits/shared_ptr_atomic.h:173:5: note: declared here
  173 |     atomic_store_explicit(shared_ptr<_Tp>* __p, shared_ptr<_Tp> __r,
      |     ^~~~~~~~~~~~~~~~~~~~~
[ 71%] Building CXX object framework/observability/CMakeFiles/realm_observability.dir/src/metrics_registry.cpp.o
[ 71%] Linking CXX static library librealm_observability.a
[ 71%] Built target realm_observability
[ 71%] Building CXX object framework/scripting/CMakeFiles/realm_scripting.dir/src/lua_runtime.cpp.o
[ 72%] Linking CXX static library librealm_scripting.a
[ 72%] Built target realm_scripting
[ 72%] Building CXX object framework/scheduler/CMakeFiles/realm_scheduler.dir/src/frame_scheduler.cpp.o
[ 72%] Linking CXX static library librealm_scheduler.a
[ 72%] Built target realm_scheduler
[ 72%] Building CXX object framework/service/CMakeFiles/realm_service.dir/src/service_lifecycle.cpp.o
[ 72%] Linking CXX static library librealm_service.a
[ 72%] Built target realm_service
[ 72%] Building CXX object framework/network/CMakeFiles/realm_network.dir/src/core/byte_buffer.cpp.o
[ 72%] Building CXX object framework/network/CMakeFiles/realm_network.dir/src/codec/length_field_codec.cpp.o
[ 72%] Building CXX object framework/network/CMakeFiles/realm_network.dir/src/client/edge_client_connection.cpp.o
[ 72%] Building CXX object framework/network/CMakeFiles/realm_network.dir/src/client/http1_client_connection.cpp.o
[ 74%] Building CXX object framework/network/CMakeFiles/realm_network.dir/src/client/json_field.cpp.o
[ 74%] Building CXX object framework/network/CMakeFiles/realm_network.dir/src/client/preferred_transport_connector.cpp.o
[ 74%] Building CXX object framework/network/CMakeFiles/realm_network.dir/src/client/tls_client_stream.cpp.o
[ 74%] Building CXX object framework/network/CMakeFiles/realm_network.dir/src/client/tls_tcp_client_dialer.cpp.o
[ 74%] Building CXX object framework/network/CMakeFiles/realm_network.dir/src/reactor/event_loop_factory.cpp.o
[ 74%] Building CXX object framework/network/CMakeFiles/realm_network.dir/src/transport/transport_capabilities.cpp.o
[ 74%] Building CXX object framework/network/CMakeFiles/realm_network.dir/src/transport/transport_factory.cpp.o
[ 74%] Building CXX object framework/network/CMakeFiles/realm_network.dir/src/tcp/tcp_listener.cpp.o
[ 74%] Building CXX object framework/network/CMakeFiles/realm_network.dir/src/tcp/tcp_socket.cpp.o
[ 74%] Building CXX object framework/network/CMakeFiles/realm_network.dir/src/http/http1_parser.cpp.o
/home/edwin.guest/code/.bench/p6-clock-fixed-20261007/r0/framework/network/src/http/http1_parser.cpp: In member function 'realm::network::Http1ParseResult realm::network::Http1Parser::try_parse(realm::network::ByteBuffer&)':
/home/edwin.guest/code/.bench/p6-clock-fixed-20261007/r0/framework/network/src/http/http1_parser.cpp:203:64: warning: missing initializer for member 'realm::network::Http1ParseResult::request' [-Wmissing-field-initializers]
  203 |             return {.status = Http1ParseStatus::HeadersTooLarge};
      |                                                                ^
/home/edwin.guest/code/.bench/p6-clock-fixed-20261007/r0/framework/network/src/http/http1_parser.cpp:205:57: warning: missing initializer for member 'realm::network::Http1ParseResult::request' [-Wmissing-field-initializers]
  205 |         return {.status = Http1ParseStatus::NeedMoreData};
      |                                                         ^
/home/edwin.guest/code/.bench/p6-clock-fixed-20261007/r0/framework/network/src/http/http1_parser.cpp:212:60: warning: missing initializer for member 'realm::network::Http1ParseResult::request' [-Wmissing-field-initializers]
  212 |         return {.status = Http1ParseStatus::HeadersTooLarge};
      |                                                            ^
/home/edwin.guest/code/.bench/p6-clock-fixed-20261007/r0/framework/network/src/http/http1_parser.cpp:220:39: warning: missing initializer for member 'realm::network::Http1ParseResult::request' [-Wmissing-field-initializers]
  220 |         return {.status = error_status};
      |                                       ^
/home/edwin.guest/code/.bench/p6-clock-fixed-20261007/r0/framework/network/src/http/http1_parser.cpp: In member function 'realm::network::Http1ParseResult realm::network::Http1Parser::consume_body(realm::network::ByteBuffer&)':
/home/edwin.guest/code/.bench/p6-clock-fixed-20261007/r0/framework/network/src/http/http1_parser.cpp:245:57: warning: missing initializer for member 'realm::network::Http1ParseResult::request' [-Wmissing-field-initializers]
  245 |         return {.status = Http1ParseStatus::NeedMoreData};
      |                                                         ^
[ 74%] Building CXX object framework/network/CMakeFiles/realm_network.dir/src/http/http1_response.cpp.o
[ 74%] Building CXX object framework/network/CMakeFiles/realm_network.dir/src/http/http1_response_parser.cpp.o
/home/edwin.guest/code/.bench/p6-clock-fixed-20261007/r0/framework/network/src/http/http1_response_parser.cpp: In member function 'realm::network::Http1ResponseParseResult realm::network::Http1ResponseParser::try_parse(realm::network::ByteBuffer&)':
/home/edwin.guest/code/.bench/p6-clock-fixed-20261007/r0/framework/network/src/http/http1_response_parser.cpp:174:72: warning: missing initializer for member 'realm::network::Http1ResponseParseResult::response' [-Wmissing-field-initializers]
  174 |             return {.status = Http1ResponseParseStatus::HeadersTooLarge};
      |                                                                        ^
/home/edwin.guest/code/.bench/p6-clock-fixed-20261007/r0/framework/network/src/http/http1_response_parser.cpp:176:65: warning: missing initializer for member 'realm::network::Http1ResponseParseResult::response' [-Wmissing-field-initializers]
  176 |         return {.status = Http1ResponseParseStatus::NeedMoreData};
      |                                                                 ^
/home/edwin.guest/code/.bench/p6-clock-fixed-20261007/r0/framework/network/src/http/http1_response_parser.cpp:183:68: warning: missing initializer for member 'realm::network::Http1ResponseParseResult::response' [-Wmissing-field-initializers]
  183 |         return {.status = Http1ResponseParseStatus::HeadersTooLarge};
      |                                                                    ^
/home/edwin.guest/code/.bench/p6-clock-fixed-20261007/r0/framework/network/src/http/http1_response_parser.cpp:191:39: warning: missing initializer for member 'realm::network::Http1ResponseParseResult::response' [-Wmissing-field-initializers]
  191 |         return {.status = error_status};
      |                                       ^
/home/edwin.guest/code/.bench/p6-clock-fixed-20261007/r0/framework/network/src/http/http1_response_parser.cpp: In member function 'realm::network::Http1ResponseParseResult realm::network::Http1ResponseParser::consume_body(realm::network::ByteBuffer&)':
/home/edwin.guest/code/.bench/p6-clock-fixed-20261007/r0/framework/network/src/http/http1_response_parser.cpp:217:65: warning: missing initializer for member 'realm::network::Http1ResponseParseResult::response' [-Wmissing-field-initializers]
  217 |         return {.status = Http1ResponseParseStatus::NeedMoreData};
      |                                                                 ^
[ 74%] Building CXX object framework/network/CMakeFiles/realm_network.dir/src/http/http_server.cpp.o
/home/edwin.guest/code/.bench/p6-clock-fixed-20261007/r0/framework/network/src/http/http_server.cpp: In member function 'void realm::network::HttpServer::accept_connections()':
/home/edwin.guest/code/.bench/p6-clock-fixed-20261007/r0/framework/network/src/http/http_server.cpp:101:40: warning: missing initializer for member 'realm::network::HttpServer::Connection::parser' [-Wmissing-field-initializers]
  101 |                 .parse_started_at = now});
      |                                        ^
/home/edwin.guest/code/.bench/p6-clock-fixed-20261007/r0/framework/network/src/http/http_server.cpp:101:40: warning: missing initializer for member 'realm::network::HttpServer::Connection::input' [-Wmissing-field-initializers]
/home/edwin.guest/code/.bench/p6-clock-fixed-20261007/r0/framework/network/src/http/http_server.cpp:101:40: warning: missing initializer for member 'realm::network::HttpServer::Connection::awaiting' [-Wmissing-field-initializers]
[ 74%] Building CXX object framework/network/CMakeFiles/realm_network.dir/src/tls/tls_connection.cpp.o
[ 75%] Building CXX object framework/network/CMakeFiles/realm_network.dir/src/tls/tls_server_context.cpp.o
[ 75%] Building CXX object framework/network/CMakeFiles/realm_network.dir/src/tls/tls_tcp_transport.cpp.o
/home/edwin.guest/code/.bench/p6-clock-fixed-20261007/r0/framework/network/src/tls/tls_tcp_transport.cpp: In member function 'void realm::network::TlsTcpTransport::service_connection(ConnectionEntry&, const realm::network::ReadyEvent&, std::vector<realm::network::TransportEvent>&, std::vector<std::pair<long unsigned int, std::basic_string_view<char> > >&)':
/home/edwin.guest/code/.bench/p6-clock-fixed-20261007/r0/framework/network/src/tls/tls_tcp_transport.cpp:178:29: warning: missing initializer for member 'realm::network::TransportIngressSource::x_forwarded_for' [-Wmissing-field-initializers]
  178 |             events.push_back({
      |             ~~~~~~~~~~~~~~~~^~
  179 |                 .kind = TransportEventKind::SessionOpened,
      |                 ~~~~~~~~~~~~~~~~~~~~~~~~~~~~~~~~~~~~~~~~~~
  180 |                 .session_id = entry.session_id,
      |                 ~~~~~~~~~~~~~~~~~~~~~~~~~~~~~~~
  181 |                 .payload = {},
      |                 ~~~~~~~~~~~~~~
  182 |                 .source = {.direct_peer = entry.peer_address},
      |                 ~~~~~~~~~~~~~~~~~~~~~~~~~~~~~~~~~~~~~~~~~~~~~~
  183 |             });
      |             ~~               
/home/edwin.guest/code/.bench/p6-clock-fixed-20261007/r0/framework/network/src/tls/tls_tcp_transport.cpp:178:29: warning: missing initializer for member 'realm::network::TransportIngressSource::forwarded' [-Wmissing-field-initializers]
/home/edwin.guest/code/.bench/p6-clock-fixed-20261007/r0/framework/network/src/tls/tls_tcp_transport.cpp:218:33: warning: missing initializer for member 'realm::network::TransportEvent::source' [-Wmissing-field-initializers]
  218 |                 events.push_back({
      |                 ~~~~~~~~~~~~~~~~^~
  219 |                     .kind = TransportEventKind::MessageReceived,
      |                     ~~~~~~~~~~~~~~~~~~~~~~~~~~~~~~~~~~~~~~~~~~~~
  220 |                     .session_id = entry.session_id,
      |                     ~~~~~~~~~~~~~~~~~~~~~~~~~~~~~~~
  221 |                     .payload = std::move(frame),
      |                     ~~~~~~~~~~~~~~~~~~~~~~~~~~~~
  222 |                 });
      |                 ~~               
/home/edwin.guest/code/.bench/p6-clock-fixed-20261007/r0/framework/network/src/tls/tls_tcp_transport.cpp: In member function 'void realm::network::TlsTcpTransport::close_descriptor(realm::network::EventLoopHandle, std::vector<realm::network::TransportEvent>*, std::string_view)':
/home/edwin.guest/code/.bench/p6-clock-fixed-20261007/r0/framework/network/src/tls/tls_tcp_transport.cpp:269:26: warning: missing initializer for member 'realm::network::TransportEvent::source' [-Wmissing-field-initializers]
  269 |         events->push_back({
      |         ~~~~~~~~~~~~~~~~~^~
  270 |             .kind = TransportEventKind::SessionClosed,
      |             ~~~~~~~~~~~~~~~~~~~~~~~~~~~~~~~~~~~~~~~~~~
  271 |             .session_id = session_id,
      |             ~~~~~~~~~~~~~~~~~~~~~~~~~
  272 |             .payload = {},
      |             ~~~~~~~~~~~~~~
  273 |         });
      |         ~~                
[ 75%] Building CXX object framework/network/CMakeFiles/realm_network.dir/src/quic/quic_transport.cpp.o
/home/edwin.guest/code/.bench/p6-clock-fixed-20261007/r0/framework/network/src/quic/quic_transport.cpp: In member function 'unsigned int realm::network::QuicTransport::Impl::on_connection_event(ConnectionState*, HQUIC, QUIC_CONNECTION_EVENT*)':
/home/edwin.guest/code/.bench/p6-clock-fixed-20261007/r0/framework/network/src/quic/quic_transport.cpp:474:28: warning: missing initializer for member 'realm::network::TransportIngressSource::x_forwarded_for' [-Wmissing-field-initializers]
  474 |             if (!push_event({
      |                  ~~~~~~~~~~^~
  475 |                     .kind = TransportEventKind::SessionOpened,
      |                     ~~~~~~~~~~~~~~~~~~~~~~~~~~~~~~~~~~~~~~~~~~
  476 |                     .session_id = state->session_id,
      |                     ~~~~~~~~~~~~~~~~~~~~~~~~~~~~~~~~
  477 |                     .payload = {},
      |                     ~~~~~~~~~~~~~~
  478 |                     .source = {.direct_peer = state->peer_address},
      |                     ~~~~~~~~~~~~~~~~~~~~~~~~~~~~~~~~~~~~~~~~~~~~~~~
  479 |                 })) {
      |                 ~~          
/home/edwin.guest/code/.bench/p6-clock-fixed-20261007/r0/framework/network/src/quic/quic_transport.cpp:474:28: warning: missing initializer for member 'realm::network::TransportIngressSource::forwarded' [-Wmissing-field-initializers]
/home/edwin.guest/code/.bench/p6-clock-fixed-20261007/r0/framework/network/src/quic/quic_transport.cpp:520:28: warning: missing initializer for member 'realm::network::TransportIngressSource::x_forwarded_for' [-Wmissing-field-initializers]
  520 |             if (!push_event({
      |                  ~~~~~~~~~~^~
  521 |                     .kind = TransportEventKind::PeerAddressChanged,
      |                     ~~~~~~~~~~~~~~~~~~~~~~~~~~~~~~~~~~~~~~~~~~~~~~~
  522 |                     .session_id = state->session_id,
      |                     ~~~~~~~~~~~~~~~~~~~~~~~~~~~~~~~~
  523 |                     .payload = {},
      |                     ~~~~~~~~~~~~~~
  524 |                     .source = {.direct_peer = peer.address},
      |                     ~~~~~~~~~~~~~~~~~~~~~~~~~~~~~~~~~~~~~~~~
  525 |                 })) {
      |                 ~~          
/home/edwin.guest/code/.bench/p6-clock-fixed-20261007/r0/framework/network/src/quic/quic_transport.cpp:520:28: warning: missing initializer for member 'realm::network::TransportIngressSource::forwarded' [-Wmissing-field-initializers]
/home/edwin.guest/code/.bench/p6-clock-fixed-20261007/r0/framework/network/src/quic/quic_transport.cpp:545:45: warning: missing initializer for member 'realm::network::TransportEvent::source' [-Wmissing-field-initializers]
  545 |                 static_cast<void>(push_event({
      |                                   ~~~~~~~~~~^~
  546 |                     .kind = TransportEventKind::SessionClosed,
      |                     ~~~~~~~~~~~~~~~~~~~~~~~~~~~~~~~~~~~~~~~~~~
  547 |                     .session_id = state->session_id,
      |                     ~~~~~~~~~~~~~~~~~~~~~~~~~~~~~~~~
  548 |                     .payload = {},
      |                     ~~~~~~~~~~~~~~           
  549 |                 }));
      |                 ~~                           
/home/edwin.guest/code/.bench/p6-clock-fixed-20261007/r0/framework/network/src/quic/quic_transport.cpp: In member function 'unsigned int realm::network::QuicTransport::Impl::on_stream_event(ConnectionState*, HQUIC, QUIC_STREAM_EVENT*)':
/home/edwin.guest/code/.bench/p6-clock-fixed-20261007/r0/framework/network/src/quic/quic_transport.cpp:597:32: warning: missing initializer for member 'realm::network::TransportEvent::source' [-Wmissing-field-initializers]
  597 |                 if (!push_event({
      |                      ~~~~~~~~~~^~
  598 |                         .kind = TransportEventKind::MessageReceived,
      |                         ~~~~~~~~~~~~~~~~~~~~~~~~~~~~~~~~~~~~~~~~~~~~
  599 |                         .session_id = state->session_id,
      |                         ~~~~~~~~~~~~~~~~~~~~~~~~~~~~~~~~
  600 |                         .payload = std::move(decoded.payload),
      |                         ~~~~~~~~~~~~~~~~~~~~~~~~~~~~~~~~~~~~~~
  601 |                     })) {
      |                     ~~          
[ 75%] Building CXX object framework/network/CMakeFiles/realm_network.dir/src/quic/quic_transport_factory.cpp.o
[ 75%] Building CXX object framework/network/CMakeFiles/realm_network.dir/src/reactor/event_loop_epoll.cpp.o
[ 75%] Building CXX object framework/network/CMakeFiles/realm_network.dir/src/tcp/tcp_platform_linux.cpp.o
[ 75%] Linking CXX static library librealm_network.a
[ 75%] Built target realm_network
[ 75%] Building CXX object game/common/CMakeFiles/realm_game_common.dir/src/account_store.cpp.o
[ 75%] Building CXX object game/common/CMakeFiles/realm_game_common.dir/src/admission_grant.cpp.o
[ 75%] Building CXX object game/common/CMakeFiles/realm_game_common.dir/src/admission_security_config.cpp.o
[ 75%] Building CXX object game/common/CMakeFiles/realm_game_common.dir/src/base64url.cpp.o
[ 75%] Building CXX object game/common/CMakeFiles/realm_game_common.dir/src/compact_jws.cpp.o
[ 75%] Building CXX object game/common/CMakeFiles/realm_game_common.dir/src/edge_protocol.cpp.o
/home/edwin.guest/code/.bench/p6-clock-fixed-20261007/r0/game/common/src/edge_protocol.cpp: In function 'bool realm::game::common::{anonymous}::is_known_message_id(uint32_t)':
/home/edwin.guest/code/.bench/p6-clock-fixed-20261007/r0/game/common/src/edge_protocol.cpp:14:12: warning: enumeration value 'MessageId_INT_MIN_SENTINEL_DO_NOT_USE_' not handled in switch [-Wswitch]
   14 |     switch (static_cast<EdgeMessageId>(value)) {
      |            ^
/home/edwin.guest/code/.bench/p6-clock-fixed-20261007/r0/game/common/src/edge_protocol.cpp:14:12: warning: enumeration value 'MessageId_INT_MAX_SENTINEL_DO_NOT_USE_' not handled in switch [-Wswitch]
[ 77%] Building CXX object game/common/CMakeFiles/realm_game_common.dir/src/identity_token.cpp.o
[ 77%] Building CXX object game/common/CMakeFiles/realm_game_common.dir/src/json.cpp.o
[ 77%] Building CXX object game/common/CMakeFiles/realm_game_common.dir/src/player_data_config.cpp.o
[ 77%] Building CXX object game/common/CMakeFiles/realm_game_common.dir/src/player_data_store.cpp.o
/home/edwin.guest/code/.bench/p6-clock-fixed-20261007/r0/game/common/src/player_data_store.cpp: In lambda function:
/home/edwin.guest/code/.bench/p6-clock-fixed-20261007/r0/game/common/src/player_data_store.cpp:485:81: warning: missing initializer for member 'realm::game::common::CreateCharacterResult::character' [-Wmissing-field-initializers]
  485 |                                             CreateCharacterOutcome::LimitReached};
      |                                                                                 ^
/home/edwin.guest/code/.bench/p6-clock-fixed-20261007/r0/game/common/src/player_data_store.cpp: In lambda function:
/home/edwin.guest/code/.bench/p6-clock-fixed-20261007/r0/game/common/src/player_data_store.cpp:523:77: warning: missing initializer for member 'realm::game::common::CreateCharacterResult::character' [-Wmissing-field-initializers]
  523 |                                 .outcome = CreateCharacterOutcome::NameTaken};
      |                                                                             ^
[ 77%] Building CXX object game/common/CMakeFiles/realm_game_common.dir/src/queue_number_v2.cpp.o
[ 77%] Building CXX object game/common/CMakeFiles/realm_game_common.dir/src/realm_protocol.cpp.o
[ 77%] Building CXX object game/common/CMakeFiles/realm_game_common.dir/src/session_ticket.cpp.o
[ 77%] Linking CXX static library librealm_game_common.a
[ 77%] Built target realm_game_common
[ 77%] Building CXX object framework/client/CMakeFiles/realm_client.dir/src/adaptive_poller.cpp.o
[ 77%] Building CXX object framework/client/CMakeFiles/realm_client.dir/src/login_chain.cpp.o
[ 77%] Building CXX object framework/client/CMakeFiles/realm_client.dir/src/login_stage.cpp.o
[ 77%] Building CXX object framework/client/CMakeFiles/realm_client.dir/src/wire_login_transport.cpp.o
/home/edwin.guest/code/.bench/p6-clock-fixed-20261007/r0/framework/client/src/wire_login_transport.cpp: In constructor 'realm::client::WireLoginTransport::WireLoginTransport(realm::client::WireEndpoints, realm::client::EnterRealmRedeemer&, realm::client::WireTransportOptions)':
/home/edwin.guest/code/.bench/p6-clock-fixed-20261007/r0/framework/client/src/wire_login_transport.cpp:416:7: warning: missing initializer for member 'realm::network::client::TlsClientOptions::alpn' [-Wmissing-field-initializers]
  416 |       tls_options_{.verify_peer = endpoints_.verify_peer,
      |       ^~~~~~~~~~~~~~~~~~~~~~~~~~~~~~~~~~~~~~~~~~~~~~~~~~~
  417 |                    .reset_close_on_release =
      |                    ~~~~~~~~~~~~~~~~~~~~~~~~~
  418 |                        options_.reset_close_on_release},
      |                        ~~~~~~~~~~~~~~~~~~~~~~~~~~~~~~~~
[ 78%] Linking CXX static library librealm_client.a
[ 78%] Built target realm_client
[ 78%] Building CXX object framework/cluster/CMakeFiles/realm_cluster.dir/src/budget_publisher.cpp.o
[ 78%] Building CXX object framework/cluster/CMakeFiles/realm_cluster.dir/src/etcd_service_registry.cpp.o
[ 78%] Building CXX object framework/cluster/CMakeFiles/realm_cluster.dir/src/service_bootstrap.cpp.o
[ 78%] Building CXX object framework/cluster/CMakeFiles/realm_cluster.dir/src/service_publisher.cpp.o
[ 78%] Building CXX object framework/cluster/CMakeFiles/realm_cluster.dir/src/service_resolver.cpp.o
[ 78%] Linking CXX static library librealm_cluster.a
[ 78%] Built target realm_cluster
[ 78%] Building CXX object game/gateway/CMakeFiles/realm_gateway_service.dir/src/account_fetch_port.cpp.o
[ 79%] Building CXX object game/gateway/CMakeFiles/realm_gateway_service.dir/src/admission_consumption_store.cpp.o
[ 79%] Building CXX object game/gateway/CMakeFiles/realm_gateway_service.dir/src/edge_session_table.cpp.o
[ 79%] Building CXX object game/gateway/CMakeFiles/realm_gateway_service.dir/src/gateway_admission.cpp.o
/home/edwin.guest/code/.bench/p6-clock-fixed-20261007/r0/game/gateway/src/gateway_admission.cpp: In member function 'realm::game::gateway::GatewayAdmissionStartResult realm::game::gateway::GatewayAdmission::reserve(std::string_view, std::string_view, std::string, std::chrono::_V2::system_clock::time_point)':
/home/edwin.guest/code/.bench/p6-clock-fixed-20261007/r0/game/gateway/src/gateway_admission.cpp:41:74: warning: missing initializer for member 'realm::game::gateway::GatewayAdmissionStartResult::reservation' [-Wmissing-field-initializers]
   41 |         return {.status = GatewayAdmissionStartStatus::InvalidCredentials};
      |                                                                          ^
/home/edwin.guest/code/.bench/p6-clock-fixed-20261007/r0/game/gateway/src/gateway_admission.cpp:46:74: warning: missing initializer for member 'realm::game::gateway::GatewayAdmissionStartResult::reservation' [-Wmissing-field-initializers]
   46 |         return {.status = GatewayAdmissionStartStatus::InvalidCredentials};
      |                                                                          ^
/home/edwin.guest/code/.bench/p6-clock-fixed-20261007/r0/game/gateway/src/gateway_admission.cpp:61:76: warning: missing initializer for member 'realm::game::gateway::GatewayAdmissionStartResult::reservation' [-Wmissing-field-initializers]
   61 |             return {.status = GatewayAdmissionStartStatus::StoreUnavailable};
      |                                                                            ^
/home/edwin.guest/code/.bench/p6-clock-fixed-20261007/r0/game/gateway/src/gateway_admission.cpp:69:66: warning: missing initializer for member 'realm::game::gateway::GatewayAdmissionStartResult::reservation' [-Wmissing-field-initializers]
   69 |         return {.status = GatewayAdmissionStartStatus::InProgress};
      |                                                                  ^
/home/edwin.guest/code/.bench/p6-clock-fixed-20261007/r0/game/gateway/src/gateway_admission.cpp:71:64: warning: missing initializer for member 'realm::game::gateway::GatewayAdmissionStartResult::reservation' [-Wmissing-field-initializers]
   71 |         return {.status = GatewayAdmissionStartStatus::Consumed};
      |                                                                ^
/home/edwin.guest/code/.bench/p6-clock-fixed-20261007/r0/game/gateway/src/gateway_admission.cpp:73:72: warning: missing initializer for member 'realm::game::gateway::GatewayAdmissionStartResult::reservation' [-Wmissing-field-initializers]
   73 |         return {.status = GatewayAdmissionStartStatus::StoreUnavailable};
      |                                                                        ^
/home/edwin.guest/code/.bench/p6-clock-fixed-20261007/r0/game/gateway/src/gateway_admission.cpp:75:68: warning: missing initializer for member 'realm::game::gateway::GatewayAdmissionStartResult::reservation' [-Wmissing-field-initializers]
   75 |     return {.status = GatewayAdmissionStartStatus::StoreUnavailable};
      |                                                                    ^
[ 79%] Building CXX object game/gateway/CMakeFiles/realm_gateway_service.dir/src/gateway_config_loader.cpp.o
[ 79%] Building CXX object game/gateway/CMakeFiles/realm_gateway_service.dir/src/gateway_ingress.cpp.o
/home/edwin.guest/code/.bench/p6-clock-fixed-20261007/r0/game/gateway/src/gateway_ingress.cpp: In member function 'realm::game::gateway::GatewayIngressCheck realm::game::gateway::GatewayCredentialIngress::Impl::reject(realm::game::gateway::GatewayIngressStatus, std::chrono::seconds)':
/home/edwin.guest/code/.bench/p6-clock-fixed-20261007/r0/game/gateway/src/gateway_ingress.cpp:537:61: warning: missing initializer for member 'realm::game::gateway::GatewayIngressCheck::attach' [-Wmissing-field-initializers]
  537 |         return {.status = status, .retry_after = retry_after};
      |                                                             ^
/home/edwin.guest/code/.bench/p6-clock-fixed-20261007/r0/game/gateway/src/gateway_ingress.cpp:537:61: warning: missing initializer for member 'realm::game::gateway::GatewayIngressCheck::verification' [-Wmissing-field-initializers]
[ 79%] Building CXX object game/gateway/CMakeFiles/realm_gateway_service.dir/src/gateway_login_config.cpp.o
[ 79%] Building CXX object game/gateway/CMakeFiles/realm_gateway_service.dir/src/gateway_login_pipeline.cpp.o
[ 79%] Building CXX object game/gateway/CMakeFiles/realm_gateway_service.dir/src/gateway_primary_transport.cpp.o
[ 79%] Building CXX object game/gateway/CMakeFiles/realm_gateway_service.dir/src/gateway_runtime.cpp.o
/home/edwin.guest/code/.bench/p6-clock-fixed-20261007/r0/game/gateway/src/gateway_runtime.cpp: In member function 'void realm::game::gateway::GatewayRuntime::process_command(OutboundCommand)':
/home/edwin.guest/code/.bench/p6-clock-fixed-20261007/r0/game/gateway/src/gateway_runtime.cpp:252:22: warning: missing initializer for member 'realm::game::gateway::GatewayEvent::source' [-Wmissing-field-initializers]
  252 |         publish_event({
      |         ~~~~~~~~~~~~~^~
  253 |             .kind = GatewayEventKind::SessionEstablished,
      |             ~~~~~~~~~~~~~~~~~~~~~~~~~~~~~~~~~~~~~~~~~~~~~
  254 |             .session_id = command.session_id,
      |             ~~~~~~~~~~~~~~~~~~~~~~~~~~~~~~~~~
  255 |             .protocol = record->primary.protocol,
      |             ~~~~~~~~~~~~~~~~~~~~~~~~~~~~~~~~~~~~~
  256 |             .established = true,
      |             ~~~~~~~~~~~~~~~~~~~~
  257 |             .payload = {},
      |             ~~~~~~~~~~~~~~
  258 |         });
      |         ~~            
[ 79%] Linking CXX static library librealm_gateway_service.a
[ 79%] Built target realm_gateway_service
[ 79%] Building CXX object game/realm/CMakeFiles/realm_game_realm.dir/src/character_name.cpp.o
[ 79%] Building CXX object game/realm/CMakeFiles/realm_game_realm.dir/src/realm_config.cpp.o
[ 79%] Building CXX object game/realm/CMakeFiles/realm_game_realm.dir/src/realm_sessions.cpp.o
/home/edwin.guest/code/.bench/p6-clock-fixed-20261007/r0/game/realm/src/realm_sessions.cpp: In member function 'void realm::game::realm::RealmSessions::enter(realm::game::gateway::EdgeSessionId, uint64_t)':
/home/edwin.guest/code/.bench/p6-clock-fixed-20261007/r0/game/realm/src/realm_sessions.cpp:60:58: warning: missing initializer for member 'realm::game::realm::RealmSessions::Session::character' [-Wmissing-field-initializers]
   60 |     sessions_[session] = Session{.account_id = account_id};
      |                                                          ^
/home/edwin.guest/code/.bench/p6-clock-fixed-20261007/r0/game/realm/src/realm_sessions.cpp:60:58: warning: missing initializer for member 'realm::game::realm::RealmSessions::Session::waiting' [-Wmissing-field-initializers]
/home/edwin.guest/code/.bench/p6-clock-fixed-20261007/r0/game/realm/src/realm_sessions.cpp: In lambda function:
/home/edwin.guest/code/.bench/p6-clock-fixed-20261007/r0/game/realm/src/realm_sessions.cpp:215:77: warning: missing initializer for member 'realm::game::realm::RealmSessions::DataResult::error' [-Wmissing-field-initializers]
  215 |                         .value = store.list_characters(account_id, realm_id)};
      |                                                                             ^
/home/edwin.guest/code/.bench/p6-clock-fixed-20261007/r0/game/realm/src/realm_sessions.cpp: In lambda function:
/home/edwin.guest/code/.bench/p6-clock-fixed-20261007/r0/game/realm/src/realm_sessions.cpp:236:60: warning: missing initializer for member 'realm::game::realm::RealmSessions::DataResult::error' [-Wmissing-field-initializers]
  236 |                                 max_characters_per_account)};
      |                                                            ^
/home/edwin.guest/code/.bench/p6-clock-fixed-20261007/r0/game/realm/src/realm_sessions.cpp: In lambda function:
/home/edwin.guest/code/.bench/p6-clock-fixed-20261007/r0/game/realm/src/realm_sessions.cpp:257:68: warning: missing initializer for member 'realm::game::realm::RealmSessions::DataResult::error' [-Wmissing-field-initializers]
  257 |                                 account_id, realm_id, character_id)};
      |                                                                    ^
/home/edwin.guest/code/.bench/p6-clock-fixed-20261007/r0/game/realm/src/realm_sessions.cpp: In lambda function:
/home/edwin.guest/code/.bench/p6-clock-fixed-20261007/r0/game/realm/src/realm_sessions.cpp:295:74: warning: missing initializer for member 'realm::game::realm::RealmSessions::DataResult::error' [-Wmissing-field-initializers]
  295 |                         .ok = true, .value = store.record_training(write)};
      |                                                                          ^
/home/edwin.guest/code/.bench/p6-clock-fixed-20261007/r0/game/realm/src/realm_sessions.cpp: In lambda function:
/home/edwin.guest/code/.bench/p6-clock-fixed-20261007/r0/game/realm/src/realm_sessions.cpp:324:65: warning: missing initializer for member 'realm::game::realm::RealmSessions::DataResult::value' [-Wmissing-field-initializers]
  324 |             return DataResult{.ok = false, .error = error.what()};
      |                                                                 ^
/home/edwin.guest/code/.bench/p6-clock-fixed-20261007/r0/game/realm/src/realm_sessions.cpp:326:68: warning: missing initializer for member 'realm::game::realm::RealmSessions::DataResult::value' [-Wmissing-field-initializers]
  326 |             return DataResult{.ok = false, .error = "unknown error"};
      |                                                                    ^
[ 79%] Building CXX object game/realm/CMakeFiles/realm_game_realm.dir/src/training_rule.cpp.o
In file included from /home/edwin.guest/code/.bench/p6-clock-fixed-20261007/r0/game/realm/include/realmmesh/game/realm/training_rule.hpp:3,
                 from /home/edwin.guest/code/.bench/p6-clock-fixed-20261007/r0/game/realm/src/training_rule.cpp:1:
/home/edwin.guest/code/.bench/p6-clock-fixed-20261007/r0/framework/scripting/include/realmmesh/scripting/lua_runtime.hpp: In instantiation of 'Return realm::scripting::LuaRuntime::call(std::string_view, std::string_view, Arguments&& ...) [with Return = sol::basic_object<sol::basic_reference<false> >; Arguments = {long long int}; std::string_view = std::basic_string_view<char>]':
/home/edwin.guest/code/.bench/p6-clock-fixed-20261007/r0/game/realm/src/training_rule.cpp:73:52:   required from here
   73 |     const auto result = runtime().call<sol::object>(
      |                         ~~~~~~~~~~~~~~~~~~~~~~~~~~~^
   74 |         module_name, "train", lua_experience(exp));
      |         ~~~~~~~~~~~~~~~~~~~~~~~~~~~~~~~~~~~~~~~~~~  
/home/edwin.guest/code/.bench/p6-clock-fixed-20261007/r0/framework/scripting/include/realmmesh/scripting/lua_runtime.hpp:60:27: warning: choosing 'sol::proxy_base< <template-parameter-1-1> >::operator T() const [with T = sol::basic_object<sol::basic_reference<false> >; typename std::enable_if<sol::meta::all<std::integral_constant<bool, (! std::integral_constant<bool, ((((((is_string_literal_array_of_v<T, char> || is_same_v<T, const char*>) || is_same_v<T, char>) || is_string_of_v<T, char>) || is_same_v<T, std::initializer_list<char> >) || is_string_view_of_v<T, char>) || is_null_pointer_v<T>)>::value)>, sol::is_proxy_primitive<typename std::remove_cv<typename std::remove_reference<_Iter>::type>::type> >::value, sol::meta::enable_t>::type <anonymous> = sol::meta::enable_t::_; Super = sol::table_proxy<const sol::basic_table_core<false, sol::basic_reference<false> >&, std::tuple<std::__cxx11::basic_string<char, std::char_traits<char>, std::allocator<char> > > >]' over 'sol::basic_object<base_t>::basic_object(const sol::proxy_base<Super>&) [with Super = sol::table_proxy<const sol::basic_table_core<false, sol::basic_reference<false> >&, std::tuple<std::__cxx11::basic_string<char, std::char_traits<char>, std::allocator<char> > > >; base_type = sol::basic_reference<false>]' [-Wconversion]
   60 |         const sol::object value = exports[std::string(function_name)];
      |                           ^~~~~
/home/edwin.guest/code/.bench/p6-clock-fixed-20261007/r0/framework/scripting/include/realmmesh/scripting/lua_runtime.hpp:60:27: warning:   for conversion from 'sol::table_proxy<const sol::basic_table_core<false, sol::basic_reference<false> >&, std::tuple<std::__cxx11::basic_string<char, std::char_traits<char>, std::allocator<char> > > >' to 'const sol::object' {aka 'const sol::basic_object<sol::basic_reference<false> >'} [-Wconversion]
/home/edwin.guest/code/.bench/p6-clock-fixed-20261007/r0/framework/scripting/include/realmmesh/scripting/lua_runtime.hpp:60:27: note:   because conversion sequence for the argument is better
/home/edwin.guest/code/.bench/p6-clock-fixed-20261007/r0/framework/scripting/include/realmmesh/scripting/lua_runtime.hpp:60:27: warning: choosing 'sol::proxy_base< <template-parameter-1-1> >::operator T() const [with T = sol::basic_object<sol::basic_reference<false> >; typename std::enable_if<sol::meta::all<std::integral_constant<bool, (! std::integral_constant<bool, ((((((is_string_literal_array_of_v<T, char> || is_same_v<T, const char*>) || is_same_v<T, char>) || is_string_of_v<T, char>) || is_same_v<T, std::initializer_list<char> >) || is_string_view_of_v<T, char>) || is_null_pointer_v<T>)>::value)>, sol::is_proxy_primitive<typename std::remove_cv<typename std::remove_reference<_Iter>::type>::type> >::value, sol::meta::enable_t>::type <anonymous> = sol::meta::enable_t::_; Super = sol::table_proxy<const sol::basic_table_core<false, sol::basic_reference<false> >&, std::tuple<std::__cxx11::basic_string<char, std::char_traits<char>, std::allocator<char> > > >]' over 'sol::basic_object<base_t>::basic_object(sol::proxy_base<Super>&&) [with Super = sol::table_proxy<const sol::basic_table_core<false, sol::basic_reference<false> >&, std::tuple<std::__cxx11::basic_string<char, std::char_traits<char>, std::allocator<char> > > >; base_type = sol::basic_reference<false>]' [-Wconversion]
/home/edwin.guest/code/.bench/p6-clock-fixed-20261007/r0/framework/scripting/include/realmmesh/scripting/lua_runtime.hpp:60:27: warning:   for conversion from 'sol::table_proxy<const sol::basic_table_core<false, sol::basic_reference<false> >&, std::tuple<std::__cxx11::basic_string<char, std::char_traits<char>, std::allocator<char> > > >' to 'const sol::object' {aka 'const sol::basic_object<sol::basic_reference<false> >'} [-Wconversion]
/home/edwin.guest/code/.bench/p6-clock-fixed-20261007/r0/framework/scripting/include/realmmesh/scripting/lua_runtime.hpp:60:27: note:   because conversion sequence for the argument is better
[ 79%] Linking CXX static library librealm_game_realm.a
[ 79%] Built target realm_game_realm
[ 79%] Building CXX object game/login_verify/CMakeFiles/realm_login_verify_service.dir/src/login_verify_config.cpp.o
[ 79%] Building CXX object game/login_verify/CMakeFiles/realm_login_verify_service.dir/src/login_verify_dispatcher.cpp.o
[ 79%] Building CXX object game/login_verify/CMakeFiles/realm_login_verify_service.dir/src/login_verify_handler.cpp.o
[ 79%] Building CXX object game/login_verify/CMakeFiles/realm_login_verify_service.dir/src/login_verify_service.cpp.o
[ 79%] Linking CXX static library librealm_login_verify_service.a
[ 79%] Built target realm_login_verify_service
[ 79%] Building CXX object game/queue/CMakeFiles/realm_queue_service.dir/src/queue_config.cpp.o
[ 79%] Building CXX object game/queue/CMakeFiles/realm_queue_service.dir/src/queue_core.cpp.o
[ 79%] Building CXX object game/queue/CMakeFiles/realm_queue_service.dir/src/queue_handler.cpp.o
[ 79%] Building CXX object game/queue/CMakeFiles/realm_queue_service.dir/src/queue_service.cpp.o
[ 79%] Building CXX object game/queue/CMakeFiles/realm_queue_service.dir/src/queue_store.cpp.o
/home/edwin.guest/code/.bench/p6-clock-fixed-20261007/r0/game/queue/src/queue_store.cpp: In function 'std::optional<realm::game::queue::QueueSnapshot> realm::game::queue::{anonymous}::decode_snapshot_value(std::string_view)':
/home/edwin.guest/code/.bench/p6-clock-fixed-20261007/r0/game/queue/src/queue_store.cpp:262:5: warning: missing initializer for member 'realm::game::queue::QueueSnapshot::release_batches' [-Wmissing-field-initializers]
  262 |     };
      |     ^
[ 79%] Building CXX object game/queue/CMakeFiles/realm_queue_service.dir/src/queue_ticketing.cpp.o
/home/edwin.guest/code/.bench/p6-clock-fixed-20261007/r0/game/queue/src/queue_ticketing.cpp: In member function 'realm::game::queue::QueueTicketQuery realm::game::queue::QueueTicketing::query(std::string_view, std::chrono::_V2::system_clock::time_point) const':
/home/edwin.guest/code/.bench/p6-clock-fixed-20261007/r0/game/queue/src/queue_ticketing.cpp:104:69: warning: missing initializer for member 'realm::game::queue::QueueTicketQuery::admission_grant' [-Wmissing-field-initializers]
  104 |         return {.status = QueueTicketQueryStatus::InvalidQueueNumber};
      |                                                                     ^
/home/edwin.guest/code/.bench/p6-clock-fixed-20261007/r0/game/queue/src/queue_ticketing.cpp:117:9: warning: missing initializer for member 'realm::game::queue::QueueTicketQuery::admission_grant' [-Wmissing-field-initializers]
  117 |         };
      |         ^
/home/edwin.guest/code/.bench/p6-clock-fixed-20261007/r0/game/queue/src/queue_ticketing.cpp:124:9: warning: missing initializer for member 'realm::game::queue::QueueTicketQuery::admission_grant' [-Wmissing-field-initializers]
  124 |         };
      |         ^
[ 79%] Linking CXX static library librealm_queue_service.a
[ 79%] Built target realm_queue_service
[ 79%] Building CXX object framework/service_host/CMakeFiles/realm_service_host.dir/src/layered_config_loader.cpp.o
[ 79%] Building CXX object framework/service_host/CMakeFiles/realm_service_host.dir/src/mesh_host.cpp.o
[ 79%] Building CXX object framework/service_host/CMakeFiles/realm_service_host.dir/src/service_frame.cpp.o
/home/edwin.guest/code/.bench/p6-clock-fixed-20261007/r0/framework/service_host/src/service_frame.cpp: In member function 'void realm::service_host::ServiceFrame::handle_enter_realm(realm::observability::Logger&, realm::game::gateway::GatewayRuntime&, const realm::game::gateway::GatewayEvent&, const realm::game::common::EnterRealm&)':
/home/edwin.guest/code/.bench/p6-clock-fixed-20261007/r0/framework/service_host/src/service_frame.cpp:372:61: warning: missing initializer for member 'realm::observability::EventContext::correlation_id' [-Wmissing-field-initializers]
  372 |         observability::EventContext{.request_id = request_id}));
      |                                                             ^
[ 79%] Building CXX object framework/service_host/CMakeFiles/realm_service_host.dir/src/service_host.cpp.o
[ 79%] Building CXX object framework/service_host/CMakeFiles/realm_service_host.dir/src/startup_topology.cpp.o
[ 79%] Linking CXX static library librealm_service_host.a
[ 79%] Built target realm_service_host
[ 79%] Building CXX object apps/mesh_host/CMakeFiles/realm_mesh.dir/main.cpp.o
[ 79%] Linking CXX executable ../../bin/realm_mesh
[ 79%] Built target realm_mesh
[ 79%] Building CXX object tools/loadgen/CMakeFiles/realm_loadgen_core.dir/src/stats.cpp.o
[ 81%] Building CXX object tools/loadgen/CMakeFiles/realm_loadgen_core.dir/src/metrics_scrape.cpp.o
/home/edwin.guest/code/.bench/p6-clock-fixed-20261007/r0/tools/loadgen/src/metrics_scrape.cpp: In function 'std::optional<realm::loadgen::MetricsSnapshot> realm::loadgen::scrape_metrics(const ServiceAddress&, std::chrono::_V2::steady_clock::time_point)':
/home/edwin.guest/code/.bench/p6-clock-fixed-20261007/r0/tools/loadgen/src/metrics_scrape.cpp:88:65: warning: missing initializer for member 'realm::network::client::TlsClientOptions::alpn' [-Wmissing-field-initializers]
   88 |             .verify_peer = false, .reset_close_on_release = true},
      |                                                                 ^
[ 81%] Building CXX object tools/loadgen/CMakeFiles/realm_loadgen_core.dir/src/login_chain_adapter.cpp.o
[ 81%] Building CXX object tools/loadgen/CMakeFiles/realm_loadgen_core.dir/src/login_chain_metrics.cpp.o
[ 81%] Building CXX object tools/loadgen/CMakeFiles/realm_loadgen_core.dir/src/loadgen.cpp.o
[ 81%] Linking CXX static library librealm_loadgen_core.a
[ 81%] Built target realm_loadgen_core
[ 81%] Building CXX object tools/loadgen/CMakeFiles/realm_mesh_loadgen.dir/main.cpp.o
[ 81%] Linking CXX executable ../../bin/realm_mesh_loadgen
[ 81%] Built target realm_mesh_loadgen
[ 81%] Building CXX object _deps/googletest-build/googletest/CMakeFiles/gtest.dir/src/gtest-all.cc.o
[ 81%] Linking CXX static library ../../../lib/libgtest.a
[ 81%] Built target gtest
[ 81%] Building CXX object _deps/googletest-build/googlemock/CMakeFiles/gmock.dir/src/gmock-all.cc.o
[ 81%] Linking CXX static library ../../../lib/libgmock.a
[ 81%] Built target gmock
[ 81%] Building CXX object _deps/googletest-build/googlemock/CMakeFiles/gmock_main.dir/src/gmock_main.cc.o
[ 81%] Linking CXX static library ../../../lib/libgmock_main.a
[ 81%] Built target gmock_main
[ 81%] Building CXX object _deps/googletest-build/googletest/CMakeFiles/gtest_main.dir/src/gtest_main.cc.o
[ 82%] Linking CXX static library ../../../lib/libgtest_main.a
[ 82%] Built target gtest_main
[ 83%] Building CXX object tests/cpp/framework/scheduler/CMakeFiles/frame_scheduler_test.dir/frame_scheduler_test.cpp.o
[ 83%] Linking CXX executable frame_scheduler_test
[ 83%] Built target frame_scheduler_test
[ 83%] Building CXX object tests/cpp/framework/concurrency/CMakeFiles/bounded_queue_test.dir/bounded_queue_test.cpp.o
[ 83%] Linking CXX executable bounded_queue_test
[ 83%] Built target bounded_queue_test
[ 83%] Building CXX object tests/cpp/framework/concurrency/CMakeFiles/bounded_work_pool_test.dir/bounded_work_pool_test.cpp.o
[ 83%] Linking CXX executable bounded_work_pool_test
[ 83%] Built target bounded_work_pool_test
[ 83%] Building CXX object tests/cpp/framework/scripting/CMakeFiles/lua_runtime_test.dir/lua_runtime_test.cpp.o
[ 83%] Linking CXX executable lua_runtime_test
[ 83%] Built target lua_runtime_test
[ 83%] Building CXX object tests/cpp/framework/service/CMakeFiles/service_lifecycle_test.dir/service_lifecycle_test.cpp.o
[ 83%] Linking CXX executable service_lifecycle_test
[ 83%] Built target service_lifecycle_test
[ 83%] Building CXX object tests/cpp/framework/observability/CMakeFiles/observability_logger_test.dir/logger_test.cpp.o
[ 83%] Linking CXX executable observability_logger_test
[ 83%] Built target observability_logger_test
[ 83%] Building CXX object tests/cpp/framework/observability/CMakeFiles/observability_metrics_registry_test.dir/metrics_registry_test.cpp.o
[ 83%] Linking CXX executable observability_metrics_registry_test
[ 83%] Built target observability_metrics_registry_test
[ 83%] Building CXX object tests/cpp/framework/cluster/CMakeFiles/service_registry_test.dir/budget_publisher_test.cpp.o
[ 85%] Building CXX object tests/cpp/framework/cluster/CMakeFiles/service_registry_test.dir/etcd_service_registry_test.cpp.o
[ 85%] Building CXX object tests/cpp/framework/cluster/CMakeFiles/service_registry_test.dir/service_registry_test.cpp.o
[ 85%] Building CXX object tests/cpp/framework/cluster/CMakeFiles/service_registry_test.dir/__/__/support/src/fake_service_registry.cpp.o
[ 85%] Linking CXX executable service_registry_test
[ 85%] Built target service_registry_test
[ 85%] Generating test-tls/certificate.pem, test-tls/private-key.pem
-----
[ 85%] Built target realmmesh_test_tls_identity
[ 85%] Building CXX object tests/cpp/framework/service_host/CMakeFiles/service_host_test.dir/layered_config_loader_test.cpp.o
[ 86%] Building CXX object tests/cpp/framework/service_host/CMakeFiles/service_host_test.dir/mesh_host_e2e_test.cpp.o
[ 86%] Building CXX object tests/cpp/framework/service_host/CMakeFiles/service_host_test.dir/mesh_host_test.cpp.o
[ 86%] Building CXX object tests/cpp/framework/service_host/CMakeFiles/service_host_test.dir/mode2_test.cpp.o
[ 86%] Building CXX object tests/cpp/framework/service_host/CMakeFiles/service_host_test.dir/observability_artifacts_test.cpp.o
[ 86%] Building CXX object tests/cpp/framework/service_host/CMakeFiles/service_host_test.dir/service_frame_edge_budget_test.cpp.o
[ 86%] Building CXX object tests/cpp/framework/service_host/CMakeFiles/service_host_test.dir/service_frame_realm_enter_test.cpp.o
[ 86%] Building CXX object tests/cpp/framework/service_host/CMakeFiles/service_host_test.dir/service_host_test.cpp.o
[ 86%] Building CXX object tests/cpp/framework/service_host/CMakeFiles/service_host_test.dir/startup_topology_test.cpp.o
[ 86%] Building CXX object tests/cpp/framework/service_host/CMakeFiles/service_host_test.dir/__/__/support/src/fake_service_registry.cpp.o
[ 86%] Linking CXX executable service_host_test
[ 86%] Built target service_host_test
[ 86%] Building CXX object tests/cpp/framework/service_host/CMakeFiles/configs_load_smoke_test.dir/configs_load_smoke_test.cpp.o
[ 86%] Linking CXX executable configs_load_smoke_test
[ 86%] Built target configs_load_smoke_test
[ 86%] Building CXX object tests/cpp/framework/client/CMakeFiles/adaptive_poller_test.dir/adaptive_poller_test.cpp.o
[ 86%] Linking CXX executable adaptive_poller_test
[ 86%] Built target adaptive_poller_test
[ 86%] Building CXX object tests/cpp/framework/client/CMakeFiles/login_chain_test.dir/login_chain_test.cpp.o
[ 86%] Linking CXX executable login_chain_test
[ 86%] Built target login_chain_test
[ 86%] Building CXX object tests/cpp/framework/client/CMakeFiles/wire_login_transport_test.dir/wire_login_transport_test.cpp.o
[ 87%] Linking CXX executable wire_login_transport_test
[ 87%] Built target wire_login_transport_test
[ 87%] Building CXX object tests/cpp/framework/client/CMakeFiles/wire_login_transport_integration_test.dir/wire_login_transport_integration_test.cpp.o
[ 87%] Linking CXX executable wire_login_transport_integration_test
[ 87%] Built target wire_login_transport_integration_test
[ 87%] Building CXX object tests/cpp/framework/network/codec/CMakeFiles/network_codec_test.dir/length_field_codec_test.cpp.o
In file included from /home/edwin.guest/code/.bench/p5-20261006/deps-src/googletest-src/googletest/include/gtest/gtest-printers.h:122,
                 from /home/edwin.guest/code/.bench/p5-20261006/deps-src/googletest-src/googletest/include/gtest/gtest-matchers.h:49,
                 from /home/edwin.guest/code/.bench/p5-20261006/deps-src/googletest-src/googletest/include/gtest/internal/gtest-death-test-internal.h:47,
                 from /home/edwin.guest/code/.bench/p5-20261006/deps-src/googletest-src/googletest/include/gtest/gtest-death-test.h:43,
                 from /home/edwin.guest/code/.bench/p5-20261006/deps-src/googletest-src/googletest/include/gtest/gtest.h:64,
                 from /home/edwin.guest/code/.bench/p6-clock-fixed-20261007/r0/tests/cpp/framework/network/codec/length_field_codec_test.cpp:4:
/home/edwin.guest/code/.bench/p6-clock-fixed-20261007/r0/tests/cpp/framework/network/codec/length_field_codec_test.cpp: In member function 'virtual void realm::network::{anonymous}::LengthFieldCodecTest_RefusesToEncodeOversizedPayload_Test::TestBody()':
/home/edwin.guest/code/.bench/p6-clock-fixed-20261007/r0/tests/cpp/framework/network/codec/length_field_codec_test.cpp:124:30: warning: ignoring return value of 'std::vector<std::byte> realm::network::LengthFieldCodec::encode(std::span<const std::byte>) const', declared with attribute 'nodiscard' [-Wunused-result]
  124 |     EXPECT_THROW(codec.encode(bytes("12345")), std::length_error);
      |                  ~~~~~~~~~~~~^~~~~~~~~~~~~~~~
In file included from /home/edwin.guest/code/.bench/p6-clock-fixed-20261007/r0/tests/cpp/framework/network/codec/length_field_codec_test.cpp:1:
/home/edwin.guest/code/.bench/p6-clock-fixed-20261007/r0/framework/network/include/realmmesh/network/codec/length_field_codec.hpp:28:42: note: declared here
   28 |     [[nodiscard]] std::vector<std::byte> encode(
      |                                          ^~~~~~
[ 87%] Linking CXX executable network_codec_test
[ 87%] Built target network_codec_test
[ 87%] Building CXX object tests/cpp/framework/network/client/CMakeFiles/preferred_transport_connector_test.dir/preferred_transport_connector_test.cpp.o
[ 89%] Linking CXX executable preferred_transport_connector_test
[ 89%] Built target preferred_transport_connector_test
[ 89%] Building CXX object tests/cpp/framework/network/client/CMakeFiles/json_field_test.dir/json_field_test.cpp.o
[ 89%] Linking CXX executable json_field_test
[ 89%] Built target json_field_test
[ 89%] Building CXX object tests/cpp/framework/network/client/CMakeFiles/tls_tcp_client_dialer_test.dir/tls_tcp_client_dialer_test.cpp.o
[ 89%] Linking CXX executable tls_tcp_client_dialer_test
[ 89%] Built target tls_tcp_client_dialer_test
[ 89%] Building CXX object tests/cpp/framework/network/tcp/CMakeFiles/tcp_listener_test.dir/tcp_listener_test.cpp.o
[ 89%] Linking CXX executable tcp_listener_test
[ 89%] Built target tcp_listener_test
[ 89%] Building CXX object tests/cpp/framework/network/reactor/CMakeFiles/event_loop_test.dir/event_loop_test.cpp.o
[ 89%] Linking CXX executable event_loop_test
[ 89%] Built target event_loop_test
[ 89%] Building CXX object tests/cpp/framework/network/transport/CMakeFiles/transport_factory_test.dir/transport_factory_test.cpp.o
[ 89%] Linking CXX executable transport_factory_test
[ 89%] Built target transport_factory_test
[ 89%] Building CXX object tests/cpp/framework/network/tls/CMakeFiles/tls_tcp_transport_test.dir/tls_tcp_transport_test.cpp.o
[ 90%] Linking CXX executable tls_tcp_transport_test
[ 90%] Built target tls_tcp_transport_test
[ 90%] Building CXX object tests/cpp/framework/network/http/CMakeFiles/http1_codec_test.dir/http1_codec_test.cpp.o
[ 90%] Linking CXX executable http1_codec_test
[ 90%] Built target http1_codec_test
[ 90%] Building CXX object tests/cpp/framework/network/http/CMakeFiles/http1_response_parser_test.dir/http1_response_parser_test.cpp.o
[ 90%] Linking CXX executable http1_response_parser_test
[ 90%] Built target http1_response_parser_test
[ 90%] Building CXX object tests/cpp/framework/network/http/CMakeFiles/http_server_test.dir/http_server_test.cpp.o
[ 90%] Linking CXX executable http_server_test
[ 90%] Built target http_server_test
[ 90%] Building CXX object tests/cpp/framework/network/quic/CMakeFiles/quic_transport_test.dir/quic_transport_test.cpp.o
[ 90%] Linking CXX executable quic_transport_test
[ 90%] Built target quic_transport_test
[ 90%] Building CXX object tests/cpp/game/common/CMakeFiles/account_store_test.dir/account_store_test.cpp.o
[ 90%] Linking CXX executable account_store_test
[ 90%] Built target account_store_test
[ 90%] Building CXX object tests/cpp/game/common/CMakeFiles/player_data_store_test.dir/player_data_store_test.cpp.o
[ 90%] Linking CXX executable player_data_store_test
[ 90%] Built target player_data_store_test
[ 90%] Building CXX object tests/cpp/game/common/CMakeFiles/admission_grant_test.dir/admission_grant_test.cpp.o
[ 90%] Linking CXX executable admission_grant_test
[ 90%] Built target admission_grant_test
[ 90%] Building CXX object tests/cpp/game/common/CMakeFiles/admission_security_config_test.dir/admission_security_config_test.cpp.o
[ 90%] Linking CXX executable admission_security_config_test
[ 90%] Built target admission_security_config_test
[ 91%] Building CXX object tests/cpp/game/common/CMakeFiles/base64url_test.dir/base64url_test.cpp.o
[ 91%] Linking CXX executable base64url_test
[ 91%] Built target base64url_test
[ 91%] Building CXX object tests/cpp/game/common/CMakeFiles/compact_jws_test.dir/compact_jws_test.cpp.o
In file included from /home/edwin.guest/code/.bench/p5-20261006/deps-src/googletest-src/googletest/include/gtest/gtest-printers.h:122,
                 from /home/edwin.guest/code/.bench/p5-20261006/deps-src/googletest-src/googletest/include/gtest/gtest-matchers.h:49,
                 from /home/edwin.guest/code/.bench/p5-20261006/deps-src/googletest-src/googletest/include/gtest/internal/gtest-death-test-internal.h:47,
                 from /home/edwin.guest/code/.bench/p5-20261006/deps-src/googletest-src/googletest/include/gtest/gtest-death-test.h:43,
                 from /home/edwin.guest/code/.bench/p5-20261006/deps-src/googletest-src/googletest/include/gtest/gtest.h:64,
                 from /home/edwin.guest/code/.bench/p6-clock-fixed-20261007/r0/tests/cpp/game/common/compact_jws_test.cpp:3:
/home/edwin.guest/code/.bench/p6-clock-fixed-20261007/r0/tests/cpp/game/common/compact_jws_test.cpp: In member function 'virtual void realm::game::common::{anonymous}::CompactJwsTest_ParseSeedRejectsBadHex_Test::TestBody()':
/home/edwin.guest/code/.bench/p6-clock-fixed-20261007/r0/tests/cpp/game/common/compact_jws_test.cpp:143:32: warning: ignoring return value of 'realm::game::common::Ed25519Seed realm::game::common::parse_identity_seed_hex(std::string_view)', declared with attribute 'nodiscard' [-Wunused-result]
  143 |         parse_identity_seed_hex("nothex"), std::invalid_argument);
      |         ~~~~~~~~~~~~~~~~~~~~~~~^~~~~~~~~~
In file included from /home/edwin.guest/code/.bench/p6-clock-fixed-20261007/r0/tests/cpp/game/common/compact_jws_test.cpp:1:
/home/edwin.guest/code/.bench/p6-clock-fixed-20261007/r0/game/common/include/realmmesh/game/common/compact_jws.hpp:77:27: note: declared here
   77 | [[nodiscard]] Ed25519Seed parse_identity_seed_hex(std::string_view value);
      |                           ^~~~~~~~~~~~~~~~~~~~~~~
/home/edwin.guest/code/.bench/p6-clock-fixed-20261007/r0/tests/cpp/game/common/compact_jws_test.cpp:145:32: warning: ignoring return value of 'realm::game::common::Ed25519Seed realm::game::common::parse_identity_seed_hex(std::string_view)', declared with attribute 'nodiscard' [-Wunused-result]
  145 |         parse_identity_seed_hex("9d61"), std::invalid_argument);
      |         ~~~~~~~~~~~~~~~~~~~~~~~^~~~~~~~
/home/edwin.guest/code/.bench/p6-clock-fixed-20261007/r0/game/common/include/realmmesh/game/common/compact_jws.hpp:77:27: note: declared here
   77 | [[nodiscard]] Ed25519Seed parse_identity_seed_hex(std::string_view value);
      |                           ^~~~~~~~~~~~~~~~~~~~~~~
[ 91%] Linking CXX executable compact_jws_test
[ 91%] Built target compact_jws_test
[ 91%] Building CXX object tests/cpp/game/common/CMakeFiles/edge_attach_protocol_test.dir/edge_attach_protocol_test.cpp.o
[ 91%] Linking CXX executable edge_attach_protocol_test
[ 91%] Built target edge_attach_protocol_test
[ 91%] Building CXX object tests/cpp/game/common/CMakeFiles/realm_protocol_test.dir/realm_protocol_test.cpp.o
[ 91%] Linking CXX executable realm_protocol_test
[ 91%] Built target realm_protocol_test
[ 91%] Building CXX object tests/cpp/game/common/CMakeFiles/identity_replay_guard_test.dir/identity_replay_guard_test.cpp.o
[ 91%] Linking CXX executable identity_replay_guard_test
[ 91%] Built target identity_replay_guard_test
[ 91%] Building CXX object tests/cpp/game/common/CMakeFiles/identity_token_test.dir/identity_token_test.cpp.o
[ 91%] Linking CXX executable identity_token_test
[ 91%] Built target identity_token_test
[ 93%] Building CXX object tests/cpp/game/common/CMakeFiles/json_test.dir/json_test.cpp.o
[ 93%] Linking CXX executable json_test
[ 93%] Built target json_test
[ 93%] Building CXX object tests/cpp/game/common/CMakeFiles/queue_number_test.dir/queue_number_test.cpp.o
[ 93%] Linking CXX executable queue_number_test
[ 93%] Built target queue_number_test
[ 93%] Building CXX object tests/cpp/game/common/CMakeFiles/queue_number_v2_test.dir/queue_number_v2_test.cpp.o
[ 93%] Linking CXX executable queue_number_v2_test
[ 93%] Built target queue_number_v2_test
[ 93%] Building CXX object tests/cpp/game/common/CMakeFiles/session_ticket_test.dir/session_ticket_test.cpp.o
[ 93%] Linking CXX executable session_ticket_test
[ 93%] Built target session_ticket_test
[ 93%] Building CXX object tests/cpp/game/common/CMakeFiles/new_chain_flow_test.dir/new_chain_flow_test.cpp.o
[ 93%] Linking CXX executable new_chain_flow_test
[ 93%] Built target new_chain_flow_test
[ 93%] Building CXX object tests/cpp/game/gateway/CMakeFiles/gateway_server_test.dir/gateway_server_test.cpp.o
In file included from /home/edwin.guest/code/.bench/p5-20261006/deps-src/googletest-src/googletest/include/gtest/gtest-printers.h:122,
                 from /home/edwin.guest/code/.bench/p5-20261006/deps-src/googletest-src/googletest/include/gtest/gtest-matchers.h:49,
                 from /home/edwin.guest/code/.bench/p5-20261006/deps-src/googletest-src/googletest/include/gtest/internal/gtest-death-test-internal.h:47,
                 from /home/edwin.guest/code/.bench/p5-20261006/deps-src/googletest-src/googletest/include/gtest/gtest-death-test.h:43,
                 from /home/edwin.guest/code/.bench/p5-20261006/deps-src/googletest-src/googletest/include/gtest/gtest.h:64,
                 from /home/edwin.guest/code/.bench/p6-clock-fixed-20261007/r0/tests/cpp/game/gateway/gateway_server_test.cpp:5:
/home/edwin.guest/code/.bench/p6-clock-fixed-20261007/r0/tests/cpp/game/gateway/gateway_server_test.cpp: In member function 'virtual void realm::game::gateway::{anonymous}::LayeredConfigLoaderTest_RejectsInvalidFetchRetryTuning_Test::TestBody()':
/home/edwin.guest/code/.bench/p6-clock-fixed-20261007/r0/tests/cpp/game/gateway/gateway_server_test.cpp:261:52: warning: ignoring return value of 'static realm::game::gateway::GatewayConfig realm::service_host::LayeredConfigLoader::load(const std::filesystem::__cxx11::path&, std::string_view, const realm::service_host::CliOverrides&)', declared with attribute 'nodiscard' [-Wunused-result]
  261 |             service_host::LayeredConfigLoader::load(
      |             ~~~~~~~~~~~~~~~~~~~~~~~~~~~~~~~~~~~~~~~^
  262 |                 configs.path(), "gateway"),
      |                 ~~~~~~~~~~~~~~~~~~~~~~~~~~          
In file included from /home/edwin.guest/code/.bench/p6-clock-fixed-20261007/r0/tests/cpp/game/gateway/gateway_server_test.cpp:2:
/home/edwin.guest/code/.bench/p6-clock-fixed-20261007/r0/framework/service_host/include/realmmesh/service_host/layered_config_loader.hpp:27:55: note: declared here
   27 |     [[nodiscard]] static game::gateway::GatewayConfig load(
      |                                                       ^~~~
/home/edwin.guest/code/.bench/p6-clock-fixed-20261007/r0/tests/cpp/game/gateway/gateway_server_test.cpp:272:52: warning: ignoring return value of 'static realm::game::gateway::GatewayConfig realm::service_host::LayeredConfigLoader::load(const std::filesystem::__cxx11::path&, std::string_view, const realm::service_host::CliOverrides&)', declared with attribute 'nodiscard' [-Wunused-result]
  272 |             service_host::LayeredConfigLoader::load(
      |             ~~~~~~~~~~~~~~~~~~~~~~~~~~~~~~~~~~~~~~~^
  273 |                 configs.path(), "gateway"),
      |                 ~~~~~~~~~~~~~~~~~~~~~~~~~~          
/home/edwin.guest/code/.bench/p6-clock-fixed-20261007/r0/framework/service_host/include/realmmesh/service_host/layered_config_loader.hpp:27:55: note: declared here
   27 |     [[nodiscard]] static game::gateway::GatewayConfig load(
      |                                                       ^~~~
/home/edwin.guest/code/.bench/p6-clock-fixed-20261007/r0/tests/cpp/game/gateway/gateway_server_test.cpp: In member function 'virtual void realm::game::gateway::{anonymous}::LayeredConfigLoaderTest_RejectsZeroHandoffGrace_Test::TestBody()':
/home/edwin.guest/code/.bench/p6-clock-fixed-20261007/r0/tests/cpp/game/gateway/gateway_server_test.cpp:290:48: warning: ignoring return value of 'static realm::game::gateway::GatewayConfig realm::service_host::LayeredConfigLoader::load(const std::filesystem::__cxx11::path&, std::string_view, const realm::service_host::CliOverrides&)', declared with attribute 'nodiscard' [-Wunused-result]
  290 |         service_host::LayeredConfigLoader::load(configs.path(), "gateway"),
      |         ~~~~~~~~~~~~~~~~~~~~~~~~~~~~~~~~~~~~~~~^~~~~~~~~~~~~~~~~~~~~~~~~~~
/home/edwin.guest/code/.bench/p6-clock-fixed-20261007/r0/framework/service_host/include/realmmesh/service_host/layered_config_loader.hpp:27:55: note: declared here
   27 |     [[nodiscard]] static game::gateway::GatewayConfig load(
      |                                                       ^~~~
[ 93%] Linking CXX executable gateway_server_test
[ 93%] Built target gateway_server_test
[ 93%] Building CXX object tests/cpp/game/gateway/CMakeFiles/gateway_runtime_test.dir/gateway_runtime_test.cpp.o
[ 93%] Linking CXX executable gateway_runtime_test
[ 93%] Built target gateway_runtime_test
[ 93%] Building CXX object tests/cpp/game/gateway/CMakeFiles/edge_session_table_test.dir/edge_session_table_test.cpp.o
[ 93%] Linking CXX executable edge_session_table_test
[ 93%] Built target edge_session_table_test
[ 93%] Building CXX object tests/cpp/game/gateway/CMakeFiles/gateway_primary_transport_test.dir/gateway_primary_transport_test.cpp.o
[ 94%] Linking CXX executable gateway_primary_transport_test
[ 94%] Built target gateway_primary_transport_test
[ 95%] Building CXX object tests/cpp/game/gateway/CMakeFiles/account_fetch_port_test.dir/account_fetch_port_test.cpp.o
[ 95%] Linking CXX executable account_fetch_port_test
[ 95%] Built target account_fetch_port_test
[ 95%] Building CXX object tests/cpp/game/gateway/CMakeFiles/admission_consumption_store_test.dir/admission_consumption_store_test.cpp.o
[ 95%] Linking CXX executable admission_consumption_store_test
[ 95%] Built target admission_consumption_store_test
[ 95%] Building CXX object tests/cpp/game/gateway/CMakeFiles/gateway_admission_test.dir/gateway_admission_test.cpp.o
[ 95%] Linking CXX executable gateway_admission_test
[ 95%] Built target gateway_admission_test
[ 95%] Building CXX object tests/cpp/game/gateway/CMakeFiles/gateway_login_config_test.dir/gateway_login_config_test.cpp.o
[ 95%] Linking CXX executable gateway_login_config_test
[ 95%] Built target gateway_login_config_test
[ 95%] Building CXX object tests/cpp/game/gateway/CMakeFiles/gateway_ingress_test.dir/gateway_ingress_test.cpp.o
[ 95%] Linking CXX executable gateway_ingress_test
[ 95%] Built target gateway_ingress_test
[ 95%] Building CXX object tests/cpp/game/gateway/CMakeFiles/gateway_login_pipeline_test.dir/gateway_login_pipeline_test.cpp.o
[ 95%] Linking CXX executable gateway_login_pipeline_test
[ 95%] Built target gateway_login_pipeline_test
[ 95%] Building CXX object tests/cpp/game/gateway/CMakeFiles/gateway_ingress_throttle_test.dir/gateway_ingress_throttle_test.cpp.o
[ 95%] Linking CXX executable gateway_ingress_throttle_test
[ 95%] Built target gateway_ingress_throttle_test
[ 95%] Building CXX object tests/cpp/game/login_verify/CMakeFiles/login_verify_handler_test.dir/login_verify_handler_test.cpp.o
/home/edwin.guest/code/.bench/p6-clock-fixed-20261007/r0/tests/cpp/game/login_verify/login_verify_handler_test.cpp: In member function 'virtual void realm::game::login_verify::{anonymous}::LoginVerifyHandlerTest_MetricsCountRequestsRejectsAndIssueLatency_Test::TestBody()':
/home/edwin.guest/code/.bench/p6-clock-fixed-20261007/r0/tests/cpp/game/login_verify/login_verify_handler_test.cpp:276:11: warning: ignoring return value of 'realm::network::Http1Response realm::game::login_verify::{anonymous}::LoginVerifyHandlerTest::verify(std::string_view, std::string_view) const', declared with attribute 'nodiscard' [-Wunused-result]
  276 |     verify(R"({"account":"player","credential":"dev"})");
      |     ~~~~~~^~~~~~~~~~~~~~~~~~~~~~~~~~~~~~~~~~~~~~~~~~~~~~
/home/edwin.guest/code/.bench/p6-clock-fixed-20261007/r0/tests/cpp/game/login_verify/login_verify_handler_test.cpp:53:42: note: declared here
   53 |     [[nodiscard]] network::Http1Response verify(
      |                                          ^~~~~~
/home/edwin.guest/code/.bench/p6-clock-fixed-20261007/r0/tests/cpp/game/login_verify/login_verify_handler_test.cpp:277:11: warning: ignoring return value of 'realm::network::Http1Response realm::game::login_verify::{anonymous}::LoginVerifyHandlerTest::verify(std::string_view, std::string_view) const', declared with attribute 'nodiscard' [-Wunused-result]
  277 |     verify(R"({"account":"ghost","credential":"dev"})");
      |     ~~~~~~^~~~~~~~~~~~~~~~~~~~~~~~~~~~~~~~~~~~~~~~~~~~~
/home/edwin.guest/code/.bench/p6-clock-fixed-20261007/r0/tests/cpp/game/login_verify/login_verify_handler_test.cpp:53:42: note: declared here
   53 |     [[nodiscard]] network::Http1Response verify(
      |                                          ^~~~~~
/home/edwin.guest/code/.bench/p6-clock-fixed-20261007/r0/tests/cpp/game/login_verify/login_verify_handler_test.cpp:278:11: warning: ignoring return value of 'realm::network::Http1Response realm::game::login_verify::{anonymous}::LoginVerifyHandlerTest::verify(std::string_view, std::string_view) const', declared with attribute 'nodiscard' [-Wunused-result]
  278 |     verify(R"({"account":"banned","credential":"dev"})");
      |     ~~~~~~^~~~~~~~~~~~~~~~~~~~~~~~~~~~~~~~~~~~~~~~~~~~~~
/home/edwin.guest/code/.bench/p6-clock-fixed-20261007/r0/tests/cpp/game/login_verify/login_verify_handler_test.cpp:53:42: note: declared here
   53 |     [[nodiscard]] network::Http1Response verify(
      |                                          ^~~~~~
/home/edwin.guest/code/.bench/p6-clock-fixed-20261007/r0/tests/cpp/game/login_verify/login_verify_handler_test.cpp:279:11: warning: ignoring return value of 'realm::network::Http1Response realm::game::login_verify::{anonymous}::LoginVerifyHandlerTest::verify(std::string_view, std::string_view) const', declared with attribute 'nodiscard' [-Wunused-result]
  279 |     verify(R"({"account":"outsider","credential":"dev"})");
      |     ~~~~~~^~~~~~~~~~~~~~~~~~~~~~~~~~~~~~~~~~~~~~~~~~~~~~~~
/home/edwin.guest/code/.bench/p6-clock-fixed-20261007/r0/tests/cpp/game/login_verify/login_verify_handler_test.cpp:53:42: note: declared here
   53 |     [[nodiscard]] network::Http1Response verify(
      |                                          ^~~~~~
/home/edwin.guest/code/.bench/p6-clock-fixed-20261007/r0/tests/cpp/game/login_verify/login_verify_handler_test.cpp:280:11: warning: ignoring return value of 'realm::network::Http1Response realm::game::login_verify::{anonymous}::LoginVerifyHandlerTest::verify(std::string_view, std::string_view) const', declared with attribute 'nodiscard' [-Wunused-result]
  280 |     verify("not-json");
      |     ~~~~~~^~~~~~~~~~~~
/home/edwin.guest/code/.bench/p6-clock-fixed-20261007/r0/tests/cpp/game/login_verify/login_verify_handler_test.cpp:53:42: note: declared here
   53 |     [[nodiscard]] network::Http1Response verify(
      |                                          ^~~~~~
[ 95%] Linking CXX executable login_verify_handler_test
[ 95%] Built target login_verify_handler_test
[ 95%] Building CXX object tests/cpp/game/login_verify/CMakeFiles/login_verify_dispatcher_test.dir/login_verify_dispatcher_test.cpp.o
[ 95%] Linking CXX executable login_verify_dispatcher_test
[ 95%] Built target login_verify_dispatcher_test
[ 97%] Building CXX object tests/cpp/game/login_verify/CMakeFiles/login_verify_service_test.dir/login_verify_service_test.cpp.o
[ 97%] Linking CXX executable login_verify_service_test
[ 97%] Built target login_verify_service_test
[ 97%] Building CXX object tests/cpp/game/queue/CMakeFiles/queue_handler_test.dir/queue_handler_test.cpp.o
[ 97%] Linking CXX executable queue_handler_test
[ 97%] Built target queue_handler_test
[ 97%] Building CXX object tests/cpp/game/queue/CMakeFiles/queue_core_test.dir/queue_core_test.cpp.o
[ 97%] Linking CXX executable queue_core_test
[ 97%] Built target queue_core_test
[ 97%] Building CXX object tests/cpp/game/queue/CMakeFiles/queue_store_test.dir/queue_store_test.cpp.o
In file included from /home/edwin.guest/code/.bench/p5-20261006/deps-src/googletest-src/googletest/include/gtest/gtest-printers.h:122,
                 from /home/edwin.guest/code/.bench/p5-20261006/deps-src/googletest-src/googletest/include/gtest/gtest-matchers.h:49,
                 from /home/edwin.guest/code/.bench/p5-20261006/deps-src/googletest-src/googletest/include/gtest/internal/gtest-death-test-internal.h:47,
                 from /home/edwin.guest/code/.bench/p5-20261006/deps-src/googletest-src/googletest/include/gtest/gtest-death-test.h:43,
                 from /home/edwin.guest/code/.bench/p5-20261006/deps-src/googletest-src/googletest/include/gtest/gtest.h:64,
                 from /home/edwin.guest/code/.bench/p6-clock-fixed-20261007/r0/tests/cpp/game/queue/queue_store_test.cpp:3:
/home/edwin.guest/code/.bench/p6-clock-fixed-20261007/r0/tests/cpp/game/queue/queue_store_test.cpp: In member function 'virtual void realm::game::queue::{anonymous}::QueueStoreTest_LoadSnapshotRejectsOrphanIssuanceMappings_Test::TestBody()':
/home/edwin.guest/code/.bench/p6-clock-fixed-20261007/r0/tests/cpp/game/queue/queue_store_test.cpp:464:37: warning: ignoring return value of 'virtual std::optional<realm::game::queue::QueueSnapshot> realm::game::queue::EtcdQueueStore::load_snapshot() const', declared with attribute 'nodiscard' [-Wunused-result]
  464 |     EXPECT_THROW(store.load_snapshot(), std::runtime_error);
      |                  ~~~~~~~~~~~~~~~~~~~^~
In file included from /home/edwin.guest/code/.bench/p6-clock-fixed-20261007/r0/tests/cpp/game/queue/queue_store_test.cpp:1:
/home/edwin.guest/code/.bench/p6-clock-fixed-20261007/r0/game/queue/include/realmmesh/game/queue/queue_store.hpp:81:48: note: declared here
   81 |     [[nodiscard]] std::optional<QueueSnapshot> load_snapshot() const override;
      |                                                ^~~~~~~~~~~~~
/home/edwin.guest/code/.bench/p6-clock-fixed-20261007/r0/tests/cpp/game/queue/queue_store_test.cpp: In member function 'virtual void realm::game::queue::{anonymous}::QueueStoreTest_LoadSnapshotFailsClosedOnUnavailableIssuanceState_Test::TestBody()':
/home/edwin.guest/code/.bench/p6-clock-fixed-20261007/r0/tests/cpp/game/queue/queue_store_test.cpp:473:37: warning: ignoring return value of 'virtual std::optional<realm::game::queue::QueueSnapshot> realm::game::queue::EtcdQueueStore::load_snapshot() const', declared with attribute 'nodiscard' [-Wunused-result]
  473 |     EXPECT_THROW(store.load_snapshot(), std::runtime_error);
      |                  ~~~~~~~~~~~~~~~~~~~^~
/home/edwin.guest/code/.bench/p6-clock-fixed-20261007/r0/game/queue/include/realmmesh/game/queue/queue_store.hpp:81:48: note: declared here
   81 |     [[nodiscard]] std::optional<QueueSnapshot> load_snapshot() const override;
      |                                                ^~~~~~~~~~~~~
/home/edwin.guest/code/.bench/p6-clock-fixed-20261007/r0/tests/cpp/game/queue/queue_store_test.cpp: In member function 'virtual void realm::game::queue::{anonymous}::QueueStoreTest_LoadSnapshotRejectsCorruptIssuanceMapping_Test::TestBody()':
/home/edwin.guest/code/.bench/p6-clock-fixed-20261007/r0/tests/cpp/game/queue/queue_store_test.cpp:483:37: warning: ignoring return value of 'virtual std::optional<realm::game::queue::QueueSnapshot> realm::game::queue::EtcdQueueStore::load_snapshot() const', declared with attribute 'nodiscard' [-Wunused-result]
  483 |     EXPECT_THROW(store.load_snapshot(), std::runtime_error);
      |                  ~~~~~~~~~~~~~~~~~~~^~
/home/edwin.guest/code/.bench/p6-clock-fixed-20261007/r0/game/queue/include/realmmesh/game/queue/queue_store.hpp:81:48: note: declared here
   81 |     [[nodiscard]] std::optional<QueueSnapshot> load_snapshot() const override;
      |                                                ^~~~~~~~~~~~~
/home/edwin.guest/code/.bench/p6-clock-fixed-20261007/r0/tests/cpp/game/queue/queue_store_test.cpp: In member function 'virtual void realm::game::queue::{anonymous}::QueueStoreTest_LoadSnapshotFailsClosedOnUnavailableOrCorrupt_Test::TestBody()':
/home/edwin.guest/code/.bench/p6-clock-fixed-20261007/r0/tests/cpp/game/queue/queue_store_test.cpp:493:37: warning: ignoring return value of 'virtual std::optional<realm::game::queue::QueueSnapshot> realm::game::queue::EtcdQueueStore::load_snapshot() const', declared with attribute 'nodiscard' [-Wunused-result]
  493 |     EXPECT_THROW(store.load_snapshot(), std::runtime_error);
      |                  ~~~~~~~~~~~~~~~~~~~^~
/home/edwin.guest/code/.bench/p6-clock-fixed-20261007/r0/game/queue/include/realmmesh/game/queue/queue_store.hpp:81:48: note: declared here
   81 |     [[nodiscard]] std::optional<QueueSnapshot> load_snapshot() const override;
      |                                                ^~~~~~~~~~~~~
/home/edwin.guest/code/.bench/p6-clock-fixed-20261007/r0/tests/cpp/game/queue/queue_store_test.cpp:499:50: warning: ignoring return value of 'virtual std::optional<realm::game::queue::QueueSnapshot> realm::game::queue::EtcdQueueStore::load_snapshot() const', declared with attribute 'nodiscard' [-Wunused-result]
  499 |     EXPECT_THROW(inconsistent_store.load_snapshot(), std::runtime_error);
      |                  ~~~~~~~~~~~~~~~~~~~~~~~~~~~~~~~~^~
/home/edwin.guest/code/.bench/p6-clock-fixed-20261007/r0/game/queue/include/realmmesh/game/queue/queue_store.hpp:81:48: note: declared here
   81 |     [[nodiscard]] std::optional<QueueSnapshot> load_snapshot() const override;
      |                                                ^~~~~~~~~~~~~
/home/edwin.guest/code/.bench/p6-clock-fixed-20261007/r0/tests/cpp/game/queue/queue_store_test.cpp:504:47: warning: ignoring return value of 'virtual std::optional<realm::game::queue::QueueSnapshot> realm::game::queue::EtcdQueueStore::load_snapshot() const', declared with attribute 'nodiscard' [-Wunused-result]
  504 |     EXPECT_THROW(malformed_store.load_snapshot(), std::runtime_error);
      |                  ~~~~~~~~~~~~~~~~~~~~~~~~~~~~~^~
/home/edwin.guest/code/.bench/p6-clock-fixed-20261007/r0/game/queue/include/realmmesh/game/queue/queue_store.hpp:81:48: note: declared here
   81 |     [[nodiscard]] std::optional<QueueSnapshot> load_snapshot() const override;
      |                                                ^~~~~~~~~~~~~
/home/edwin.guest/code/.bench/p6-clock-fixed-20261007/r0/tests/cpp/game/queue/queue_store_test.cpp:510:51: warning: ignoring return value of 'virtual std::optional<realm::game::queue::QueueSnapshot> realm::game::queue::EtcdQueueStore::load_snapshot() const', declared with attribute 'nodiscard' [-Wunused-result]
  510 |     EXPECT_THROW(missing_field_store.load_snapshot(), std::runtime_error);
      |                  ~~~~~~~~~~~~~~~~~~~~~~~~~~~~~~~~~^~
/home/edwin.guest/code/.bench/p6-clock-fixed-20261007/r0/game/queue/include/realmmesh/game/queue/queue_store.hpp:81:48: note: declared here
   81 |     [[nodiscard]] std::optional<QueueSnapshot> load_snapshot() const override;
      |                                                ^~~~~~~~~~~~~
/home/edwin.guest/code/.bench/p6-clock-fixed-20261007/r0/tests/cpp/game/queue/queue_store_test.cpp:516:41: warning: ignoring return value of 'virtual std::optional<realm::game::queue::QueueSnapshot> realm::game::queue::EtcdQueueStore::load_snapshot() const', declared with attribute 'nodiscard' [-Wunused-result]
  516 |     EXPECT_THROW(gap_store.load_snapshot(), std::runtime_error);
      |                  ~~~~~~~~~~~~~~~~~~~~~~~^~
/home/edwin.guest/code/.bench/p6-clock-fixed-20261007/r0/game/queue/include/realmmesh/game/queue/queue_store.hpp:81:48: note: declared here
   81 |     [[nodiscard]] std::optional<QueueSnapshot> load_snapshot() const override;
      |                                                ^~~~~~~~~~~~~
/home/edwin.guest/code/.bench/p6-clock-fixed-20261007/r0/tests/cpp/game/queue/queue_store_test.cpp:524:44: warning: ignoring return value of 'virtual std::optional<realm::game::queue::QueueSnapshot> realm::game::queue::EtcdQueueStore::load_snapshot() const', declared with attribute 'nodiscard' [-Wunused-result]
  524 |         malformed_batch_store.load_snapshot(), std::runtime_error);
      |         ~~~~~~~~~~~~~~~~~~~~~~~~~~~~~~~~~~~^~
/home/edwin.guest/code/.bench/p6-clock-fixed-20261007/r0/game/queue/include/realmmesh/game/queue/queue_store.hpp:81:48: note: declared here
   81 |     [[nodiscard]] std::optional<QueueSnapshot> load_snapshot() const override;
      |                                                ^~~~~~~~~~~~~
[ 97%] Linking CXX executable queue_store_test
[ 97%] Built target queue_store_test
[ 97%] Building CXX object tests/cpp/game/queue/CMakeFiles/queue_store_etcd_integration_test.dir/queue_store_etcd_integration_test.cpp.o
[ 97%] Linking CXX executable queue_store_etcd_integration_test
[ 97%] Built target queue_store_etcd_integration_test
[ 97%] Building CXX object tests/cpp/game/queue/CMakeFiles/queue_process_restart_test.dir/queue_process_restart_test.cpp.o
[ 97%] Linking CXX executable queue_process_restart_test
[ 97%] Built target queue_process_restart_test
[ 97%] Building CXX object tests/cpp/game/queue/CMakeFiles/queue_ticketing_test.dir/queue_ticketing_test.cpp.o
[ 97%] Linking CXX executable queue_ticketing_test
[ 97%] Built target queue_ticketing_test
[ 98%] Building CXX object tests/cpp/game/queue/CMakeFiles/queue_service_test.dir/queue_service_test.cpp.o
[ 98%] Linking CXX executable queue_service_test
[ 98%] Built target queue_service_test
[100%] Building CXX object tests/cpp/game/realm/CMakeFiles/character_name_test.dir/character_name_test.cpp.o
[100%] Linking CXX executable character_name_test
[100%] Built target character_name_test
[100%] Building CXX object tests/cpp/game/realm/CMakeFiles/training_rule_test.dir/training_rule_test.cpp.o
[100%] Linking CXX executable training_rule_test
[100%] Built target training_rule_test
[100%] Building CXX object tests/cpp/game/realm/CMakeFiles/realm_sessions_test.dir/realm_sessions_test.cpp.o
[100%] Linking CXX executable realm_sessions_test
[100%] Built target realm_sessions_test
[100%] Building CXX object tests/cpp/game/realm/CMakeFiles/realm_journey_test.dir/realm_journey_test.cpp.o
[100%] Linking CXX executable realm_journey_test
[100%] Built target realm_journey_test
[100%] Building CXX object tests/cpp/tools/loadgen/CMakeFiles/loadgen_core_test.dir/loadgen_core_test.cpp.o
[100%] Linking CXX executable loadgen_core_test
[100%] Built target loadgen_core_test
[100%] Building CXX object tests/cpp/tools/loadgen/CMakeFiles/loadgen_login_chain_test.dir/login_chain_adapter_test.cpp.o
[100%] Linking CXX executable loadgen_login_chain_test
[100%] Built target loadgen_login_chain_test
[100%] Building CXX object tests/cpp/tools/loadgen/CMakeFiles/metrics_scrape_test.dir/metrics_scrape_test.cpp.o
[100%] Linking CXX executable metrics_scrape_test
[100%] Built target metrics_scrape_test
[100%] Building CXX object tests/cpp/tools/loadgen/CMakeFiles/loadgen_integration_test.dir/loadgen_integration_test.cpp.o
[100%] Linking CXX executable loadgen_integration_test
[100%] Built target loadgen_integration_test
$ ctest --preset dev -j 1
Test project /home/edwin.guest/code/.bench/p6-clock-fixed-20261007/r0/build/dev
        Start   1: NetBackendSwitchTest
  1/649 Test   #1: NetBackendSwitchTest ...................................................................................   Passed    0.04 sec
        Start   2: DevServicesScriptTest.StartUsesSupervisor
  2/649 Test   #2: DevServicesScriptTest.StartUsesSupervisor ..............................................................   Passed    2.15 sec
        Start   3: DevServicesScriptTest.UnreadyRealmBlocksDependents
  3/649 Test   #3: DevServicesScriptTest.UnreadyRealmBlocksDependents .....................................................   Passed    2.55 sec
        Start   4: DevServicesScriptTest.ChildFailureStopsGroup
  4/649 Test   #4: DevServicesScriptTest.ChildFailureStopsGroup ...........................................................   Passed    2.33 sec
        Start   5: DevServicesScriptTest.StopIsReverseOrdered
  5/649 Test   #5: DevServicesScriptTest.StopIsReverseOrdered .............................................................   Passed    2.49 sec
        Start   6: DevServicesScriptTest.CommandsManageServiceGroup
  6/649 Test   #6: DevServicesScriptTest.CommandsManageServiceGroup .......................................................   Passed    3.71 sec
        Start   7: DevServicesScriptTest.NewChainFlowUsesServiceGroup
  7/649 Test   #7: DevServicesScriptTest.NewChainFlowUsesServiceGroup .....................................................   Passed    3.00 sec
        Start   8: DevServicesScriptTest.FourProcessFullRepeats
  8/649 Test   #8: DevServicesScriptTest.FourProcessFullRepeats ...........................................................   Passed    8.47 sec
        Start   9: DevServicesScriptTest.FourProcessFailureRecovery
  9/649 Test   #9: DevServicesScriptTest.FourProcessFailureRecovery .......................................................   Passed   53.17 sec
        Start  10: LinuxAcceptanceScriptTest.PlanDescribesEveryMilestone
 10/649 Test  #10: LinuxAcceptanceScriptTest.PlanDescribesEveryMilestone ..................................................   Passed    0.02 sec
        Start  11: FrameSchedulerTest.RejectsZeroTickRate
 11/649 Test  #11: FrameSchedulerTest.RejectsZeroTickRate .................................................................   Passed    0.00 sec
        Start  12: FrameSchedulerTest.AdvancesFramesUsingFixedDeadlines
 12/649 Test  #12: FrameSchedulerTest.AdvancesFramesUsingFixedDeadlines ...................................................   Passed    0.00 sec
        Start  13: BoundedQueueTest.RejectsZeroCapacity
 13/649 Test  #13: BoundedQueueTest.RejectsZeroCapacity ...................................................................   Passed    0.00 sec
        Start  14: BoundedQueueTest.PreservesFifoOrderAndRejectsOverflow
 14/649 Test  #14: BoundedQueueTest.PreservesFifoOrderAndRejectsOverflow ..................................................   Passed    0.00 sec
        Start  15: BoundedWorkPoolTest.RejectsZeroWorkersOrCapacity
 15/649 Test  #15: BoundedWorkPoolTest.RejectsZeroWorkersOrCapacity .......................................................   Passed    0.00 sec
        Start  16: BoundedWorkPoolTest.DeliversResultsTaggedWithSubmissionId
 16/649 Test  #16: BoundedWorkPoolTest.DeliversResultsTaggedWithSubmissionId ..............................................   Passed    0.00 sec
        Start  17: BoundedWorkPoolTest.RunsJobsConcurrentlyAcrossWorkers
 17/649 Test  #17: BoundedWorkPoolTest.RunsJobsConcurrentlyAcrossWorkers ..................................................   Passed    0.00 sec
        Start  18: BoundedWorkPoolTest.CapacityCountsQueuedRunningAndUndrainedWork
 18/649 Test  #18: BoundedWorkPoolTest.CapacityCountsQueuedRunningAndUndrainedWork ........................................   Passed    0.00 sec
        Start  19: BoundedWorkPoolTest.CancelledQueuedJobNeverRunsAndFreesItsSlot
 19/649 Test  #19: BoundedWorkPoolTest.CancelledQueuedJobNeverRunsAndFreesItsSlot .........................................   Passed    0.00 sec
        Start  20: BoundedWorkPoolTest.CancelledRunningJobHoldsSlotUntilItFinishesAndDropsResult
 20/649 Test  #20: BoundedWorkPoolTest.CancelledRunningJobHoldsSlotUntilItFinishesAndDropsResult ..........................   Passed    0.00 sec
        Start  21: BoundedWorkPoolTest.CancelDropsUndrainedResult
 21/649 Test  #21: BoundedWorkPoolTest.CancelDropsUndrainedResult .........................................................   Passed    0.06 sec
        Start  22: BoundedWorkPoolTest.StoppedPoolRejectsSubmissions
 22/649 Test  #22: BoundedWorkPoolTest.StoppedPoolRejectsSubmissions ......................................................   Passed    0.00 sec
        Start  23: LuaRuntimeTest.CallsLuaAndBoundCppFunctions
 23/649 Test  #23: LuaRuntimeTest.CallsLuaAndBoundCppFunctions ............................................................   Passed    0.00 sec
        Start  24: LuaRuntimeTest.KeepsTheOldModuleWhenAHotReloadFails
 24/649 Test  #24: LuaRuntimeTest.KeepsTheOldModuleWhenAHotReloadFails ....................................................   Passed    0.00 sec
        Start  25: LuaRuntimeTest.ReloadsChangedFilesAndRollsBackInvalidChanges
 25/649 Test  #25: LuaRuntimeTest.ReloadsChangedFilesAndRollsBackInvalidChanges ...........................................   Passed    0.00 sec
        Start  26: LuaRuntimeTest.RejectsAccessFromAnotherThread
 26/649 Test  #26: LuaRuntimeTest.RejectsAccessFromAnotherThread ..........................................................   Passed    0.00 sec
        Start  27: LuaRuntimeTest.DoesNotExposeFileLoadingLibraries
 27/649 Test  #27: LuaRuntimeTest.DoesNotExposeFileLoadingLibraries .......................................................   Passed    0.00 sec
        Start  28: ServiceLifecycleTest.StartsInCreatedState
 28/649 Test  #28: ServiceLifecycleTest.StartsInCreatedState ..............................................................   Passed    0.00 sec
        Start  29: ServiceLifecycleTest.FollowsNormalStartupAndShutdownSequence
 29/649 Test  #29: ServiceLifecycleTest.FollowsNormalStartupAndShutdownSequence ...........................................   Passed    0.00 sec
        Start  30: ServiceLifecycleTest.RejectsSkippedAndBackwardTransitions
 30/649 Test  #30: ServiceLifecycleTest.RejectsSkippedAndBackwardTransitions ..............................................   Passed    0.00 sec
        Start  31: ServiceLifecycleTest.AllowsShutdownWhileInitializing
 31/649 Test  #31: ServiceLifecycleTest.AllowsShutdownWhileInitializing ...................................................   Passed    0.00 sec
        Start  32: ServiceLifecycleTest.StoppedStateIsTerminal
 32/649 Test  #32: ServiceLifecycleTest.StoppedStateIsTerminal ............................................................   Passed    0.00 sec
        Start  33: LoggerTest.CallerCanWriteAStructuredDiagnosticEvent
 33/649 Test  #33: LoggerTest.CallerCanWriteAStructuredDiagnosticEvent ....................................................   Passed    0.00 sec
        Start  34: LoggerTest.WorkerMakesAcceptedEventsVisibleWithoutExplicitFlush
 34/649 Test  #34: LoggerTest.WorkerMakesAcceptedEventsVisibleWithoutExplicitFlush ........................................   Passed    0.01 sec
        Start  35: LoggerTest.WorkerDrainsAndFlushesBatchedEventsWithoutExplicitFlush
 35/649 Test  #35: LoggerTest.WorkerDrainsAndFlushesBatchedEventsWithoutExplicitFlush .....................................   Passed    0.02 sec
        Start  36: LoggerTest.CallerCanAttachTrustedCorrelationContext
 36/649 Test  #36: LoggerTest.CallerCanAttachTrustedCorrelationContext ....................................................   Passed    0.00 sec
        Start  37: LoggerTest.MetricsExposeDeliveryAndValidationState
 37/649 Test  #37: LoggerTest.MetricsExposeDeliveryAndValidationState .....................................................   Passed    0.00 sec
        Start  38: LoggerTest.MetricsServerPublishesPrometheusEndpoint
 38/649 Test  #38: LoggerTest.MetricsServerPublishesPrometheusEndpoint ....................................................   Passed    0.00 sec
        Start  39: LoggerTest.RuntimePolicyFiltersModulesAndSamplesOnlyLowPriorityEvents
 39/649 Test  #39: LoggerTest.RuntimePolicyFiltersModulesAndSamplesOnlyLowPriorityEvents ..................................   Passed    0.00 sec
        Start  40: LoggerTest.DevelopmentCanFallBackToStderrButProductionFailsClosed
 40/649 Test  #40: LoggerTest.DevelopmentCanFallBackToStderrButProductionFailsClosed ......................................   Passed    0.00 sec
        Start  41: MetricsRegistryTest.CounterAddRendersTypeLineAndCumulativeValue
 41/649 Test  #41: MetricsRegistryTest.CounterAddRendersTypeLineAndCumulativeValue ........................................   Passed    0.00 sec
        Start  42: MetricsRegistryTest.CounterSetPublishesPolledCumulativeValue
 42/649 Test  #42: MetricsRegistryTest.CounterSetPublishesPolledCumulativeValue ...........................................   Passed    0.00 sec
        Start  43: MetricsRegistryTest.GaugeSetWithLabelsRendersLabelSeries
 43/649 Test  #43: MetricsRegistryTest.GaugeSetWithLabelsRendersLabelSeries ...............................................   Passed    0.00 sec
        Start  44: MetricsRegistryTest.HistogramRendersBucketsSumAndCount
 44/649 Test  #44: MetricsRegistryTest.HistogramRendersBucketsSumAndCount .................................................   Passed    0.00 sec
        Start  45: MetricsRegistryTest.RenderIsSortedByMetricNameThenLabelSeries
 45/649 Test  #45: MetricsRegistryTest.RenderIsSortedByMetricNameThenLabelSeries ..........................................   Passed    0.00 sec
        Start  46: MetricsRegistryTest.LabelValuesAreEscaped
 46/649 Test  #46: MetricsRegistryTest.LabelValuesAreEscaped ..............................................................   Passed    0.00 sec
        Start  47: MetricsRegistryTest.ConcurrentUpdatesKeepCountsConsistent
 47/649 Test  #47: MetricsRegistryTest.ConcurrentUpdatesKeepCountsConsistent ..............................................   Passed    0.00 sec
        Start  48: BudgetPublishPolicyTest.FirstPublishAlwaysPublishes
 48/649 Test  #48: BudgetPublishPolicyTest.FirstPublishAlwaysPublishes ....................................................   Passed    0.00 sec
        Start  49: BudgetPublishPolicyTest.UnchangedSnapshotNeverRepublishes
 49/649 Test  #49: BudgetPublishPolicyTest.UnchangedSnapshotNeverRepublishes ..............................................   Passed    0.00 sec
        Start  50: BudgetPublishPolicyTest.ChangeBeyondThresholdPublishesImmediately
 50/649 Test  #50: BudgetPublishPolicyTest.ChangeBeyondThresholdPublishesImmediately ......................................   Passed    0.00 sec
        Start  51: BudgetPublishPolicyTest.ChangeWithinThresholdWaitsForInterval
 51/649 Test  #51: BudgetPublishPolicyTest.ChangeWithinThresholdWaitsForInterval ..........................................   Passed    0.00 sec
        Start  52: BudgetPublishPolicyTest.DropToZeroAndGrowthFromZeroAreBeyondThreshold
 52/649 Test  #52: BudgetPublishPolicyTest.DropToZeroAndGrowthFromZeroAreBeyondThreshold ..................................   Passed    0.00 sec
        Start  53: BudgetPublishPolicyTest.FetchChangeTriggersOnItsOwn
 53/649 Test  #53: BudgetPublishPolicyTest.FetchChangeTriggersOnItsOwn ....................................................   Passed    0.00 sec
        Start  54: BudgetPublishPolicyTest.FetchPresenceMismatchCountsAsChange
 54/649 Test  #54: BudgetPublishPolicyTest.FetchPresenceMismatchCountsAsChange ............................................   Passed    0.00 sec
        Start  55: BudgetPublishPolicyTest.ReturnToFullPublishesImmediately
 55/649 Test  #55: BudgetPublishPolicyTest.ReturnToFullPublishesImmediately ...............................................   Passed    0.00 sec
        Start  56: BudgetKeyTest.BuildsBudgetKeyFromTypeAndInstance
 56/649 Test  #56: BudgetKeyTest.BuildsBudgetKeyFromTypeAndInstance .......................................................   Passed    0.00 sec
        Start  57: InstanceBudgetReporterTest.PublishesFirstSnapshotUnderRegistrationLease
 57/649 Test  #57: InstanceBudgetReporterTest.PublishesFirstSnapshotUnderRegistrationLease ................................   Passed    0.00 sec
        Start  58: InstanceBudgetReporterTest.SkipsUnchangedSnapshot
 58/649 Test  #58: InstanceBudgetReporterTest.SkipsUnchangedSnapshot ......................................................   Passed    0.00 sec
        Start  59: InstanceBudgetReporterTest.HoldsSubThresholdChangeWithinInterval
 59/649 Test  #59: InstanceBudgetReporterTest.HoldsSubThresholdChangeWithinInterval .......................................   Passed    0.00 sec
        Start  60: InstanceBudgetReporterTest.RepublishesBeyondThresholdImmediately
 60/649 Test  #60: InstanceBudgetReporterTest.RepublishesBeyondThresholdImmediately .......................................   Passed    0.00 sec
        Start  61: InstanceBudgetReporterTest.RetriesFailedPublishAfterInterval
 61/649 Test  #61: InstanceBudgetReporterTest.RetriesFailedPublishAfterInterval ...........................................   Passed    0.00 sec
        Start  62: InstanceBudgetReporterTest.RealmReporterOmitsFetchFree
 62/649 Test  #62: InstanceBudgetReporterTest.RealmReporterOmitsFetchFree .................................................   Passed    0.00 sec
        Start  63: InstanceBudgetReporterTest.UnknownRegistrationFailsWithoutRetry
 63/649 Test  #63: InstanceBudgetReporterTest.UnknownRegistrationFailsWithoutRetry ........................................   Passed    0.00 sec
        Start  64: InstanceBudgetReporterTest.FailedWriteNotifiesSinkNotThrottledRetries
 64/649 Test  #64: InstanceBudgetReporterTest.FailedWriteNotifiesSinkNotThrottledRetries ..................................   Passed    0.00 sec
        Start  65: EtcdServiceRegistryTest.RegistersRefreshesAndRevokesLeasedInstance
 65/649 Test  #65: EtcdServiceRegistryTest.RegistersRefreshesAndRevokesLeasedInstance .....................................   Passed    0.00 sec
        Start  66: EtcdServiceRegistryTest.RejectsDuplicateInstanceAtomically
 66/649 Test  #66: EtcdServiceRegistryTest.RejectsDuplicateInstanceAtomically .............................................   Passed    0.00 sec
        Start  67: EtcdServiceRegistryTest.DiscoversAndDecodesMultiProtocolEndpoints
 67/649 Test  #67: EtcdServiceRegistryTest.DiscoversAndDecodesMultiProtocolEndpoints ......................................   Passed    0.00 sec
        Start  68: EtcdServiceRegistryTest.PublishesSnapshotChangesToWatchers
 68/649 Test  #68: EtcdServiceRegistryTest.PublishesSnapshotChangesToWatchers .............................................   Passed    0.00 sec
        Start  69: EtcdServiceRegistryTest.PutLeasedWritesKeyUnderRegistrationLease
 69/649 Test  #69: EtcdServiceRegistryTest.PutLeasedWritesKeyUnderRegistrationLease .......................................   Passed    0.00 sec
        Start  70: EtcdServiceRegistryTest.PutLeasedUnknownRegistrationReturnsFalse
 70/649 Test  #70: EtcdServiceRegistryTest.PutLeasedUnknownRegistrationReturnsFalse .......................................   Passed    0.00 sec
        Start  71: EtcdServiceRegistryTest.RefreshRewritesLeasedKeysUnderNewLease
 71/649 Test  #71: EtcdServiceRegistryTest.RefreshRewritesLeasedKeysUnderNewLease .........................................   Passed    0.00 sec
        Start  72: EtcdServiceRegistryTest.PutLeasedFailureOfNewKeyIsNotTracked
 72/649 Test  #72: EtcdServiceRegistryTest.PutLeasedFailureOfNewKeyIsNotTracked ...........................................   Passed    0.00 sec
        Start  73: EtcdServiceRegistryTest.PutLeasedFailureKeepsPreviousTrackedValue
 73/649 Test  #73: EtcdServiceRegistryTest.PutLeasedFailureKeepsPreviousTrackedValue ......................................   Passed    0.00 sec
        Start  74: ServiceRegistryTest.RegistersAndDiscoversByServiceType
 74/649 Test  #74: ServiceRegistryTest.RegistersAndDiscoversByServiceType .................................................   Passed    0.00 sec
        Start  75: ServiceRegistryTest.RejectsDuplicateServiceInstanceKey
 75/649 Test  #75: ServiceRegistryTest.RejectsDuplicateServiceInstanceKey .................................................   Passed    0.00 sec
        Start  76: ServiceRegistryTest.PublishesAddedAndRemovedWatchEvents
 76/649 Test  #76: ServiceRegistryTest.PublishesAddedAndRemovedWatchEvents ................................................   Passed    0.00 sec
        Start  77: ServiceRegistryTest.ExpiredRegistrationDisappearsAndCannotRefresh
 77/649 Test  #77: ServiceRegistryTest.ExpiredRegistrationDisappearsAndCannotRefresh ......................................   Passed    0.00 sec
        Start  78: ServiceRegistryTest.RejectsNonPositiveLeaseTtl
 78/649 Test  #78: ServiceRegistryTest.RejectsNonPositiveLeaseTtl .........................................................   Passed    0.00 sec
        Start  79: ServiceRegistryTest.ResolverTracksAddedAndRemovedEndpoints
 79/649 Test  #79: ServiceRegistryTest.ResolverTracksAddedAndRemovedEndpoints .............................................   Passed    0.00 sec
        Start  80: ServiceRegistryTest.ResolverReceivesInstancesPresentBeforeSubscription
 80/649 Test  #80: ServiceRegistryTest.ResolverReceivesInstancesPresentBeforeSubscription .................................   Passed    0.00 sec
        Start  81: ServiceRegistryTest.PublisherRegistersAndUnregistersWithItsLifetime
 81/649 Test  #81: ServiceRegistryTest.PublisherRegistersAndUnregistersWithItsLifetime ....................................   Passed    0.00 sec
        Start  82: LayeredConfigTest.ServiceLayerOverridesCommon
 82/649 Test  #82: LayeredConfigTest.ServiceLayerOverridesCommon ..........................................................   Passed    0.01 sec
        Start  83: LayeredConfigTest.CliOverridesInstanceIdentity
 83/649 Test  #83: LayeredConfigTest.CliOverridesInstanceIdentity .........................................................   Passed    0.00 sec
        Start  84: LayeredConfigTest.ParsesSharedPlayerDataDeployment
 84/649 Test  #84: LayeredConfigTest.ParsesSharedPlayerDataDeployment .....................................................   Passed    0.00 sec
        Start  85: LayeredConfigTest.RequiresDatabaseWhenUriIsSet
 85/649 Test  #85: LayeredConfigTest.RequiresDatabaseWhenUriIsSet .........................................................   Passed    0.00 sec
        Start  86: LayeredConfigTest.PrivatePlayerDataUriOverridesDefaultWithoutLuaOsAccess
 86/649 Test  #86: LayeredConfigTest.PrivatePlayerDataUriOverridesDefaultWithoutLuaOsAccess ...............................   Passed    0.00 sec
        Start  87: LayeredConfigTest.UnsetPlayerDataUriEnvironmentPreservesLocalDefault
 87/649 Test  #87: LayeredConfigTest.UnsetPlayerDataUriEnvironmentPreservesLocalDefault ...................................   Passed    0.00 sec
        Start  88: LayeredConfigTest.MissingPrivatePlayerDataUriFailsWithoutDefault
 88/649 Test  #88: LayeredConfigTest.MissingPrivatePlayerDataUriFailsWithoutDefault .......................................   Passed    0.00 sec
        Start  89: LayeredConfigTest.EmptyPrivatePlayerDataUriFailsInsteadOfConnectingLocally
 89/649 Test  #89: LayeredConfigTest.EmptyPrivatePlayerDataUriFailsInsteadOfConnectingLocally .............................   Passed    0.00 sec
        Start  90: LayeredConfigTest.RejectsRetiredSqlitePlayerDataKeys
 90/649 Test  #90: LayeredConfigTest.RejectsRetiredSqlitePlayerDataKeys ...................................................   Passed    0.00 sec
        Start  91: LayeredConfigTest.RejectsUnknownCredentialHashCost
 91/649 Test  #91: LayeredConfigTest.RejectsUnknownCredentialHashCost .....................................................   Passed    0.00 sec
        Start  92: LayeredConfigTest.MissingServiceFileThrows
 92/649 Test  #92: LayeredConfigTest.MissingServiceFileThrows .............................................................   Passed    0.00 sec
        Start  93: MeshHostE2ETest.AllInOneStartsAndStopsCleanly
 93/649 Test  #93: MeshHostE2ETest.AllInOneStartsAndStopsCleanly ..........................................................   Passed    1.57 sec
        Start  94: MeshHostTest.StartsWavesAndGatesEntryUntilAllReady
 94/649 Test  #94: MeshHostTest.StartsWavesAndGatesEntryUntilAllReady .....................................................   Passed    0.01 sec
        Start  95: MeshHostTest.FailureRecyclesStartedServicesInReverse
 95/649 Test  #95: MeshHostTest.FailureRecyclesStartedServicesInReverse ...................................................   Passed    0.01 sec
        Start  96: MeshHostTest.FailureBeforeFinalWaveNeverConstructsEntry
 96/649 Test  #96: MeshHostTest.FailureBeforeFinalWaveNeverConstructsEntry ................................................   Passed    0.01 sec
        Start  97: MeshHostTest.ServiceLookupThrowsForUnknownName
 97/649 Test  #97: MeshHostTest.ServiceLookupThrowsForUnknownName .........................................................   Passed    0.01 sec
        Start  98: Mode2Test.SingleServiceNarrowsTopologyAndAppliesOverrides
 98/649 Test  #98: Mode2Test.SingleServiceNarrowsTopologyAndAppliesOverrides ..............................................   Passed    0.00 sec
        Start  99: Mode2Test.RetiredLoginServiceFailsAtStartup
 99/649 Test  #99: Mode2Test.RetiredLoginServiceFailsAtStartup ............................................................   Passed    1.39 sec
        Start 100: Mode2Test.SingleServiceMeshStartsAndRuns
100/649 Test #100: Mode2Test.SingleServiceMeshStartsAndRuns ...............................................................   Passed    1.38 sec
        Start 101: Mode2Test.GatewayDoesNotStartWithoutRealm
101/649 Test #101: Mode2Test.GatewayDoesNotStartWithoutRealm ..............................................................   Passed    1.32 sec
        Start 102: Mode2Test.GatewayStartsAfterFallbackDependenciesAreReachable
102/649 Test #102: Mode2Test.GatewayStartsAfterFallbackDependenciesAreReachable ...........................................   Passed    1.43 sec
        Start 103: ObservabilityArtifactsTest.AlertRulesReferenceExposedMetrics
103/649 Test #103: ObservabilityArtifactsTest.AlertRulesReferenceExposedMetrics ...........................................   Passed    0.01 sec
        Start 104: ObservabilityArtifactsTest.DashboardsReferenceExposedMetrics
104/649 Test #104: ObservabilityArtifactsTest.DashboardsReferenceExposedMetrics ...........................................   Passed    0.01 sec
        Start 105: ObservabilityArtifactsTest.DashboardsPinPrometheusDatasource
105/649 Test #105: ObservabilityArtifactsTest.DashboardsPinPrometheusDatasource ...........................................   Passed    0.01 sec
        Start 106: ServiceFrameEdgeBudgetTest.PublishesCapacityThenConsumesOnAttach
106/649 Test #106: ServiceFrameEdgeBudgetTest.PublishesCapacityThenConsumesOnAttach .......................................   Passed    0.01 sec
        Start 107: ServiceFrameEdgeBudgetTest.AttachAcceptancePreservesWireContract
107/649 Test #107: ServiceFrameEdgeBudgetTest.AttachAcceptancePreservesWireContract .......................................   Passed    0.05 sec
        Start 108: ServiceFrameEdgeBudgetTest.AttachRejectionsPreserveWireContract
108/649 Test #108: ServiceFrameEdgeBudgetTest.AttachRejectionsPreserveWireContract ........................................   Passed    0.05 sec
        Start 109: ServiceFrameEdgeBudgetTest.CredentialFailuresKeepRawCredentialsAndJtiOutOfTelemetry
109/649 Test #109: ServiceFrameEdgeBudgetTest.CredentialFailuresKeepRawCredentialsAndJtiOutOfTelemetry ....................   Passed    0.05 sec
        Start 110: ServiceFrameEdgeBudgetTest.ReplayedJtiPreservesWireRejection
110/649 Test #110: ServiceFrameEdgeBudgetTest.ReplayedJtiPreservesWireRejection ...........................................   Passed    0.04 sec
        Start 111: ServiceFrameEdgeBudgetTest.RetiredMessageIdIsRefused
111/649 Test #111: ServiceFrameEdgeBudgetTest.RetiredMessageIdIsRefused ...................................................   Passed    0.03 sec
        Start 112: ServiceFrameEdgeBudgetTest.OutOfBudgetAttachIsRejectedWithoutConsuming
112/649 Test #112: ServiceFrameEdgeBudgetTest.OutOfBudgetAttachIsRejectedWithoutConsuming .................................   Passed    0.04 sec
        Start 113: ServiceFrameEdgeBudgetTest.StoppedFetchPublishesUnavailableBudgetAndStopsGateway
113/649 Test #113: ServiceFrameEdgeBudgetTest.StoppedFetchPublishesUnavailableBudgetAndStopsGateway .......................   Passed    0.01 sec
        Start 114: ServiceFrameEdgeBudgetTest.FetchSuccessTransitionsToHandedOff
114/649 Test #114: ServiceFrameEdgeBudgetTest.FetchSuccessTransitionsToHandedOff ..........................................   Passed    0.02 sec
        Start 115: ServiceFrameEdgeBudgetTest.GrantIssuedThenGraceCloses
115/649 Test #115: ServiceFrameEdgeBudgetTest.GrantIssuedThenGraceCloses ..................................................   Passed    0.08 sec
        Start 116: ServiceFrameEdgeBudgetTest.RealPeerCloseReturnsBothBudgets
116/649 Test #116: ServiceFrameEdgeBudgetTest.RealPeerCloseReturnsBothBudgets .............................................   Passed    0.01 sec
        Start 117: ServiceFrameEdgeBudgetTest.NoEndpointClosesWithoutGrant
117/649 Test #117: ServiceFrameEdgeBudgetTest.NoEndpointClosesWithoutGrant ................................................   Passed    0.02 sec
        Start 118: ServiceFrameEdgeBudgetTest.StaticDownstreamGrantsWithoutDiscovery
118/649 Test #118: ServiceFrameEdgeBudgetTest.StaticDownstreamGrantsWithoutDiscovery ......................................   Passed    0.05 sec
        Start 119: ServiceFrameEdgeBudgetTest.DiscoveredRealmEndpointWinsOverStaticFallback
119/649 Test #119: ServiceFrameEdgeBudgetTest.DiscoveredRealmEndpointWinsOverStaticFallback ...............................   Passed    0.07 sec
        Start 120: ServiceFrameEdgeBudgetTest.ExhaustedFetchClosesAndReturnsBudgets
120/649 Test #120: ServiceFrameEdgeBudgetTest.ExhaustedFetchClosesAndReturnsBudgets .......................................   Passed    0.24 sec
        Start 121: ServiceFrameEdgeBudgetTest.MetricsFollowPipelineStagesAndFetch
121/649 Test #121: ServiceFrameEdgeBudgetTest.MetricsFollowPipelineStagesAndFetch .........................................   Passed    0.63 sec
        Start 122: ServiceFrameEdgeBudgetTest.MetricsCountRetriesAndReplayRejections
122/649 Test #122: ServiceFrameEdgeBudgetTest.MetricsCountRetriesAndReplayRejections ......................................   Passed    0.26 sec
        Start 123: ServiceFrameRealmEnterTest.EnterRealmRedeemsTicketAndAcceptsSession
123/649 Test #123: ServiceFrameRealmEnterTest.EnterRealmRedeemsTicketAndAcceptsSession ....................................   Passed    0.09 sec
        Start 124: ServiceFrameRealmEnterTest.EnterRealmTicketIsSingleConsume
124/649 Test #124: ServiceFrameRealmEnterTest.EnterRealmTicketIsSingleConsume .............................................   Passed    0.11 sec
        Start 125: ServiceFrameRealmEnterTest.ResubmissionOnSameSessionCloses
125/649 Test #125: ServiceFrameRealmEnterTest.ResubmissionOnSameSessionCloses .............................................   Passed    0.09 sec
        Start 126: ServiceFrameRealmEnterTest.InvalidTicketBytesDecline
126/649 Test #126: ServiceFrameRealmEnterTest.InvalidTicketBytesDecline ...................................................   Passed    0.04 sec
        Start 127: ServiceFrameRealmEnterTest.RetiredMessageIdIsRefused
127/649 Test #127: ServiceFrameRealmEnterTest.RetiredMessageIdIsRefused ...................................................   Passed    0.04 sec
        Start 128: ServiceFrameRealmEnterTest.MessageBeforeEnterRealmIsRefused
128/649 Test #128: ServiceFrameRealmEnterTest.MessageBeforeEnterRealmIsRefused ............................................   Passed    0.03 sec
        Start 129: ServiceFrameRealmEnterTest.WrongPurposeTicketDeclines
129/649 Test #129: ServiceFrameRealmEnterTest.WrongPurposeTicketDeclines ..................................................   Passed    0.03 sec
        Start 130: ServiceFrameRealmEnterTest.ForeignRealmClaimDeclines
130/649 Test #130: ServiceFrameRealmEnterTest.ForeignRealmClaimDeclines ...................................................   Passed    0.03 sec
        Start 131: ServiceFrameRealmEnterTest.ExpiredTicketDeclines
131/649 Test #131: ServiceFrameRealmEnterTest.ExpiredTicketDeclines .......................................................   Passed    0.03 sec
        Start 132: ServiceFrameRealmEnterTest.RealmFrameRequiresRealmSessions
132/649 Test #132: ServiceFrameRealmEnterTest.RealmFrameRequiresRealmSessions .............................................   Passed    0.01 sec
        Start 133: ServiceFrameRealmEnterTest.EnteredSessionDispatchesRealmMessages
133/649 Test #133: ServiceFrameRealmEnterTest.EnteredSessionDispatchesRealmMessages .......................................   Passed    0.09 sec
        Start 134: ServiceFrameRealmEnterTest.UnsupportedMessageKeepsEnteredSession
134/649 Test #134: ServiceFrameRealmEnterTest.UnsupportedMessageKeepsEnteredSession .......................................   Passed    0.11 sec
        Start 135: ServiceFrameRealmEnterTest.SecondSessionDisplacesFirst
135/649 Test #135: ServiceFrameRealmEnterTest.SecondSessionDisplacesFirst .................................................   Passed    0.15 sec
        Start 136: ServiceFrameRealmEnterTest.ConnFreeBudgetTracksConnections
136/649 Test #136: ServiceFrameRealmEnterTest.ConnFreeBudgetTracksConnections .............................................   Passed    0.06 sec
        Start 137: ServiceHostTest.StartsRuntimeAndReadiesWithoutDiscovery
137/649 Test #137: ServiceHostTest.StartsRuntimeAndReadiesWithoutDiscovery ................................................   Passed    0.01 sec
        Start 138: ServiceHostTest.RuntimeStopClearsReadinessOnNextTick
138/649 Test #138: ServiceHostTest.RuntimeStopClearsReadinessOnNextTick ...................................................   Passed    0.01 sec
        Start 139: ServiceHostTest.GatewayIdentitySeedFailsBeforeRuntimeConstruction
139/649 Test #139: ServiceHostTest.GatewayIdentitySeedFailsBeforeRuntimeConstruction ......................................   Passed    0.01 sec
        Start 140: ServiceHostTest.UnknownServiceNameWithDiscoveryThrows
140/649 Test #140: ServiceHostTest.UnknownServiceNameWithDiscoveryThrows ..................................................   Passed    0.01 sec
        Start 141: ServiceHostTest.RequiredRegistrationFailureThrows
141/649 Test #141: ServiceHostTest.RequiredRegistrationFailureThrows ......................................................   Passed    1.42 sec
        Start 142: ServiceHostTest.RealmWithoutPlayerDataThrows
142/649 Test #142: ServiceHostTest.RealmWithoutPlayerDataThrows ...........................................................   Passed    0.01 sec
        Start 143: ServiceHostTest.EscapesGaugeLabelSpecialCharacters
143/649 Test #143: ServiceHostTest.EscapesGaugeLabelSpecialCharacters .....................................................   Passed    0.01 sec
        Start 144: ServiceHostTest.HttpMetricsExposeServiceReadiness
144/649 Test #144: ServiceHostTest.HttpMetricsExposeServiceReadiness ......................................................   Passed    0.01 sec
        Start 145: StartupTopologyTest.IndependentServicesShareFirstWave
145/649 Test #145: StartupTopologyTest.IndependentServicesShareFirstWave ..................................................   Passed    0.00 sec
        Start 146: StartupTopologyTest.ChainSplitsIntoWaves
146/649 Test #146: StartupTopologyTest.ChainSplitsIntoWaves ...............................................................   Passed    0.00 sec
        Start 147: StartupTopologyTest.EntryServiceIsAlwaysInTheFinalWave
147/649 Test #147: StartupTopologyTest.EntryServiceIsAlwaysInTheFinalWave .................................................   Passed    0.00 sec
        Start 148: StartupTopologyTest.RejectsServicesDependingOnAnEntry
148/649 Test #148: StartupTopologyTest.RejectsServicesDependingOnAnEntry ..................................................   Passed    0.00 sec
        Start 149: StartupTopologyTest.CycleThrows
149/649 Test #149: StartupTopologyTest.CycleThrows ........................................................................   Passed    0.00 sec
        Start 150: StartupTopologyTest.UnknownDependencyThrows
150/649 Test #150: StartupTopologyTest.UnknownDependencyThrows ............................................................   Passed    0.00 sec
        Start 151: ConfigsLoadSmokeTest.LoginServiceConfigIsGone
151/649 Test #151: ConfigsLoadSmokeTest.LoginServiceConfigIsGone ..........................................................   Passed    0.00 sec
        Start 152: ConfigsLoadSmokeTest.EveryServiceConfigLoadsThroughLayeredLoader
152/649 Test #152: ConfigsLoadSmokeTest.EveryServiceConfigLoadsThroughLayeredLoader .......................................   Passed    0.00 sec
        Start 153: ConfigsLoadSmokeTest.LoginVerifyConfigLoadsThroughDedicatedLoader
153/649 Test #153: ConfigsLoadSmokeTest.LoginVerifyConfigLoadsThroughDedicatedLoader ......................................   Passed    0.00 sec
        Start 154: ConfigsLoadSmokeTest.QueueConfigLoadsThroughDedicatedLoader
154/649 Test #154: ConfigsLoadSmokeTest.QueueConfigLoadsThroughDedicatedLoader ............................................   Passed    0.00 sec
        Start 155: ConfigsLoadSmokeTest.GatewayAdmissionConfigLoadsAndValidates
155/649 Test #155: ConfigsLoadSmokeTest.GatewayAdmissionConfigLoadsAndValidates ...........................................   Passed    0.00 sec
        Start 156: ConfigsLoadSmokeTest.EveryConfigFileCompilesInLuaRuntime
156/649 Test #156: ConfigsLoadSmokeTest.EveryConfigFileCompilesInLuaRuntime ...............................................   Passed    0.00 sec
        Start 157: AdaptivePollerTest.TiersFollowSpecThresholds
157/649 Test #157: AdaptivePollerTest.TiersFollowSpecThresholds ...........................................................   Passed    0.00 sec
        Start 158: AdaptivePollerTest.JitterStaysWithinTwentyPercentAndHonoursFloor
158/649 Test #158: AdaptivePollerTest.JitterStaysWithinTwentyPercentAndHonoursFloor .......................................   Passed    0.00 sec
        Start 159: AdaptivePollerTest.BackoffDoublesAfterThresholdAndCaps
159/649 Test #159: AdaptivePollerTest.BackoffDoublesAfterThresholdAndCaps .................................................   Passed    0.00 sec
        Start 160: AdaptivePollerTest.EstimatesEtaFromPositionOverRate
160/649 Test #160: AdaptivePollerTest.EstimatesEtaFromPositionOverRate ....................................................   Passed    0.00 sec
        Start 161: AdaptivePollerTest.DefaultJitterSourceVariesWithinUnitInterval
161/649 Test #161: AdaptivePollerTest.DefaultJitterSourceVariesWithinUnitInterval .........................................   Passed    0.00 sec
        Start 162: LoginChainTest.HappyPathWalksSevenStatesAndFillsCredentials
162/649 Test #162: LoginChainTest.HappyPathWalksSevenStatesAndFillsCredentials ............................................   Passed    0.06 sec
        Start 163: LoginChainTest.VerifyRejectionReturnsToIdle
163/649 Test #163: LoginChainTest.VerifyRejectionReturnsToIdle ............................................................   Passed    0.00 sec
        Start 164: LoginChainTest.BusyVerifierIsRetriedAfterSuggestedDelay
164/649 Test #164: LoginChainTest.BusyVerifierIsRetriedAfterSuggestedDelay ................................................   Passed    1.07 sec
        Start 165: LoginChainTest.TicketRejectionReturnsToIdleBeforePolling
165/649 Test #165: LoginChainTest.TicketRejectionReturnsToIdleBeforePolling ...............................................   Passed    0.01 sec
        Start 166: LoginChainTest.ExpiredNumberTokenRestartsLoginAutomatically
166/649 Test #166: LoginChainTest.ExpiredNumberTokenRestartsLoginAutomatically ............................................   Passed    0.01 sec
        Start 167: LoginChainTest.ExpiredAdmissionGrantRestartsLogin
167/649 Test #167: LoginChainTest.ExpiredAdmissionGrantRestartsLogin ......................................................   Passed    0.00 sec
        Start 168: LoginChainTest.HandoffRejectionRetriesGatewayWithinGrace
168/649 Test #168: LoginChainTest.HandoffRejectionRetriesGatewayWithinGrace ...............................................   Passed    0.01 sec
        Start 169: LoginChainTest.TerminalHandoffRejectionFailsChainWithoutRetry
169/649 Test #169: LoginChainTest.TerminalHandoffRejectionFailsChainWithoutRetry ..........................................   Passed    0.00 sec
        Start 170: LoginChainTest.TerminalAttachRejectionFailsChainWithoutRetry
170/649 Test #170: LoginChainTest.TerminalAttachRejectionFailsChainWithoutRetry ...........................................   Passed    0.00 sec
        Start 171: LoginChainTest.GatewayFailureRetriesWithinGraceThenSucceeds
171/649 Test #171: LoginChainTest.GatewayFailureRetriesWithinGraceThenSucceeds ............................................   Passed    0.01 sec
        Start 172: LoginChainTest.AttachRejectionRetriesGatewayWithinGrace
172/649 Test #172: LoginChainTest.AttachRejectionRetriesGatewayWithinGrace ................................................   Passed    0.00 sec
        Start 173: LoginChainTest.ExhaustedAdmitGraceRetakesTicket
173/649 Test #173: LoginChainTest.ExhaustedAdmitGraceRetakesTicket ........................................................   Passed    0.00 sec
        Start 174: LoginChainTest.RealmTicketWindowExhaustionReturnsToGateway
174/649 Test #174: LoginChainTest.RealmTicketWindowExhaustionReturnsToGateway .............................................   Passed    0.00 sec
        Start 175: LoginChainTest.ChainUsesPollerIntervalForWaiting
175/649 Test #175: LoginChainTest.ChainUsesPollerIntervalForWaiting .......................................................   Passed    0.01 sec
        Start 176: LoginChainTest.EtaComesFromLatestProgress
176/649 Test #176: LoginChainTest.EtaComesFromLatestProgress ..............................................................   Passed    0.05 sec
        Start 177: LoginChainTest.FirstQueryAdmitsWithoutWaitingForProgress
177/649 Test #177: LoginChainTest.FirstQueryAdmitsWithoutWaitingForProgress ...............................................   Passed    0.01 sec
        Start 178: LoginChainTest.EveryTransportOperationReceivesOneAbsoluteDeadline
178/649 Test #178: LoginChainTest.EveryTransportOperationReceivesOneAbsoluteDeadline ......................................   Passed    0.03 sec
        Start 179: LoginChainTest.CredentialExpiryOnAttachReleasesGatewaySession
179/649 Test #179: LoginChainTest.CredentialExpiryOnAttachReleasesGatewaySession ..........................................   Passed    0.01 sec
        Start 180: LoginChainTest.AdmitTimeoutReturnsToIdle
180/649 Test #180: LoginChainTest.AdmitTimeoutReturnsToIdle ...............................................................   Passed    0.25 sec
        Start 181: LoginChainTest.EveryTargetStopsAtItsExactCheckpoint
181/649 Test #181: LoginChainTest.EveryTargetStopsAtItsExactCheckpoint ....................................................   Passed    0.01 sec
        Start 182: LoginChainTest.GatewaySoakRejectsPastHorizonAndClosesBeforeSuccess
182/649 Test #182: LoginChainTest.GatewaySoakRejectsPastHorizonAndClosesBeforeSuccess .....................................   Passed    0.01 sec
        Start 183: LoginChainTest.GatewaySoakTreatsAbsoluteDeadlineAsSuccessfulHorizon
183/649 Test #183: LoginChainTest.GatewaySoakTreatsAbsoluteDeadlineAsSuccessfulHorizon ....................................   Passed    0.04 sec
        Start 184: LoginChainTest.ExpiredAbsoluteDeadlineFailsBeforeAnyIo
184/649 Test #184: LoginChainTest.ExpiredAbsoluteDeadlineFailsBeforeAnyIo .................................................   Passed    0.00 sec
        Start 185: LoginChainTest.PollingProfilesShareStateAndFallbackSemantics
185/649 Test #185: LoginChainTest.PollingProfilesShareStateAndFallbackSemantics ...........................................   Passed    0.03 sec
        Start 186: LoginChainTest.FullTransfersRealmSessionUntilResultDestruction
186/649 Test #186: LoginChainTest.FullTransfersRealmSessionUntilResultDestruction .........................................   Passed    0.00 sec
        Start 187: LoginChainTest.StageNamesMatchSpecVocabulary
187/649 Test #187: LoginChainTest.StageNamesMatchSpecVocabulary ...........................................................   Passed    0.00 sec
        Start 188: WireEnterRealmRedeemerTest.Sends1304AndAccepts1305
188/649 Test #188: WireEnterRealmRedeemerTest.Sends1304AndAccepts1305 .....................................................   Passed    0.01 sec
        Start 189: WireEnterRealmRedeemerTest.MapsEdgeErrorToEnterRealmRejected
189/649 Test #189: WireEnterRealmRedeemerTest.MapsEdgeErrorToEnterRealmRejected ...........................................   Passed    0.01 sec
        Start 190: WireEnterRealmRedeemerTest.MapsBadFrameToEnterRealmRejected
190/649 Test #190: WireEnterRealmRedeemerTest.MapsBadFrameToEnterRealmRejected ............................................   Passed    0.01 sec
        Start 191: WireEnterRealmRedeemerTest.MapsUndecodableAcceptedToEnterRealmRejected
191/649 Test #191: WireEnterRealmRedeemerTest.MapsUndecodableAcceptedToEnterRealmRejected .................................   Passed    0.00 sec
        Start 192: WireEnterRealmRedeemerTest.MapsTimeoutToEnterRealmRejected
192/649 Test #192: WireEnterRealmRedeemerTest.MapsTimeoutToEnterRealmRejected .............................................   Passed    0.00 sec
        Start 193: WireLoginTransportIntegrationTest.DrivesLoginChainOverRealTls
193/649 Test #193: WireLoginTransportIntegrationTest.DrivesLoginChainOverRealTls ..........................................   Passed    0.25 sec
        Start 194: WireLoginTransportIntegrationTest.AttachRejectionRestartsLogin
194/649 Test #194: WireLoginTransportIntegrationTest.AttachRejectionRestartsLogin .........................................   Passed    0.25 sec
        Start 195: WireLoginTransportIntegrationTest.NotEligibleDeclineFailsChainWithoutRetry
195/649 Test #195: WireLoginTransportIntegrationTest.NotEligibleDeclineFailsChainWithoutRetry .............................   Passed    0.16 sec
        Start 196: WireLoginTransportIntegrationTest.PlayerDataUnavailableDeclineRestartsLogin
196/649 Test #196: WireLoginTransportIntegrationTest.PlayerDataUnavailableDeclineRestartsLogin ............................   Passed    1.25 sec
        Start 197: WireLoginTransportIntegrationTest.NonExpiryUnauthorizedIsTransient
197/649 Test #197: WireLoginTransportIntegrationTest.NonExpiryUnauthorizedIsTransient .....................................   Passed    0.06 sec
        Start 198: WireLoginTransportIntegrationTest.RealmRejectsForeignTicketAtPortLevel
198/649 Test #198: WireLoginTransportIntegrationTest.RealmRejectsForeignTicketAtPortLevel .................................   Passed    0.02 sec
        Start 199: WireLoginTransportIntegrationTest.RealmApiRoundTripsOverRealTls
199/649 Test #199: WireLoginTransportIntegrationTest.RealmApiRoundTripsOverRealTls ........................................   Passed    0.12 sec
        Start 200: LengthFieldCodecTest.EncodesFourByteBigEndianLength
200/649 Test #200: LengthFieldCodecTest.EncodesFourByteBigEndianLength ....................................................   Passed    0.00 sec
        Start 201: LengthFieldCodecTest.WaitsForAFragmentedFrameWithoutConsumingData
201/649 Test #201: LengthFieldCodecTest.WaitsForAFragmentedFrameWithoutConsumingData ......................................   Passed    0.00 sec
        Start 202: LengthFieldCodecTest.DecodesCoalescedFramesOneAtATime
202/649 Test #202: LengthFieldCodecTest.DecodesCoalescedFramesOneAtATime ..................................................   Passed    0.00 sec
        Start 203: LengthFieldCodecTest.SupportsAnEmptyPayload
203/649 Test #203: LengthFieldCodecTest.SupportsAnEmptyPayload ............................................................   Passed    0.00 sec
        Start 204: LengthFieldCodecTest.ReportsOversizedFrameWithoutAllocatingPayload
204/649 Test #204: LengthFieldCodecTest.ReportsOversizedFrameWithoutAllocatingPayload .....................................   Passed    0.00 sec
        Start 205: LengthFieldCodecTest.RefusesToEncodeOversizedPayload
205/649 Test #205: LengthFieldCodecTest.RefusesToEncodeOversizedPayload ...................................................   Passed    0.00 sec
        Start 206: PreferredTransportConnectorTest.ReturnsQuicWithoutStartingTlsWhenFast
206/649 Test #206: PreferredTransportConnectorTest.ReturnsQuicWithoutStartingTlsWhenFast ..................................   Passed    0.01 sec
        Start 207: PreferredTransportConnectorTest.StartsTlsAfterDelayAndFirstSecureWins
207/649 Test #207: PreferredTransportConnectorTest.StartsTlsAfterDelayAndFirstSecureWins ..................................   Passed    0.03 sec
        Start 208: PreferredTransportConnectorTest.DoesNotFallbackOnCertificateFailure
208/649 Test #208: PreferredTransportConnectorTest.DoesNotFallbackOnCertificateFailure ....................................   Passed    0.01 sec
        Start 209: PreferredTransportConnectorTest.CachesNetworkQuicFailureUntilNetworkChanges
209/649 Test #209: PreferredTransportConnectorTest.CachesNetworkQuicFailureUntilNetworkChanges ............................   Passed    0.02 sec
        Start 210: ExtractJsonStringFieldTest.ReadsIdentityTokenFromVerifyResponse
210/649 Test #210: ExtractJsonStringFieldTest.ReadsIdentityTokenFromVerifyResponse ........................................   Passed    0.00 sec
        Start 211: ExtractJsonStringFieldTest.ReadsAdmissionGrantFromNestedAdmitObject
211/649 Test #211: ExtractJsonStringFieldTest.ReadsAdmissionGrantFromNestedAdmitObject ....................................   Passed    0.00 sec
        Start 212: ExtractJsonStringFieldTest.RejectsMalformedValues
212/649 Test #212: ExtractJsonStringFieldTest.RejectsMalformedValues ......................................................   Passed    0.00 sec
        Start 213: ExtractJsonIntFieldTest.ReadsNumbersFromTicketsResponse
213/649 Test #213: ExtractJsonIntFieldTest.ReadsNumbersFromTicketsResponse ................................................   Passed    0.00 sec
        Start 214: TlsTcpClientDialerTest.QuicCandidateIsUnsupportedAndFallbackPermitted
214/649 Test #214: TlsTcpClientDialerTest.QuicCandidateIsUnsupportedAndFallbackPermitted ..................................   Passed    0.00 sec
        Start 215: TlsTcpClientDialerTest.RefusedTlsTcpDialIsNetworkUnreachable
215/649 Test #215: TlsTcpClientDialerTest.RefusedTlsTcpDialIsNetworkUnreachable ...........................................   Passed    0.00 sec
        Start 216: TcpListenerTest.AcceptsANonBlockingLoopbackConnection
216/649 Test #216: TcpListenerTest.AcceptsANonBlockingLoopbackConnection ..................................................   Passed    0.00 sec
        Start 217: TcpListenerTest.AcceptsIpv4ThroughAnIpv6DualStackListener
217/649 Test #217: TcpListenerTest.AcceptsIpv4ThroughAnIpv6DualStackListener ..............................................   Passed    0.00 sec
        Start 218: TcpListenerTest.AcceptDropsConnectionResetBeforeAccept
218/649 Test #218: TcpListenerTest.AcceptDropsConnectionResetBeforeAccept .................................................   Passed    0.19 sec
        Start 219: TcpPlatformTest.IgnoresSigpipeProcessWide
219/649 Test #219: TcpPlatformTest.IgnoresSigpipeProcessWide ..............................................................   Passed    0.01 sec
        Start 220: EventLoopTest.CreatesAPlatformBackend
220/649 Test #220: EventLoopTest.CreatesAPlatformBackend ..................................................................   Passed    0.01 sec
        Start 221: EventLoopTest.ReportsListenerAsReadableWhenClientConnects
221/649 Test #221: EventLoopTest.ReportsListenerAsReadableWhenClientConnects ..............................................   Passed    0.01 sec
        Start 222: EventLoopTest.StopsReportingAfterRemove
222/649 Test #222: EventLoopTest.StopsReportingAfterRemove ................................................................   Passed    0.11 sec
        Start 223: EventLoopTest.ReportsPeerClosedWhenThePeerStopsWriting
223/649 Test #223: EventLoopTest.ReportsPeerClosedWhenThePeerStopsWriting .................................................   Passed    0.01 sec
        Start 224: EventLoopTest.ReportsWritableOnlyWhileWriteInterestIsRegistered
224/649 Test #224: EventLoopTest.ReportsWritableOnlyWhileWriteInterestIsRegistered ........................................   Passed    0.12 sec
        Start 225: TransportProtocolTest.UsesStablePublicWireNamesAndValues
225/649 Test #225: TransportProtocolTest.UsesStablePublicWireNamesAndValues ...............................................   Passed    0.01 sec
        Start 226: TransportFactoryTest.CreatesOnlyEnabledSecureTransports
226/649 Test #226: TransportFactoryTest.CreatesOnlyEnabledSecureTransports ................................................   Passed    0.01 sec
        Start 227: TransportFactoryTest.RejectsDuplicateEnabledNames
227/649 Test #227: TransportFactoryTest.RejectsDuplicateEnabledNames ......................................................   Passed    0.01 sec
        Start 228: TransportFactoryTest.RejectsSecureTransportWithoutServerIdentity
228/649 Test #228: TransportFactoryTest.RejectsSecureTransportWithoutServerIdentity .......................................   Passed    0.00 sec
        Start 229: TransportFactoryTest.RejectsEmptyTlsAlpn
229/649 Test #229: TransportFactoryTest.RejectsEmptyTlsAlpn ...............................................................   Passed    0.00 sec
        Start 230: TransportFactoryTest.ServesOnlyTlsFallbackWithoutQuicCapability
230/649 Test #230: TransportFactoryTest.ServesOnlyTlsFallbackWithoutQuicCapability ........................................   Passed    0.00 sec
        Start 231: TransportCapabilitiesTest.AlwaysServesSecureTlsTcp
231/649 Test #231: TransportCapabilitiesTest.AlwaysServesSecureTlsTcp .....................................................   Passed    0.00 sec
        Start 232: TlsTcpTransportTest.NegotiatesTls13AndAlpnBeforeExchangingFrames
232/649 Test #232: TlsTcpTransportTest.NegotiatesTls13AndAlpnBeforeExchangingFrames .......................................   Passed    0.05 sec
        Start 233: TlsTcpTransportTest.DoesNotOpenASessionWithoutRequiredAlpn
233/649 Test #233: TlsTcpTransportTest.DoesNotOpenASessionWithoutRequiredAlpn .............................................   Passed    1.24 sec
        Start 234: TlsTcpTransportTest.WritingToAResetPeerFailsWithoutTerminatingProcess
234/649 Test #234: TlsTcpTransportTest.WritingToAResetPeerFailsWithoutTerminatingProcess ..................................   Passed    0.02 sec
        Start 235: TlsTcpTransportTest.ClientWritingToAClosedServerFailsWithoutTerminatingProcess
235/649 Test #235: TlsTcpTransportTest.ClientWritingToAClosedServerFailsWithoutTerminatingProcess .........................   Passed    0.02 sec
        Start 236: TlsTcpTransportTest.ClientReadIgnoresOpenSslErrorsLeftByAnotherConnection
236/649 Test #236: TlsTcpTransportTest.ClientReadIgnoresOpenSslErrorsLeftByAnotherConnection ..............................   Passed    0.11 sec
        Start 237: TlsTcpTransportTest.ServerIgnoresOpenSslErrorsLeftByAnotherConnection
237/649 Test #237: TlsTcpTransportTest.ServerIgnoresOpenSslErrorsLeftByAnotherConnection ..................................   Passed    0.17 sec
        Start 238: Http1ParserTest.ParsesSimpleGetRequest
238/649 Test #238: Http1ParserTest.ParsesSimpleGetRequest .................................................................   Passed    0.01 sec
        Start 239: Http1ParserTest.ParsesPostRequestWithBody
239/649 Test #239: Http1ParserTest.ParsesPostRequestWithBody ..............................................................   Passed    0.00 sec
        Start 240: Http1ParserTest.AssemblesARequestFedByteByByte
240/649 Test #240: Http1ParserTest.AssemblesARequestFedByteByByte .........................................................   Passed    0.00 sec
        Start 241: Http1ParserTest.ProducesTheSameRequestAcrossChunkBoundaries
241/649 Test #241: Http1ParserTest.ProducesTheSameRequestAcrossChunkBoundaries ............................................   Passed    0.00 sec
        Start 242: Http1ParserTest.ParsesPipelinedRequestsSequentially
242/649 Test #242: Http1ParserTest.ParsesPipelinedRequestsSequentially ....................................................   Passed    0.00 sec
        Start 243: Http1ParserTest.NormalizesHeaderNamesToLowercaseForLookup
243/649 Test #243: Http1ParserTest.NormalizesHeaderNamesToLowercaseForLookup ..............................................   Passed    0.00 sec
        Start 244: Http1ParserTest.HonorsConnectionClose
244/649 Test #244: Http1ParserTest.HonorsConnectionClose ..................................................................   Passed    0.00 sec
        Start 245: Http1ParserTest.RejectsProtocolViolationsDeterministically
245/649 Test #245: Http1ParserTest.RejectsProtocolViolationsDeterministically .............................................   Passed    0.00 sec
        Start 246: Http1ParserTest.RejectsOversizedBodyBeforeItArrives
246/649 Test #246: Http1ParserTest.RejectsOversizedBodyBeforeItArrives ....................................................   Passed    0.00 sec
        Start 247: Http1ParserTest.RejectsOversizedHeadBlocks
247/649 Test #247: Http1ParserTest.RejectsOversizedHeadBlocks .............................................................   Passed    0.00 sec
        Start 248: Http1ParserTest.ReportsMaxInputBound
248/649 Test #248: Http1ParserTest.ReportsMaxInputBound ...................................................................   Passed    0.00 sec
        Start 249: Http1ParserTest.ParsesCoDeliveredHeadAndLargeBody
249/649 Test #249: Http1ParserTest.ParsesCoDeliveredHeadAndLargeBody ......................................................   Passed    0.00 sec
        Start 250: Http1ParserTest.AfterRejectionSubsequentBytesProduceNoSecondRequest
250/649 Test #250: Http1ParserTest.AfterRejectionSubsequentBytesProduceNoSecondRequest ....................................   Passed    0.00 sec
        Start 251: Http1ResponseTest.SerializesStatusHeadersAndBody
251/649 Test #251: Http1ResponseTest.SerializesStatusHeadersAndBody .......................................................   Passed    0.00 sec
        Start 252: Http1ResponseTest.WritesCloseAndEmptyBody
252/649 Test #252: Http1ResponseTest.WritesCloseAndEmptyBody ..............................................................   Passed    0.00 sec
        Start 253: Http1ResponseTest.UsesReasonPhraseTable
253/649 Test #253: Http1ResponseTest.UsesReasonPhraseTable ................................................................   Passed    0.00 sec
        Start 254: Http1ResponseParserTest.ParsesOkResponseWithBody
254/649 Test #254: Http1ResponseParserTest.ParsesOkResponseWithBody .......................................................   Passed    0.00 sec
        Start 255: Http1ResponseParserTest.ParsesStatusOnlyResponseWithReason
255/649 Test #255: Http1ResponseParserTest.ParsesStatusOnlyResponseWithReason .............................................   Passed    0.00 sec
        Start 256: Http1ResponseParserTest.AssemblesAResponseFedByteByByte
256/649 Test #256: Http1ResponseParserTest.AssemblesAResponseFedByteByByte ................................................   Passed    0.00 sec
        Start 257: Http1ResponseParserTest.TreatsMissingContentLengthAsEmptyBody
257/649 Test #257: Http1ResponseParserTest.TreatsMissingContentLengthAsEmptyBody ..........................................   Passed    0.00 sec
        Start 258: Http1ResponseParserTest.LeavesPipelinedRemainderInBuffer
258/649 Test #258: Http1ResponseParserTest.LeavesPipelinedRemainderInBuffer ...............................................   Passed    0.00 sec
        Start 259: Http1ResponseParserTest.RejectsTransferEncoding
259/649 Test #259: Http1ResponseParserTest.RejectsTransferEncoding ........................................................   Passed    0.00 sec
        Start 260: Http1ResponseParserTest.RejectsDuplicateContentLength
260/649 Test #260: Http1ResponseParserTest.RejectsDuplicateContentLength ..................................................   Passed    0.00 sec
        Start 261: Http1ResponseParserTest.RejectsBodyBeyondLimit
261/649 Test #261: Http1ResponseParserTest.RejectsBodyBeyondLimit .........................................................   Passed    0.00 sec
        Start 262: Http1ResponseParserTest.RejectsHeadBeyondLimit
262/649 Test #262: Http1ResponseParserTest.RejectsHeadBeyondLimit .........................................................   Passed    0.00 sec
        Start 263: Http1ResponseParserTest.HoldsBodyUntilContentLengthSatisfied
263/649 Test #263: Http1ResponseParserTest.HoldsBodyUntilContentLengthSatisfied ...........................................   Passed    0.00 sec
        Start 264: Http1ResponseParserTest.SlowDripHeadStillHitsSizeLimit
264/649 Test #264: Http1ResponseParserTest.SlowDripHeadStillHitsSizeLimit .................................................   Passed    0.00 sec
        Start 265: Http1ResponseParserTest.RejectsHttp10Response
265/649 Test #265: Http1ResponseParserTest.RejectsHttp10Response ..........................................................   Passed    0.00 sec
        Start 266: Http1ResponseParserTest.RejectsGarbageStatusLine
266/649 Test #266: Http1ResponseParserTest.RejectsGarbageStatusLine .......................................................   Passed    0.00 sec
        Start 267: Http1ResponseParserTest.HeaderLookupIsCaseInsensitiveOnStruct
267/649 Test #267: Http1ResponseParserTest.HeaderLookupIsCaseInsensitiveOnStruct ..........................................   Passed    0.00 sec
        Start 268: HttpServerTest.ServesKeepAliveRequestsOverTls13WithAlpn
268/649 Test #268: HttpServerTest.ServesKeepAliveRequestsOverTls13WithAlpn ................................................   Passed    0.07 sec
        Start 269: HttpServerTest.RejectsUnsupportedVersionThenCloses
269/649 Test #269: HttpServerTest.RejectsUnsupportedVersionThenCloses .....................................................   Passed    0.03 sec
        Start 270: HttpServerTest.HonorsClientRequestedClose
270/649 Test #270: HttpServerTest.HonorsClientRequestedClose ..............................................................   Passed    0.03 sec
        Start 271: HttpServerTest.DeferredResponseHoldsPipelinedRequestsUntilCompleted
271/649 Test #271: HttpServerTest.DeferredResponseHoldsPipelinedRequestsUntilCompleted ....................................   Passed    0.18 sec
        Start 272: HttpServerTest.CompletingAfterConnectionClosedReturnsFalse
272/649 Test #272: HttpServerTest.CompletingAfterConnectionClosedReturnsFalse .............................................   Passed    0.14 sec
        Start 273: HttpServerTest.DeferredResponseSurvivesClientHalfClose
273/649 Test #273: HttpServerTest.DeferredResponseSurvivesClientHalfClose .................................................   Passed    0.18 sec
        Start 274: HttpServerTest.DeferringHandlerMayAnswerImmediately
274/649 Test #274: HttpServerTest.DeferringHandlerMayAnswerImmediately ....................................................   Passed    0.06 sec
        Start 275: QuicTransportTest.ExchangesAFramedMessageOverOneVerifiedStream
275/649 Test #275: QuicTransportTest.ExchangesAFramedMessageOverOneVerifiedStream .........................................   Passed    0.06 sec
        Start 276: AccountStoreTest.AuthenticatesValidAccountWithDerivedId
276/649 Test #276: AccountStoreTest.AuthenticatesValidAccountWithDerivedId ................................................   Passed    0.00 sec
        Start 277: AccountStoreTest.HonorsPinnedAccountId
277/649 Test #277: AccountStoreTest.HonorsPinnedAccountId .................................................................   Passed    0.00 sec
        Start 278: AccountStoreTest.WrongCredentialReturnsNothing
278/649 Test #278: AccountStoreTest.WrongCredentialReturnsNothing .........................................................   Passed    0.00 sec
        Start 279: AccountStoreTest.UnknownAccountReturnsNothing
279/649 Test #279: AccountStoreTest.UnknownAccountReturnsNothing ..........................................................   Passed    0.00 sec
        Start 280: AccountStoreTest.ExposesBannedFlag
280/649 Test #280: AccountStoreTest.ExposesBannedFlag .....................................................................   Passed    0.00 sec
        Start 281: AccountStoreTest.ExposesWhitelistFlags
281/649 Test #281: AccountStoreTest.ExposesWhitelistFlags .................................................................   Passed    0.00 sec
        Start 282: AccountStoreTest.LoadsEmptyAccountsTable
282/649 Test #282: AccountStoreTest.LoadsEmptyAccountsTable ...............................................................   Passed    0.00 sec
        Start 283: AccountStoreTest.RejectsDuplicateAccountName
283/649 Test #283: AccountStoreTest.RejectsDuplicateAccountName ...........................................................   Passed    0.00 sec
        Start 284: AccountStoreTest.RejectsDuplicateAccountId
284/649 Test #284: AccountStoreTest.RejectsDuplicateAccountId .............................................................   Passed    0.00 sec
        Start 285: AccountStoreTest.RejectsMissingCredentialField
285/649 Test #285: AccountStoreTest.RejectsMissingCredentialField .........................................................   Passed    0.00 sec
        Start 286: AccountStoreTest.RejectsNonStringCredential
286/649 Test #286: AccountStoreTest.RejectsNonStringCredential ............................................................   Passed    0.00 sec
        Start 287: AccountStoreTest.RejectsNonPositiveAccountId
287/649 Test #287: AccountStoreTest.RejectsNonPositiveAccountId ...........................................................   Passed    0.00 sec
        Start 288: AccountStoreTest.RejectsMissingFile
288/649 Test #288: AccountStoreTest.RejectsMissingFile ....................................................................   Passed    0.00 sec
        Start 289: AccountStoreTest.RejectsRootWithoutAccountsTable
289/649 Test #289: AccountStoreTest.RejectsRootWithoutAccountsTable .......................................................   Passed    0.00 sec
        Start 290: PlayerDataStoreTest.PersistsAccountAndSelectedCharacterAcrossReconnect
290/649 Test #290: PlayerDataStoreTest.PersistsAccountAndSelectedCharacterAcrossReconnect .................................   Passed    1.71 sec
        Start 291: PlayerDataStoreTest.CommittedAccessUpdatesAreVisibleToOtherStores
291/649 Test #291: PlayerDataStoreTest.CommittedAccessUpdatesAreVisibleToOtherStores ......................................   Passed    1.76 sec
        Start 292: PlayerDataStoreTest.PreservesFullUnsignedDomainIds
292/649 Test #292: PlayerDataStoreTest.PreservesFullUnsignedDomainIds .....................................................   Passed    1.42 sec
        Start 293: PlayerDataStoreTest.RejectsSelectingCharacterOwnedByAnotherAccount
293/649 Test #293: PlayerDataStoreTest.RejectsSelectingCharacterOwnedByAnotherAccount .....................................   Passed    1.41 sec
        Start 294: PlayerDataStoreTest.BootstrapsLegacyConfigOnlyWhenDatabaseIsEmpty
294/649 Test #294: PlayerDataStoreTest.BootstrapsLegacyConfigOnlyWhenDatabaseIsEmpty ......................................   Passed    1.40 sec
        Start 295: PlayerDataStoreTest.AnyProcessOpeningAnEmptyDatabaseRunsTheBootstrap
295/649 Test #295: PlayerDataStoreTest.AnyProcessOpeningAnEmptyDatabaseRunsTheBootstrap ...................................   Passed    1.76 sec
        Start 296: PlayerDataStoreTest.PopulatedDatabaseSkipsBootstrapWithoutReadingTheFile
296/649 Test #296: PlayerDataStoreTest.PopulatedDatabaseSkipsBootstrapWithoutReadingTheFile ...............................   Passed    1.71 sec
        Start 297: PlayerDataStoreTest.CredentialHashCostIsRecordedInTheStoredHash
297/649 Test #297: PlayerDataStoreTest.CredentialHashCostIsRecordedInTheStoredHash ........................................   Passed    2.07 sec
        Start 298: PlayerDataStoreTest.RejectsReassigningCharacterOwnership
298/649 Test #298: PlayerDataStoreTest.RejectsReassigningCharacterOwnership ...............................................   Passed    1.29 sec
        Start 299: PlayerDataStoreTest.RejectsAccountNameTakenByAnotherId
299/649 Test #299: PlayerDataStoreTest.RejectsAccountNameTakenByAnotherId .................................................   Passed    1.37 sec
        Start 300: PlayerDataStoreTest.ReprovisioningAccountKeepsSelectedCharacter
300/649 Test #300: PlayerDataStoreTest.ReprovisioningAccountKeepsSelectedCharacter ........................................   Passed    1.36 sec
        Start 301: PlayerDataStoreTest.ConcurrentFirstStartsImportTheBootstrapOnce
301/649 Test #301: PlayerDataStoreTest.ConcurrentFirstStartsImportTheBootstrapOnce ........................................   Passed    2.27 sec
        Start 302: PlayerDataStoreTest.AccountWithoutCharactersIsEligible
302/649 Test #302: PlayerDataStoreTest.AccountWithoutCharactersIsEligible .................................................   Passed    1.71 sec
        Start 303: PlayerDataStoreTest.CreatedCharacterStartsAtZeroAndIsListedInOrder
303/649 Test #303: PlayerDataStoreTest.CreatedCharacterStartsAtZeroAndIsListedInOrder .....................................   Passed    1.77 sec
        Start 304: PlayerDataStoreTest.CharacterNamesAreUniquePerRealm
304/649 Test #304: PlayerDataStoreTest.CharacterNamesAreUniquePerRealm ....................................................   Passed    2.26 sec
        Start 305: PlayerDataStoreTest.CharacterCountIsLimitedPerAccountAndRealm
305/649 Test #305: PlayerDataStoreTest.CharacterCountIsLimitedPerAccountAndRealm ..........................................   Passed    1.78 sec
        Start 306: PlayerDataStoreTest.ConcurrentCreatesNeverExceedTheLimit
306/649 Test #306: PlayerDataStoreTest.ConcurrentCreatesNeverExceedTheLimit ...............................................   Passed    1.72 sec
        Start 307: PlayerDataStoreTest.ConcurrentSameNameCreatesHaveOneWinner
307/649 Test #307: PlayerDataStoreTest.ConcurrentSameNameCreatesHaveOneWinner .............................................   Passed    3.27 sec
        Start 308: PlayerDataStoreTest.ChoosingVerifiesOwnershipAndRecordsLastSelected
308/649 Test #308: PlayerDataStoreTest.ChoosingVerifiesOwnershipAndRecordsLastSelected ....................................   Passed    2.22 sec
        Start 309: PlayerDataStoreTest.TrainingWriteIsConditionalOnThePreviousSeq
309/649 Test #309: PlayerDataStoreTest.TrainingWriteIsConditionalOnThePreviousSeq .........................................   Passed    1.70 sec
        Start 310: PlayerDataStoreTest.MigratesSchemaOneCharacters
310/649 Test #310: PlayerDataStoreTest.MigratesSchemaOneCharacters ........................................................   Passed    1.87 sec
        Start 311: PlayerDataStoreTest.RefusesSchemaNewerThanThisBinary
311/649 Test #311: PlayerDataStoreTest.RefusesSchemaNewerThanThisBinary ...................................................   Passed    1.97 sec
        Start 312: PlayerDataStoreTest.UnreachableDeploymentFailsWithinServerSelectionTimeout
312/649 Test #312: PlayerDataStoreTest.UnreachableDeploymentFailsWithinServerSelectionTimeout .............................   Passed    1.43 sec
        Start 313: PlayerDataStoreTest.RejectsTimeoutsEmbeddedInTheUri
313/649 Test #313: PlayerDataStoreTest.RejectsTimeoutsEmbeddedInTheUri ....................................................   Passed    1.39 sec
        Start 314: AdmissionGrantTest.RoundTripsStrictDeploymentBoundSchema
314/649 Test #314: AdmissionGrantTest.RoundTripsStrictDeploymentBoundSchema ...............................................   Passed    0.00 sec
        Start 315: AdmissionGrantTest.CapsExpiryAtBoundIdentityExpiry
315/649 Test #315: AdmissionGrantTest.CapsExpiryAtBoundIdentityExpiry .....................................................   Passed    0.00 sec
        Start 316: AdmissionGrantTest.RejectsWrongDeploymentIssuerBindingAndUnknownKid
316/649 Test #316: AdmissionGrantTest.RejectsWrongDeploymentIssuerBindingAndUnknownKid ....................................   Passed    0.00 sec
        Start 317: AdmissionGrantTest.RejectsStrictSchemaAndTimeWindowViolations
317/649 Test #317: AdmissionGrantTest.RejectsStrictSchemaAndTimeWindowViolations ..........................................   Passed    0.00 sec
        Start 318: AdmissionGrantTest.AcceptsConfiguredRotationOverlap
318/649 Test #318: AdmissionGrantTest.AcceptsConfiguredRotationOverlap ....................................................   Passed    0.00 sec
        Start 319: AdmissionGrantTest.RejectsExpiredFutureAndMalformedTokens
319/649 Test #319: AdmissionGrantTest.RejectsExpiredFutureAndMalformedTokens ..............................................   Passed    0.00 sec
        Start 320: AdmissionGrantTest.QueueNumberCannotValidateAsGrant
320/649 Test #320: AdmissionGrantTest.QueueNumberCannotValidateAsGrant ....................................................   Passed    0.00 sec
        Start 321: AdmissionGrantTest.GrantCannotValidateAsQueueNumberEvenWithSharedKey
321/649 Test #321: AdmissionGrantTest.GrantCannotValidateAsQueueNumberEvenWithSharedKey ...................................   Passed    0.00 sec
        Start 322: AdmissionGrantTest.RejectsUnsafePolicyRingAndTimes
322/649 Test #322: AdmissionGrantTest.RejectsUnsafePolicyRingAndTimes .....................................................   Passed    0.00 sec
        Start 323: AdmissionSecurityConfigTest.AcceptsSeparatedRolesAndRotationRings
323/649 Test #323: AdmissionSecurityConfigTest.AcceptsSeparatedRolesAndRotationRings ......................................   Passed    0.00 sec
        Start 324: AdmissionSecurityConfigTest.RejectsMissingActiveSigningRole
324/649 Test #324: AdmissionSecurityConfigTest.RejectsMissingActiveSigningRole ............................................   Passed    0.00 sec
        Start 325: AdmissionSecurityConfigTest.RejectsDuplicateAndUnknownActiveKeys
325/649 Test #325: AdmissionSecurityConfigTest.RejectsDuplicateAndUnknownActiveKeys .......................................   Passed    0.00 sec
        Start 326: AdmissionSecurityConfigTest.RejectsRoleConfusedKidOrSigningMaterial
326/649 Test #326: AdmissionSecurityConfigTest.RejectsRoleConfusedKidOrSigningMaterial ....................................   Passed    0.00 sec
        Start 327: AdmissionSecurityConfigTest.RejectsUnsafeBoundsAndIdentifiers
327/649 Test #327: AdmissionSecurityConfigTest.RejectsUnsafeBoundsAndIdentifiers ..........................................   Passed    0.00 sec
        Start 328: AdmissionSecurityConfigTest.ParsesPublicKeysStrictly
328/649 Test #328: AdmissionSecurityConfigTest.ParsesPublicKeysStrictly ...................................................   Passed    0.00 sec
        Start 329: Base64UrlTest.EncodesRfc4648TestVectorsWithoutPadding
329/649 Test #329: Base64UrlTest.EncodesRfc4648TestVectorsWithoutPadding ..................................................   Passed    0.00 sec
        Start 330: Base64UrlTest.DecodesRfc4648TestVectors
330/649 Test #330: Base64UrlTest.DecodesRfc4648TestVectors ................................................................   Passed    0.00 sec
        Start 331: Base64UrlTest.RoundTripsEveryLength
331/649 Test #331: Base64UrlTest.RoundTripsEveryLength ....................................................................   Passed    0.00 sec
        Start 332: Base64UrlTest.RejectsPaddingWhitespaceAndNonAlphabetCharacters
332/649 Test #332: Base64UrlTest.RejectsPaddingWhitespaceAndNonAlphabetCharacters .........................................   Passed    0.00 sec
        Start 333: Base64UrlTest.RejectsImpossibleLengths
333/649 Test #333: Base64UrlTest.RejectsImpossibleLengths .................................................................   Passed    0.00 sec
        Start 334: Base64UrlTest.RejectsNonCanonicalRemainderBits
334/649 Test #334: Base64UrlTest.RejectsNonCanonicalRemainderBits .........................................................   Passed    0.00 sec
        Start 335: CompactJwsTest.EncodeProducesCompactThreeSegments
335/649 Test #335: CompactJwsTest.EncodeProducesCompactThreeSegments ......................................................   Passed    0.00 sec
        Start 336: CompactJwsTest.DecodeRoundTripsVerifiedPayload
336/649 Test #336: CompactJwsTest.DecodeRoundTripsVerifiedPayload .........................................................   Passed    0.00 sec
        Start 337: CompactJwsTest.CurrentDecodeAcceptsTokenOverFourKiB
337/649 Test #337: CompactJwsTest.CurrentDecodeAcceptsTokenOverFourKiB ....................................................   Passed    0.00 sec
        Start 338: CompactJwsTest.CurrentDecodeRejectsVerifiedPayloadAboveJsonLimit
338/649 Test #338: CompactJwsTest.CurrentDecodeRejectsVerifiedPayloadAboveJsonLimit .......................................   Passed    0.00 sec
        Start 339: CompactJwsTest.DecodeRejectsWrongKid
339/649 Test #339: CompactJwsTest.DecodeRejectsWrongKid ...................................................................   Passed    0.00 sec
        Start 340: CompactJwsTest.DecodeRejectsTamperedPayload
340/649 Test #340: CompactJwsTest.DecodeRejectsTamperedPayload ............................................................   Passed    0.00 sec
        Start 341: CompactJwsTest.DecodeRejectsForeignKey
341/649 Test #341: CompactJwsTest.DecodeRejectsForeignKey .................................................................   Passed    0.00 sec
        Start 342: CompactJwsTest.DecodeRejectsMalformedSegmentCount
342/649 Test #342: CompactJwsTest.DecodeRejectsMalformedSegmentCount ......................................................   Passed    0.00 sec
        Start 343: CompactJwsTest.DecodeRejectsHeaderSchemaViolations
343/649 Test #343: CompactJwsTest.DecodeRejectsHeaderSchemaViolations .....................................................   Passed    0.00 sec
        Start 344: CompactJwsTest.ClockLeewayIsSharedConstant
344/649 Test #344: CompactJwsTest.ClockLeewayIsSharedConstant .............................................................   Passed    0.00 sec
        Start 345: CompactJwsTest.ParseSeedRejectsBadHex
345/649 Test #345: CompactJwsTest.ParseSeedRejectsBadHex ..................................................................   Passed    0.00 sec
        Start 346: EdgeAttachProtocolTest.AttachRoundTripsTokens
346/649 Test #346: EdgeAttachProtocolTest.AttachRoundTripsTokens ..........................................................   Passed    0.00 sec
        Start 347: EdgeAttachProtocolTest.AttachAcceptedRoundTripsAccountId
347/649 Test #347: EdgeAttachProtocolTest.AttachAcceptedRoundTripsAccountId ...............................................   Passed    0.00 sec
        Start 348: EdgeAttachProtocolTest.AttachErrorCodesFollowSpec
348/649 Test #348: EdgeAttachProtocolTest.AttachErrorCodesFollowSpec ......................................................   Passed    0.00 sec
        Start 349: EdgeAttachProtocolTest.EnterRealmRoundTripsTicket
349/649 Test #349: EdgeAttachProtocolTest.EnterRealmRoundTripsTicket ......................................................   Passed    0.00 sec
        Start 350: EdgeAttachProtocolTest.EnterRealmAcceptedRoundTripsAccountId
350/649 Test #350: EdgeAttachProtocolTest.EnterRealmAcceptedRoundTripsAccountId ...........................................   Passed    0.00 sec
        Start 351: EdgeAttachProtocolTest.EnterRealmGrantedRoundTripsTicketAndEndpoint
351/649 Test #351: EdgeAttachProtocolTest.EnterRealmGrantedRoundTripsTicketAndEndpoint ....................................   Passed    0.00 sec
        Start 352: RealmProtocolTest.ListCharactersCarriesIdAndRequestId
352/649 Test #352: RealmProtocolTest.ListCharactersCarriesIdAndRequestId ..................................................   Passed    0.00 sec
        Start 353: RealmProtocolTest.CharacterListRoundTripsItemsAndLastSelected
353/649 Test #353: RealmProtocolTest.CharacterListRoundTripsItemsAndLastSelected ..........................................   Passed    0.00 sec
        Start 354: RealmProtocolTest.TrainResultRoundTripsReplayedFlag
354/649 Test #354: RealmProtocolTest.TrainResultRoundTripsReplayedFlag ....................................................   Passed    0.00 sec
        Start 355: RealmProtocolTest.DisplacedIsAServerPush
355/649 Test #355: RealmProtocolTest.DisplacedIsAServerPush ...............................................................   Passed    0.00 sec
        Start 356: RealmProtocolTest.EdgeAndRealmIdsDoNotOverlap
356/649 Test #356: RealmProtocolTest.EdgeAndRealmIdsDoNotOverlap ..........................................................   Passed    0.00 sec
        Start 357: RealmProtocolTest.DecodeRejectsWrongMessageId
357/649 Test #357: RealmProtocolTest.DecodeRejectsWrongMessageId ..........................................................   Passed    0.00 sec
        Start 358: RealmProtocolTest.ErrorCodesFollowSpec
358/649 Test #358: RealmProtocolTest.ErrorCodesFollowSpec .................................................................   Passed    0.00 sec
        Start 359: IdentityReplayGuardTest.ConsumesOnceAndRejectsReplay
359/649 Test #359: IdentityReplayGuardTest.ConsumesOnceAndRejectsReplay ...................................................   Passed    0.00 sec
        Start 360: IdentityReplayGuardTest.DistinctJtiAreIndependent
360/649 Test #360: IdentityReplayGuardTest.DistinctJtiAreIndependent ......................................................   Passed    0.00 sec
        Start 361: IdentityReplayGuardTest.ExpiredEntriesAreEvictedNotReplayed
361/649 Test #361: IdentityReplayGuardTest.ExpiredEntriesAreEvictedNotReplayed ............................................   Passed    0.00 sec
        Start 362: IdentityReplayGuardTest.ReplayWithinLeewayAfterExpiryIsRejected
362/649 Test #362: IdentityReplayGuardTest.ReplayWithinLeewayAfterExpiryIsRejected ........................................   Passed    0.00 sec
        Start 363: IdentityReplayGuardTest.ReplayAtExactLeewayBoundaryIsRejected
363/649 Test #363: IdentityReplayGuardTest.ReplayAtExactLeewayBoundaryIsRejected ..........................................   Passed    0.00 sec
        Start 364: IdentityTokenTest.IssuesDeterministicCompactJwsWithControlledHeader
364/649 Test #364: IdentityTokenTest.IssuesDeterministicCompactJwsWithControlledHeader ....................................   Passed    0.00 sec
        Start 365: IdentityTokenTest.RoundTripsClaimsThroughValidate
365/649 Test #365: IdentityTokenTest.RoundTripsClaimsThroughValidate ......................................................   Passed    0.00 sec
        Start 366: IdentityTokenTest.AcceptsInteropFixturesFromNodeAndPyjwt
366/649 Test #366: IdentityTokenTest.AcceptsInteropFixturesFromNodeAndPyjwt ...............................................   Passed    0.00 sec
        Start 367: IdentityTokenTest.RejectsTamperedInteropFixtures
367/649 Test #367: IdentityTokenTest.RejectsTamperedInteropFixtures .......................................................   Passed    0.00 sec
        Start 368: IdentityTokenTest.RejectsAnyTamperedSegment
368/649 Test #368: IdentityTokenTest.RejectsAnyTamperedSegment ............................................................   Passed    0.00 sec
        Start 369: IdentityTokenTest.RejectsStructuralGarbage
369/649 Test #369: IdentityTokenTest.RejectsStructuralGarbage .............................................................   Passed    0.00 sec
        Start 370: IdentityTokenTest.RejectsWrongExpectedIssuer
370/649 Test #370: IdentityTokenTest.RejectsWrongExpectedIssuer ...........................................................   Passed    0.00 sec
        Start 371: IdentityTokenTest.RejectsForeignAlgorithmTypAndUnsignedTokens
371/649 Test #371: IdentityTokenTest.RejectsForeignAlgorithmTypAndUnsignedTokens ..........................................   Passed    0.00 sec
        Start 372: IdentityTokenTest.RejectsPinnedAudienceAndPurpose
372/649 Test #372: IdentityTokenTest.RejectsPinnedAudienceAndPurpose ......................................................   Passed    0.00 sec
        Start 373: IdentityTokenTest.RejectsForeignKid
373/649 Test #373: IdentityTokenTest.RejectsForeignKid ....................................................................   Passed    0.00 sec
        Start 374: IdentityTokenTest.RejectsMalformedSub
374/649 Test #374: IdentityTokenTest.RejectsMalformedSub ..................................................................   Passed    0.00 sec
        Start 375: IdentityTokenTest.EnforcesLowercaseHexJti
375/649 Test #375: IdentityTokenTest.EnforcesLowercaseHexJti ..............................................................   Passed    0.00 sec
        Start 376: IdentityTokenTest.RejectsExactKeySetViolations
376/649 Test #376: IdentityTokenTest.RejectsExactKeySetViolations .........................................................   Passed    0.00 sec
        Start 377: IdentityTokenTest.RejectsTokenSignedByDifferentKey
377/649 Test #377: IdentityTokenTest.RejectsTokenSignedByDifferentKey .....................................................   Passed    0.00 sec
        Start 378: IdentityTokenTest.EnforcesExpiryLeewayBoundary
378/649 Test #378: IdentityTokenTest.EnforcesExpiryLeewayBoundary .........................................................   Passed    0.00 sec
        Start 379: IdentityTokenTest.EnforcesIssuedAtLeewayBoundary
379/649 Test #379: IdentityTokenTest.EnforcesIssuedAtLeewayBoundary .......................................................   Passed    0.00 sec
        Start 380: IdentityTokenTest.JwksMatchesOkpShapeWithRfc8037VectorKey
380/649 Test #380: IdentityTokenTest.JwksMatchesOkpShapeWithRfc8037VectorKey ..............................................   Passed    0.00 sec
        Start 381: IdentityTokenTest.ParsesSeedHexStrictly
381/649 Test #381: IdentityTokenTest.ParsesSeedHexStrictly ................................................................   Passed    0.00 sec
        Start 382: JsonCodecTest.EncodesSortedKeysInCompactForm
382/649 Test #382: JsonCodecTest.EncodesSortedKeysInCompactForm ...........................................................   Passed    0.00 sec
        Start 383: JsonCodecTest.EncodesEmptyObject
383/649 Test #383: JsonCodecTest.EncodesEmptyObject .......................................................................   Passed    0.00 sec
        Start 384: JsonCodecTest.EscapesQuotesBackslashesAndControlCharacters
384/649 Test #384: JsonCodecTest.EscapesQuotesBackslashesAndControlCharacters .............................................   Passed    0.00 sec
        Start 385: JsonCodecTest.PassesUtf8ThroughUntouched
385/649 Test #385: JsonCodecTest.PassesUtf8ThroughUntouched ...............................................................   Passed    0.00 sec
        Start 386: JsonCodecTest.RoundTripsClaimsShape
386/649 Test #386: JsonCodecTest.RoundTripsClaimsShape ....................................................................   Passed    0.00 sec
        Start 387: JsonCodecTest.RoundTripsInt64Boundary
387/649 Test #387: JsonCodecTest.RoundTripsInt64Boundary ..................................................................   Passed    0.00 sec
        Start 388: JsonCodecTest.DecodesEmptyObject
388/649 Test #388: JsonCodecTest.DecodesEmptyObject .......................................................................   Passed    0.00 sec
        Start 389: JsonCodecTest.DecodesToleratesWhitespaceBetweenTokens
389/649 Test #389: JsonCodecTest.DecodesToleratesWhitespaceBetweenTokens ..................................................   Passed    0.00 sec
        Start 390: JsonCodecTest.DecodesEscapesItEmits
390/649 Test #390: JsonCodecTest.DecodesEscapesItEmits ....................................................................   Passed    0.00 sec
        Start 391: JsonCodecTest.RejectsNonObjectRoots
391/649 Test #391: JsonCodecTest.RejectsNonObjectRoots ....................................................................   Passed    0.00 sec
        Start 392: JsonCodecTest.RejectsNestedContainersAndNullValues
392/649 Test #392: JsonCodecTest.RejectsNestedContainersAndNullValues .....................................................   Passed    0.00 sec
        Start 393: JsonCodecTest.RejectsFloatsAndMalformedNumbers
393/649 Test #393: JsonCodecTest.RejectsFloatsAndMalformedNumbers .........................................................   Passed    0.00 sec
        Start 394: JsonCodecTest.RejectsDuplicateKeys
394/649 Test #394: JsonCodecTest.RejectsDuplicateKeys .....................................................................   Passed    0.00 sec
        Start 395: JsonCodecTest.RejectsMalformedStrings
395/649 Test #395: JsonCodecTest.RejectsMalformedStrings ..................................................................   Passed    0.00 sec
        Start 396: JsonCodecTest.RejectsTrailingContentAfterObject
396/649 Test #396: JsonCodecTest.RejectsTrailingContentAfterObject ........................................................   Passed    0.00 sec
        Start 397: JsonCodecTest.EnforcesInputSizeBound
397/649 Test #397: JsonCodecTest.EnforcesInputSizeBound ...................................................................   Passed    0.00 sec
        Start 398: LegacyQueueNumberCodecTest.RoundTripsQueuedTicket
398/649 Test #398: LegacyQueueNumberCodecTest.RoundTripsQueuedTicket ......................................................   Passed    0.00 sec
        Start 399: LegacyQueueNumberCodecTest.RoundTripsAdmittedTicket
399/649 Test #399: LegacyQueueNumberCodecTest.RoundTripsAdmittedTicket ....................................................   Passed    0.00 sec
        Start 400: LegacyQueueNumberCodecTest.V1PayloadHasNoIdentityBindingOrContext
400/649 Test #400: LegacyQueueNumberCodecTest.V1PayloadHasNoIdentityBindingOrContext ......................................   Passed    0.00 sec
        Start 401: LegacyQueueNumberCodecTest.AcceptsWithinLeewayAfterExpiry
401/649 Test #401: LegacyQueueNumberCodecTest.AcceptsWithinLeewayAfterExpiry ..............................................   Passed    0.00 sec
        Start 402: LegacyQueueNumberCodecTest.RejectsTokenFromFuture
402/649 Test #402: LegacyQueueNumberCodecTest.RejectsTokenFromFuture ......................................................   Passed    0.00 sec
        Start 403: LegacyQueueNumberCodecTest.RejectsWrongKid
403/649 Test #403: LegacyQueueNumberCodecTest.RejectsWrongKid .............................................................   Passed    0.00 sec
        Start 404: LegacyQueueNumberCodecTest.RejectsZeroNumber
404/649 Test #404: LegacyQueueNumberCodecTest.RejectsZeroNumber ...........................................................   Passed    0.00 sec
        Start 405: LegacyQueueNumberCodecTest.RejectsGarbage
405/649 Test #405: LegacyQueueNumberCodecTest.RejectsGarbage ..............................................................   Passed    0.00 sec
        Start 406: QueueNumberV2CodecTest.RoundTripsStrictIdentityBoundSchema
406/649 Test #406: QueueNumberV2CodecTest.RoundTripsStrictIdentityBoundSchema .............................................   Passed    0.00 sec
        Start 407: QueueNumberV2CodecTest.CapsExpiryAtBoundIdentityExpiry
407/649 Test #407: QueueNumberV2CodecTest.CapsExpiryAtBoundIdentityExpiry .................................................   Passed    0.00 sec
        Start 408: QueueNumberV2CodecTest.RejectsSchemaAudiencePurposeAndBindingChanges
408/649 Test #408: QueueNumberV2CodecTest.RejectsSchemaAudiencePurposeAndBindingChanges ...................................   Passed    0.00 sec
        Start 409: QueueNumberV2CodecTest.SelectsKnownKidAndAcceptsRotationOverlap
409/649 Test #409: QueueNumberV2CodecTest.SelectsKnownKidAndAcceptsRotationOverlap ........................................   Passed    0.00 sec
        Start 410: QueueNumberV2CodecTest.RejectsExpiredFutureAndMalformedTokens
410/649 Test #410: QueueNumberV2CodecTest.RejectsExpiredFutureAndMalformedTokens ..........................................   Passed    0.00 sec
        Start 411: QueueNumberV2CodecTest.RejectsUnsafeConstructionAndIssueInputs
411/649 Test #411: QueueNumberV2CodecTest.RejectsUnsafeConstructionAndIssueInputs .........................................   Passed    0.00 sec
        Start 412: SessionTicketTest.ValidatesPurposeExpiryTamperingAndReplay
412/649 Test #412: SessionTicketTest.ValidatesPurposeExpiryTamperingAndReplay .............................................   Passed    0.00 sec
        Start 413: SessionTicketTest.V2CarriesASignedCorrelationIdAndStillAcceptsV1
413/649 Test #413: SessionTicketTest.V2CarriesASignedCorrelationIdAndStillAcceptsV1 .......................................   Passed    0.00 sec
        Start 414: SessionTicketTest.RedeemsATicketExactlyOnce
414/649 Test #414: SessionTicketTest.RedeemsATicketExactlyOnce ............................................................   Passed    0.00 sec
        Start 415: SessionTicketTest.PurposeMismatchDoesNotBurnTheTicket
415/649 Test #415: SessionTicketTest.PurposeMismatchDoesNotBurnTheTicket ..................................................   Passed    0.00 sec
        Start 416: SessionTicketTest.RetiredPurposeTicketsAreNotRedeemable
416/649 Test #416: SessionTicketTest.RetiredPurposeTicketsAreNotRedeemable ................................................   Passed    0.00 sec
        Start 417: SessionTicketTest.EnterRealmPurposeValueIsPinned
417/649 Test #417: SessionTicketTest.EnterRealmPurposeValueIsPinned .......................................................   Passed    0.00 sec
        Start 418: SessionTicketTest.ExpiredTicketsAreInvalidNotReplayed
418/649 Test #418: SessionTicketTest.ExpiredTicketsAreInvalidNotReplayed ..................................................   Passed    0.00 sec
        Start 419: SessionTicketTest.AcceptsTicketsWithinClockLeeway
419/649 Test #419: SessionTicketTest.AcceptsTicketsWithinClockLeeway ......................................................   Passed    0.00 sec
        Start 420: SessionTicketTest.LeewayDoesNotOpenAReplayWindow
420/649 Test #420: SessionTicketTest.LeewayDoesNotOpenAReplayWindow .......................................................   Passed    0.00 sec
        Start 421: SessionTicketsTest.EnterRealmPurposeRoundTripsAndRejectsWrongPurpose
421/649 Test #421: SessionTicketsTest.EnterRealmPurposeRoundTripsAndRejectsWrongPurpose ...................................   Passed    0.00 sec
        Start 422: EdgeProtocolTest.RoundTripsTheGatewayAndRealmMessages
422/649 Test #422: EdgeProtocolTest.RoundTripsTheGatewayAndRealmMessages ..................................................   Passed    0.00 sec
        Start 423: NewChainFlowTest.AttachesToGatewayAndEntersRealm
423/649 Test #423: NewChainFlowTest.AttachesToGatewayAndEntersRealm .......................................................   Passed    2.67 sec
        Start 424: NewChainFlowTest.RestartKeepsCommittedAdmissionConsumed
424/649 Test #424: NewChainFlowTest.RestartKeepsCommittedAdmissionConsumed ................................................   Passed    2.36 sec
        Start 425: GatewayConfigLoaderTest.LoadsQuicPrimaryAndTlsTcpFallbackFromLua
425/649 Test #425: GatewayConfigLoaderTest.LoadsQuicPrimaryAndTlsTcpFallbackFromLua .......................................   Passed    0.00 sec
        Start 426: LayeredConfigLoaderTest.MergesAuthoritativeGatewayTreeFieldByField
426/649 Test #426: LayeredConfigLoaderTest.MergesAuthoritativeGatewayTreeFieldByField .....................................   Passed    0.00 sec
        Start 427: LayeredConfigLoaderTest.RejectsInvalidFetchRetryTuning
427/649 Test #427: LayeredConfigLoaderTest.RejectsInvalidFetchRetryTuning .................................................   Passed    0.00 sec
        Start 428: LayeredConfigLoaderTest.RejectsZeroHandoffGrace
428/649 Test #428: LayeredConfigLoaderTest.RejectsZeroHandoffGrace ........................................................   Passed    0.00 sec
        Start 429: LayeredConfigLoaderTest.CliOverrideWinsAndNamesTheLogFile
429/649 Test #429: LayeredConfigLoaderTest.CliOverrideWinsAndNamesTheLogFile ..............................................   Passed    0.00 sec
        Start 430: GatewayRuntimeTest.AcceptRespondsAndEstablishesAtomically
430/649 Test #430: GatewayRuntimeTest.AcceptRespondsAndEstablishesAtomically ..............................................   Passed    0.05 sec
        Start 431: GatewayRuntimeTest.EstablishedPeerClosePublishesRealSessionClosed
431/649 Test #431: GatewayRuntimeTest.EstablishedPeerClosePublishesRealSessionClosed ......................................   Passed    0.05 sec
        Start 432: GatewayRuntimeTest.DeclineRejectsAndTerminatesPendingSession
432/649 Test #432: GatewayRuntimeTest.DeclineRejectsAndTerminatesPendingSession ...........................................   Passed    0.01 sec
        Start 433: GatewayRuntimeTest.SendsToPendingSessionsCountAsUnknown
433/649 Test #433: GatewayRuntimeTest.SendsToPendingSessionsCountAsUnknown ................................................   Passed    0.01 sec
        Start 434: GatewayRuntimeTest.CommandsForUnknownSessionsCountAsUnknown
434/649 Test #434: GatewayRuntimeTest.CommandsForUnknownSessionsCountAsUnknown ............................................   Passed    0.01 sec
        Start 435: GatewayRuntimeTest.RejectsCommandsWhileStopped
435/649 Test #435: GatewayRuntimeTest.RejectsCommandsWhileStopped .........................................................   Passed    0.00 sec
        Start 436: EdgeSessionTableTest.SendsOnlyThroughThePrimaryTransport
436/649 Test #436: EdgeSessionTableTest.SendsOnlyThroughThePrimaryTransport ...............................................   Passed    0.00 sec
        Start 437: EdgeSessionTableTest.EstablishMovesPendingToEstablished
437/649 Test #437: EdgeSessionTableTest.EstablishMovesPendingToEstablished ................................................   Passed    0.00 sec
        Start 438: EdgeSessionTableTest.FindResolvesOnlyLiveSessions
438/649 Test #438: EdgeSessionTableTest.FindResolvesOnlyLiveSessions ......................................................   Passed    0.00 sec
        Start 439: EdgeSessionTableTest.CloseNotifiesTransportAndRemovesTheRecord
439/649 Test #439: EdgeSessionTableTest.CloseNotifiesTransportAndRemovesTheRecord .........................................   Passed    0.00 sec
        Start 440: EdgeSessionTableTest.TransportReportedCloseRemovesAndSnapshots
440/649 Test #440: EdgeSessionTableTest.TransportReportedCloseRemovesAndSnapshots .........................................   Passed    0.00 sec
        Start 441: EdgeSessionTableTest.UnknownSessionCommandsNeverTouchTransports
441/649 Test #441: EdgeSessionTableTest.UnknownSessionCommandsNeverTouchTransports ........................................   Passed    0.00 sec
        Start 442: InMemoryGatewayPrimaryTransportTest.DrainsEventsWithABound
442/649 Test #442: InMemoryGatewayPrimaryTransportTest.DrainsEventsWithABound .............................................   Passed    0.00 sec
        Start 443: InMemoryGatewayPrimaryTransportTest.ScriptsFullAndStoppedIndependently
443/649 Test #443: InMemoryGatewayPrimaryTransportTest.ScriptsFullAndStoppedIndependently .................................   Passed    0.00 sec
        Start 444: InMemoryGatewayPrimaryTransportTest.RecordsOnlyQueuedSemanticCommands
444/649 Test #444: InMemoryGatewayPrimaryTransportTest.RecordsOnlyQueuedSemanticCommands ..................................   Passed    0.00 sec
        Start 445: GatewayRuntimePrimaryTransportTest.MapsStoppedWithoutTakingOwnership
445/649 Test #445: GatewayRuntimePrimaryTransportTest.MapsStoppedWithoutTakingOwnership ...................................   Passed    0.00 sec
        Start 446: GatewayRuntimePrimaryTransportTest.MapsRuntimeQueueBackpressureToFull
446/649 Test #446: GatewayRuntimePrimaryTransportTest.MapsRuntimeQueueBackpressureToFull ..................................   Passed    0.10 sec
        Start 447: GatewayRuntimePrimaryTransportTest.QueuedDeliveryFailureEventuallyPublishesSessionClosed
447/649 Test #447: GatewayRuntimePrimaryTransportTest.QueuedDeliveryFailureEventuallyPublishesSessionClosed ...............   Passed    0.01 sec
        Start 448: GatewayRuntimePrimaryTransportTest.DeclineTerminatesAnEstablishedSessionForPipelineProtocolRejection
448/649 Test #448: GatewayRuntimePrimaryTransportTest.DeclineTerminatesAnEstablishedSessionForPipelineProtocolRejection ...   Passed    0.01 sec
        Start 449: DelayedAccountFetchPortTest.CompletesWithoutBlockingTheSubmitter
449/649 Test #449: DelayedAccountFetchPortTest.CompletesWithoutBlockingTheSubmitter .......................................   Passed    0.00 sec
        Start 450: DelayedAccountFetchPortTest.SeparatesBackpressureFromFailureCompletion
450/649 Test #450: DelayedAccountFetchPortTest.SeparatesBackpressureFromFailureCompletion .................................   Passed    0.00 sec
        Start 451: ScriptedAccountFetchPortTest.PreservesAttemptIdentityForLateDuplicates
451/649 Test #451: ScriptedAccountFetchPortTest.PreservesAttemptIdentityForLateDuplicates .................................   Passed    0.00 sec
        Start 452: ScriptedAccountFetchPortTest.ScriptsFullAndStoppedSubmissions
452/649 Test #452: ScriptedAccountFetchPortTest.ScriptsFullAndStoppedSubmissions ..........................................   Passed    0.00 sec
        Start 453: ScriptedAccountFetchPortTest.StopIsTerminalForTheAdapterInstance
453/649 Test #453: ScriptedAccountFetchPortTest.StopIsTerminalForTheAdapterInstance .......................................   Passed    0.00 sec
        Start 454: PlayerDataAccountFetchPortTest.LoadsEligibilityWithoutBlockingSubmit
454/649 Test #454: PlayerDataAccountFetchPortTest.LoadsEligibilityWithoutBlockingSubmit ...................................   Passed    0.00 sec
        Start 455: PlayerDataAccountFetchPortTest.SlowQueriesDoNotSerializeAcrossWorkers
455/649 Test #455: PlayerDataAccountFetchPortTest.SlowQueriesDoNotSerializeAcrossWorkers ..................................   Passed    0.00 sec
        Start 456: PlayerDataAccountFetchPortTest.RechecksAccountAccessOnEveryAttempt
456/649 Test #456: PlayerDataAccountFetchPortTest.RechecksAccountAccessOnEveryAttempt .....................................   Passed    0.00 sec
        Start 457: PlayerDataAccountFetchPortTest.StoreFailureCompletesAsUnavailable
457/649 Test #457: PlayerDataAccountFetchPortTest.StoreFailureCompletesAsUnavailable ......................................   Passed    0.00 sec
        Start 458: PlayerDataAccountFetchPortTest.RejectsMissingReaderZeroCapacityAndZeroWorkers
458/649 Test #458: PlayerDataAccountFetchPortTest.RejectsMissingReaderZeroCapacityAndZeroWorkers ..........................   Passed    0.00 sec
        Start 459: AdmissionConsumptionOptionsTest.RejectsUnsafeConfiguration
459/649 Test #459: AdmissionConsumptionOptionsTest.RejectsUnsafeConfiguration .............................................   Passed    0.00 sec
        Start 460: InMemoryAdmissionConsumptionStoreTest.ImplementsFencedTwoPhaseContract
460/649 Test #460: InMemoryAdmissionConsumptionStoreTest.ImplementsFencedTwoPhaseContract .................................   Passed    0.00 sec
        Start 461: InMemoryAdmissionConsumptionStoreTest.LeaseExpiryAndOutageFailClosed
461/649 Test #461: InMemoryAdmissionConsumptionStoreTest.LeaseExpiryAndOutageFailClosed ...................................   Passed    0.00 sec
        Start 462: EtcdAdmissionConsumptionStoreTest.UsesLinearizableRangeAndCasWithDigests
462/649 Test #462: EtcdAdmissionConsumptionStoreTest.UsesLinearizableRangeAndCasWithDigests ...............................   Passed    0.00 sec
        Start 463: EtcdAdmissionConsumptionStoreTest.RetriesCasAndFencesReleasedOwner
463/649 Test #463: EtcdAdmissionConsumptionStoreTest.RetriesCasAndFencesReleasedOwner .....................................   Passed    0.00 sec
        Start 464: EtcdAdmissionConsumptionStoreTest.RejectsMismatchedReturnedKey
464/649 Test #464: EtcdAdmissionConsumptionStoreTest.RejectsMismatchedReturnedKey .........................................   Passed    0.00 sec
        Start 465: EtcdAdmissionConsumptionStoreTest.InvalidLeaseGrantFailsClosed
465/649 Test #465: EtcdAdmissionConsumptionStoreTest.InvalidLeaseGrantFailsClosed .........................................   Passed    0.00 sec
        Start 466: EtcdAdmissionConsumptionStoreTest.UnavailableTransportRemovesHealth
466/649 Test #466: EtcdAdmissionConsumptionStoreTest.UnavailableTransportRemovesHealth ....................................   Passed    0.00 sec
        Start 467: GatewayAdmissionTest.TwoInstancesCommitOneIdentityAtMostOnce
467/649 Test #467: GatewayAdmissionTest.TwoInstancesCommitOneIdentityAtMostOnce ...........................................   Passed    0.00 sec
        Start 468: GatewayAdmissionTest.RejectsBindingAndDeploymentBeforeStoreWork
468/649 Test #468: GatewayAdmissionTest.RejectsBindingAndDeploymentBeforeStoreWork ........................................   Passed    0.00 sec
        Start 469: GatewayAdmissionTest.StoreOutageIsRetryableAndAffectsAvailability
469/649 Test #469: GatewayAdmissionTest.StoreOutageIsRetryableAndAffectsAvailability ......................................   Passed    0.00 sec
        Start 470: GatewayAdmissionTest.FullKeepsReservationAndStoppedReleasesIt
470/649 Test #470: GatewayAdmissionTest.FullKeepsReservationAndStoppedReleasesIt ..........................................   Passed    0.00 sec
        Start 471: GatewayAdmissionTest.AmbiguousCommitCanNeverReleaseReservation
471/649 Test #471: GatewayAdmissionTest.AmbiguousCommitCanNeverReleaseReservation .........................................   Passed    0.00 sec
        Start 472: GatewayLoginConfigTest.AcceptsCompleteConfiguration
472/649 Test #472: GatewayLoginConfigTest.AcceptsCompleteConfiguration ....................................................   Passed    0.00 sec
        Start 473: GatewayLoginConfigTest.RejectsInvalidCapacityRetryAndEndpoint
473/649 Test #473: GatewayLoginConfigTest.RejectsInvalidCapacityRetryAndEndpoint ..........................................   Passed    0.00 sec
        Start 474: GatewayLoginConfigTest.RejectsZeroFetchWorkersOrTimeout
474/649 Test #474: GatewayLoginConfigTest.RejectsZeroFetchWorkersOrTimeout ................................................   Passed    0.00 sec
        Start 475: GatewayLoginConfigTest.LoaderParsesFetchWorkersAndTimeout
475/649 Test #475: GatewayLoginConfigTest.LoaderParsesFetchWorkersAndTimeout ..............................................   Passed    0.00 sec
        Start 476: GatewayLoginConfigTest.RejectsIncompleteAdmissionConfiguration
476/649 Test #476: GatewayLoginConfigTest.RejectsIncompleteAdmissionConfiguration .........................................   Passed    0.00 sec
        Start 477: GatewayLoginConfigTest.RejectsMalformedAdmissionKeyRing
477/649 Test #477: GatewayLoginConfigTest.RejectsMalformedAdmissionKeyRing ................................................   Passed    0.00 sec
        Start 478: GatewayLoginConfigTest.RejectsGrantWindowOutsideProtocolLimits
478/649 Test #478: GatewayLoginConfigTest.RejectsGrantWindowOutsideProtocolLimits .........................................   Passed    0.00 sec
        Start 479: GatewayLoginConfigTest.LoaderRejectsRetiredSingleKidKeyName
479/649 Test #479: GatewayLoginConfigTest.LoaderRejectsRetiredSingleKidKeyName ............................................   Passed    0.00 sec
        Start 480: GatewayLoginConfigTest.LoaderParsesKeyRingForRotationOverlap
480/649 Test #480: GatewayLoginConfigTest.LoaderParsesKeyRingForRotationOverlap ...........................................   Passed    0.00 sec
        Start 481: GatewaySourceNormalizerTest.IgnoresForwardingHeadersFromUntrustedPeer
481/649 Test #481: GatewaySourceNormalizerTest.IgnoresForwardingHeadersFromUntrustedPeer ..................................   Passed    0.00 sec
        Start 482: GatewaySourceNormalizerTest.UsesFirstUntrustedForwardedHop
482/649 Test #482: GatewaySourceNormalizerTest.UsesFirstUntrustedForwardedHop .............................................   Passed    0.00 sec
        Start 483: GatewayCredentialIngressTest.RejectsMalformedBeforeVerification
483/649 Test #483: GatewayCredentialIngressTest.RejectsMalformedBeforeVerification ........................................   Passed    0.00 sec
        Start 484: GatewayCredentialIngressTest.BoundsEnvelopeBeforeDecode
484/649 Test #484: GatewayCredentialIngressTest.BoundsEnvelopeBeforeDecode ................................................   Passed    0.00 sec
        Start 485: GatewayLoginPipelineTest.CreationValidatesConfigurationAndInstance
485/649 Test #485: GatewayLoginPipelineTest.CreationValidatesConfigurationAndInstance .....................................   Passed    0.00 sec
        Start 486: GatewayLoginPipelineTest.AcceptFullFullQueuedKeepsOneReservationAndDoesNotOversubscribeFetch
486/649 Test #486: GatewayLoginPipelineTest.AcceptFullFullQueuedKeepsOneReservationAndDoesNotOversubscribeFetch ...........   Passed    0.00 sec
        Start 487: GatewayLoginPipelineTest.ReservedAndCommittedJtiRejectConcurrentAndLaterReplay
487/649 Test #487: GatewayLoginPipelineTest.ReservedAndCommittedJtiRejectConcurrentAndLaterReplay .........................   Passed    0.00 sec
        Start 488: GatewayLoginPipelineTest.AdmissionRejectsCrossIdentityCredentialSplice
488/649 Test #488: GatewayLoginPipelineTest.AdmissionRejectsCrossIdentityCredentialSplice .................................   Passed    0.00 sec
        Start 489: GatewayLoginPipelineTest.AdmissionFullAndPrecommitCloseReleaseWithoutBurningCredentials
489/649 Test #489: GatewayLoginPipelineTest.AdmissionFullAndPrecommitCloseReleaseWithoutBurningCredentials ................   Passed    0.00 sec
        Start 490: GatewayLoginPipelineTest.AdmissionSharedStoreCommitsAcrossPipelineInstancesAtMostOnce
490/649 Test #490: GatewayLoginPipelineTest.AdmissionSharedStoreCommitsAcrossPipelineInstancesAtMostOnce ..................   Passed    0.00 sec
        Start 491: GatewayLoginPipelineTest.AdmissionRejectsCrossIdentitySpliceBeforeTransportAccept
491/649 Test #491: GatewayLoginPipelineTest.AdmissionRejectsCrossIdentitySpliceBeforeTransportAccept ......................   Passed    0.00 sec
        Start 492: GatewayLoginPipelineTest.AdmissionStoreOutageFailsNewAttachClosedWithoutStoppingExistingFetch
492/649 Test #492: GatewayLoginPipelineTest.AdmissionStoreOutageFailsNewAttachClosedWithoutStoppingExistingFetch ..........   Passed    0.00 sec
        Start 493: GatewayLoginPipelineTest.AdmissionAmbiguousCommitClosesWithoutFetchOrRelease
493/649 Test #493: GatewayLoginPipelineTest.AdmissionAmbiguousCommitClosesWithoutFetchOrRelease ...........................   Passed    0.00 sec
        Start 494: GatewayLoginPipelineTest.CloseBeforeAcceptCommitReleasesJtiAndFetchReservation
494/649 Test #494: GatewayLoginPipelineTest.CloseBeforeAcceptCommitReleasesJtiAndFetchReservation .........................   Passed    0.00 sec
        Start 495: GatewayLoginPipelineTest.SameFrameCloseWinsOverFetchSuccessAndLateDuplicateCompletions
495/649 Test #495: GatewayLoginPipelineTest.SameFrameCloseWinsOverFetchSuccessAndLateDuplicateCompletions .................   Passed    0.00 sec
        Start 496: GatewayLoginPipelineTest.DestructionCancelsAcceptedFetchWork
496/649 Test #496: GatewayLoginPipelineTest.DestructionCancelsAcceptedFetchWork ...........................................   Passed    0.00 sec
        Start 497: GatewayLoginPipelineTest.FetchSubmitFullDoesNotConsumeRetryAndFailureUsesBackoff
497/649 Test #497: GatewayLoginPipelineTest.FetchSubmitFullDoesNotConsumeRetryAndFailureUsesBackoff .......................   Passed    0.00 sec
        Start 498: GatewayLoginPipelineTest.HandoffFullKeepsFetchingAndQueuedAttemptUsesFreshTicketAndDynamicEndpoint
498/649 Test #498: GatewayLoginPipelineTest.HandoffFullKeepsFetchingAndQueuedAttemptUsesFreshTicketAndDynamicEndpoint .....   Passed    0.00 sec
        Start 499: GatewayLoginPipelineTest.GraceCloseFullRetainsDeadlineStageAndConnectionUntilSessionClosed
499/649 Test #499: GatewayLoginPipelineTest.GraceCloseFullRetainsDeadlineStageAndConnectionUntilSessionClosed .............   Passed    0.00 sec
        Start 500: GatewayLoginPipelineTest.MissingEndpointCreatesCloseIntentWithoutIssuingHandoff
500/649 Test #500: GatewayLoginPipelineTest.MissingEndpointCreatesCloseIntentWithoutIssuingHandoff ........................   Passed    0.00 sec
        Start 501: GatewayLoginPipelineTest.ExhaustedFetchReleasesFetchCapacityAndDeclinesAsPlayerDataUnavailable
501/649 Test #501: GatewayLoginPipelineTest.ExhaustedFetchReleasesFetchCapacityAndDeclinesAsPlayerDataUnavailable .........   Passed    0.00 sec
        Start 502: GatewayLoginPipelineTest.NotEligibleFetchDeclinesImmediatelyWithoutRetry
502/649 Test #502: GatewayLoginPipelineTest.NotEligibleFetchDeclinesImmediatelyWithoutRetry ...............................   Passed    0.00 sec
        Start 503: GatewayLoginPipelineTest.FetchTimeoutCancelsAttemptAndRetriesWithBackoff
503/649 Test #503: GatewayLoginPipelineTest.FetchTimeoutCancelsAttemptAndRetriesWithBackoff ...............................   Passed    0.00 sec
        Start 504: GatewayLoginPipelineTest.StoppedPrimaryTransportMakesPipelineUnhealthyAndBudgetUnavailable
504/649 Test #504: GatewayLoginPipelineTest.StoppedPrimaryTransportMakesPipelineUnhealthyAndBudgetUnavailable .............   Passed    0.00 sec
        Start 505: GatewayLoginPipelineTest.StoppedFetchPortMakesPipelineUnhealthyAndBudgetUnavailable
505/649 Test #505: GatewayLoginPipelineTest.StoppedFetchPortMakesPipelineUnhealthyAndBudgetUnavailable ....................   Passed    0.00 sec
        Start 506: GatewayIngressThrottleTest.SingleSourceBucketThrottlesThenFlagsAbuse
506/649 Test #506: GatewayIngressThrottleTest.SingleSourceBucketThrottlesThenFlagsAbuse ...................................   Passed    0.00 sec
        Start 507: GatewayIngressThrottlePipelineTest.ThrottleIsRetryableErrorAndAbuseClosesConnection
507/649 Test #507: GatewayIngressThrottlePipelineTest.ThrottleIsRetryableErrorAndAbuseClosesConnection ....................   Passed    0.00 sec
        Start 508: LoginVerifyDataFailureTest.ReturnsServiceUnavailableWithoutCredentialLeak
508/649 Test #508: LoginVerifyDataFailureTest.ReturnsServiceUnavailableWithoutCredentialLeak ..............................   Passed    0.00 sec
        Start 509: LoginVerifyHandlerTest.IssuesTokenForValidAccount
509/649 Test #509: LoginVerifyHandlerTest.IssuesTokenForValidAccount ......................................................   Passed    0.00 sec
        Start 510: LoginVerifyHandlerTest.DerivedAccountIdIsReportedAsDecimalString
510/649 Test #510: LoginVerifyHandlerTest.DerivedAccountIdIsReportedAsDecimalString .......................................   Passed    0.00 sec
        Start 511: LoginVerifyHandlerTest.UnknownAccountAndWrongCredentialIndistinguishable
511/649 Test #511: LoginVerifyHandlerTest.UnknownAccountAndWrongCredentialIndistinguishable ...............................   Passed    0.00 sec
        Start 512: LoginVerifyHandlerTest.BannedAccountReturns1002
512/649 Test #512: LoginVerifyHandlerTest.BannedAccountReturns1002 ........................................................   Passed    0.00 sec
        Start 513: LoginVerifyHandlerTest.UnwhitelistedAccountReturns1003
513/649 Test #513: LoginVerifyHandlerTest.UnwhitelistedAccountReturns1003 .................................................   Passed    0.00 sec
        Start 514: LoginVerifyHandlerTest.MalformedRequestsReturn1000
514/649 Test #514: LoginVerifyHandlerTest.MalformedRequestsReturn1000 .....................................................   Passed    0.00 sec
        Start 515: LoginVerifyHandlerTest.OversizedJsonBodyIsRejectedAsInvalidRequest
515/649 Test #515: LoginVerifyHandlerTest.OversizedJsonBodyIsRejectedAsInvalidRequest .....................................   Passed    0.00 sec
        Start 516: LoginVerifyHandlerTest.UnknownPathReturns404
516/649 Test #516: LoginVerifyHandlerTest.UnknownPathReturns404 ...........................................................   Passed    0.00 sec
        Start 517: LoginVerifyHandlerTest.WrongMethodReturns405
517/649 Test #517: LoginVerifyHandlerTest.WrongMethodReturns405 ...........................................................   Passed    0.00 sec
        Start 518: LoginVerifyHandlerTest.ServesJwksMatchingCodec
518/649 Test #518: LoginVerifyHandlerTest.ServesJwksMatchingCodec .........................................................   Passed    0.00 sec
        Start 519: LoginVerifyHandlerTest.ServesHealthz
519/649 Test #519: LoginVerifyHandlerTest.ServesHealthz ...................................................................   Passed    0.00 sec
        Start 520: LoginVerifyHandlerTest.QueryStringIsIgnored
520/649 Test #520: LoginVerifyHandlerTest.QueryStringIsIgnored ............................................................   Passed    0.00 sec
        Start 521: LoginVerifyHandlerTest.JtiDiffersPerIssuance
521/649 Test #521: LoginVerifyHandlerTest.JtiDiffersPerIssuance ...........................................................   Passed    0.00 sec
        Start 522: LoginVerifyHandlerTest.MetricsCountRequestsRejectsAndIssueLatency
522/649 Test #522: LoginVerifyHandlerTest.MetricsCountRequestsRejectsAndIssueLatency ......................................   Passed    0.00 sec
        Start 523: LoginVerifyDispatcherTest.SlowVerificationDoesNotBlockOtherRoutes
523/649 Test #523: LoginVerifyDispatcherTest.SlowVerificationDoesNotBlockOtherRoutes ......................................   Passed    0.00 sec
        Start 524: LoginVerifyDispatcherTest.FullCapacityAnswersServiceUnavailableWithRetryAfter
524/649 Test #524: LoginVerifyDispatcherTest.FullCapacityAnswersServiceUnavailableWithRetryAfter ..........................   Passed    0.01 sec
        Start 525: LoginVerifyDispatcherTest.WrongMethodOnVerifyRouteAnswersImmediately
525/649 Test #525: LoginVerifyDispatcherTest.WrongMethodOnVerifyRouteAnswersImmediately ...................................   Passed    0.00 sec
        Start 526: LoginVerifyDispatcherTest.RejectsZeroWorkersAndZeroCapacity
526/649 Test #526: LoginVerifyDispatcherTest.RejectsZeroWorkersAndZeroCapacity ............................................   Passed    0.00 sec
        Start 527: LoginVerifyServiceTest.VerifiesAccountOverTlsAndIssuesToken
527/649 Test #527: LoginVerifyServiceTest.VerifiesAccountOverTlsAndIssuesToken ............................................   Passed    1.71 sec
        Start 528: LoginVerifyServiceTest.SeesCommittedAccountAccessUpdates
528/649 Test #528: LoginVerifyServiceTest.SeesCommittedAccountAccessUpdates ...............................................   Passed    2.28 sec
        Start 529: LoginVerifyServiceTest.WrongCredentialIsRejectedOverTls
529/649 Test #529: LoginVerifyServiceTest.WrongCredentialIsRejectedOverTls ................................................   Passed    1.82 sec
        Start 530: LoginVerifyServiceTest.ServesJwksOverTls
530/649 Test #530: LoginVerifyServiceTest.ServesJwksOverTls ...............................................................   Passed    1.77 sec
        Start 531: LoginVerifyServiceTest.ServesHealthzOverTls
531/649 Test #531: LoginVerifyServiceTest.ServesHealthzOverTls ............................................................   Passed    1.76 sec
        Start 532: QueueHandlerTest.IssuesSequentialNumbersForDistinctIdentities
532/649 Test #532: QueueHandlerTest.IssuesSequentialNumbersForDistinctIdentities ..........................................   Passed    0.00 sec
        Start 533: QueueHandlerTest.SameIdentityReplaysSameNumber
533/649 Test #533: QueueHandlerTest.SameIdentityReplaysSameNumber .........................................................   Passed    0.00 sec
        Start 534: QueueHandlerTest.StoreFailureIsRetryableAndDoesNotAdvanceNumber
534/649 Test #534: QueueHandlerTest.StoreFailureIsRetryableAndDoesNotAdvanceNumber ........................................   Passed    0.00 sec
        Start 535: QueueHandlerTest.MissingOrMalformedBearerIs1001
535/649 Test #535: QueueHandlerTest.MissingOrMalformedBearerIs1001 ........................................................   Passed    0.00 sec
        Start 536: QueueHandlerTest.InvalidIdentityIs1001
536/649 Test #536: QueueHandlerTest.InvalidIdentityIs1001 .................................................................   Passed    0.00 sec
        Start 537: QueueHandlerTest.ProgressReportsWaterLevelsAndCachePolicy
537/649 Test #537: QueueHandlerTest.ProgressReportsWaterLevelsAndCachePolicy ..............................................   Passed    0.01 sec
        Start 538: QueueHandlerTest.QueuedNumberReportsLivePosition
538/649 Test #538: QueueHandlerTest.QueuedNumberReportsLivePosition .......................................................   Passed    0.00 sec
        Start 539: QueueHandlerTest.ReleasedNumberGetsIdentityBoundAdmissionGrant
539/649 Test #539: QueueHandlerTest.ReleasedNumberGetsIdentityBoundAdmissionGrant .........................................   Passed    0.00 sec
        Start 540: QueueHandlerTest.RepeatedPollingReturnsStableAdmissionGrant
540/649 Test #540: QueueHandlerTest.RepeatedPollingReturnsStableAdmissionGrant ............................................   Passed    0.00 sec
        Start 541: QueueHandlerTest.InvalidOrExpiredNumberIs2001
541/649 Test #541: QueueHandlerTest.InvalidOrExpiredNumberIs2001 ..........................................................   Passed    0.00 sec
        Start 542: QueueHandlerTest.WrongMethodAndUnknownPath
542/649 Test #542: QueueHandlerTest.WrongMethodAndUnknownPath .............................................................   Passed    0.00 sec
        Start 543: QueueHandlerTest.HealthzAndQueryStrings
543/649 Test #543: QueueHandlerTest.HealthzAndQueryStrings ................................................................   Passed    0.00 sec
        Start 544: QueueHandlerTest.MetricsCountProgressRequests
544/649 Test #544: QueueHandlerTest.MetricsCountProgressRequests ..........................................................   Passed    0.00 sec
        Start 545: QueueCoreTest.ReleaseBatchHonorsStepAndBudgets
545/649 Test #545: QueueCoreTest.ReleaseBatchHonorsStepAndBudgets .........................................................   Passed    0.00 sec
        Start 546: QueueCoreTest.ReleaseLedgerMapsEveryBatchBoundaryToStableTime
546/649 Test #546: QueueCoreTest.ReleaseLedgerMapsEveryBatchBoundaryToStableTime ..........................................   Passed    0.00 sec
        Start 547: QueueCoreTest.ReleaseTimeIsNormalizedToPersistedJwsPrecision
547/649 Test #547: QueueCoreTest.ReleaseTimeIsNormalizedToPersistedJwsPrecision ...........................................   Passed    0.00 sec
        Start 548: QueueCoreTest.ReleaseLedgerPrunesOnlyPastWindowAndClockLeeway
548/649 Test #548: QueueCoreTest.ReleaseLedgerPrunesOnlyPastWindowAndClockLeeway ..........................................   Passed    0.00 sec
        Start 549: QueueCoreTest.ReleaseBatchBoundedByIssuedAhead
549/649 Test #549: QueueCoreTest.ReleaseBatchBoundedByIssuedAhead .........................................................   Passed    0.00 sec
        Start 550: QueueCoreTest.ReleaseBatchFailsClosedWithoutBudgets
550/649 Test #550: QueueCoreTest.ReleaseBatchFailsClosedWithoutBudgets ....................................................   Passed    0.00 sec
        Start 551: QueueCoreTest.AggregationUsesPerInstanceMinimum
551/649 Test #551: QueueCoreTest.AggregationUsesPerInstanceMinimum ........................................................   Passed    0.00 sec
        Start 552: QueueCoreTest.AdmitRateMeasuredOverFixedWindow
552/649 Test #552: QueueCoreTest.AdmitRateMeasuredOverFixedWindow .........................................................   Passed    0.00 sec
        Start 553: QueueCoreTest.SnapshotRoundTripsThroughRestore
553/649 Test #553: QueueCoreTest.SnapshotRoundTripsThroughRestore .........................................................   Passed    0.00 sec
        Start 554: QueueCoreTest.RestartPreservesWindowAndCannotRenewIt
554/649 Test #554: QueueCoreTest.RestartPreservesWindowAndCannotRenewIt ...................................................   Passed    0.00 sec
        Start 555: QueueCoreTest.RestoreRejectsInconsistentSnapshot
555/649 Test #555: QueueCoreTest.RestoreRejectsInconsistentSnapshot .......................................................   Passed    0.00 sec
        Start 556: QueueStoreTest.RefreshBudgetsAggregatesBothPrefixes
556/649 Test #556: QueueStoreTest.RefreshBudgetsAggregatesBothPrefixes ....................................................   Passed    0.00 sec
        Start 557: QueueStoreTest.RefreshBudgetsSkipsMalformedEntries
557/649 Test #557: QueueStoreTest.RefreshBudgetsSkipsMalformedEntries .....................................................   Passed    0.00 sec
        Start 558: QueueStoreTest.RefreshBudgetsFailsClosedOnEtcdError
558/649 Test #558: QueueStoreTest.RefreshBudgetsFailsClosedOnEtcdError ....................................................   Passed    0.00 sec
        Start 559: QueueStoreTest.NewIssueCommitsMappingAndSnapshotInOneTransaction
559/649 Test #559: QueueStoreTest.NewIssueCommitsMappingAndSnapshotInOneTransaction .......................................   Passed    0.00 sec
        Start 560: QueueStoreTest.ExistingIdentityRecoversOriginalNumberAndIssueTime
560/649 Test #560: QueueStoreTest.ExistingIdentityRecoversOriginalNumberAndIssueTime ......................................   Passed    0.00 sec
        Start 561: QueueStoreTest.AmbiguousCommitReadsBackDurableIssue
561/649 Test #561: QueueStoreTest.AmbiguousCommitReadsBackDurableIssue ....................................................   Passed    0.00 sec
        Start 562: QueueStoreTest.FailureBeforeCommitReturnsUnavailableWithoutNumber
562/649 Test #562: QueueStoreTest.FailureBeforeCommitReturnsUnavailableWithoutNumber ......................................   Passed    0.00 sec
        Start 563: QueueStoreTest.UnreadableAmbiguousCommitPoisonsFurtherIssuance
563/649 Test #563: QueueStoreTest.UnreadableAmbiguousCommitPoisonsFurtherIssuance .........................................   Passed    0.00 sec
        Start 564: QueueStoreTest.ReusesOneLeaseForSameExpiryBucket
564/649 Test #564: QueueStoreTest.ReusesOneLeaseForSameExpiryBucket .......................................................   Passed    0.00 sec
        Start 565: QueueStoreTest.SaveSnapshotPutsEncodedValue
565/649 Test #565: QueueStoreTest.SaveSnapshotPutsEncodedValue ............................................................   Passed    0.00 sec
        Start 566: QueueStoreTest.SaveSnapshotReturnsFalseOnFailure
566/649 Test #566: QueueStoreTest.SaveSnapshotReturnsFalseOnFailure .......................................................   Passed    0.00 sec
        Start 567: QueueStoreTest.LoadSnapshotParsesStoredValue
567/649 Test #567: QueueStoreTest.LoadSnapshotParsesStoredValue ...........................................................   Passed    0.00 sec
        Start 568: QueueStoreTest.LegacySnapshotRestoresAsExpiredPrefix
568/649 Test #568: QueueStoreTest.LegacySnapshotRestoresAsExpiredPrefix ...................................................   Passed    0.00 sec
        Start 569: QueueStoreTest.LoadSnapshotValidatesIssuanceAcrossPages
569/649 Test #569: QueueStoreTest.LoadSnapshotValidatesIssuanceAcrossPages ................................................   Passed    0.00 sec
        Start 570: QueueStoreTest.LoadSnapshotReturnsNulloptWhenMissing
570/649 Test #570: QueueStoreTest.LoadSnapshotReturnsNulloptWhenMissing ...................................................   Passed    0.00 sec
        Start 571: QueueStoreTest.LoadSnapshotRejectsOrphanIssuanceMappings
571/649 Test #571: QueueStoreTest.LoadSnapshotRejectsOrphanIssuanceMappings ...............................................   Passed    0.00 sec
        Start 572: QueueStoreTest.LoadSnapshotFailsClosedOnUnavailableIssuanceState
572/649 Test #572: QueueStoreTest.LoadSnapshotFailsClosedOnUnavailableIssuanceState .......................................   Passed    0.00 sec
        Start 573: QueueStoreTest.LoadSnapshotRejectsCorruptIssuanceMapping
573/649 Test #573: QueueStoreTest.LoadSnapshotRejectsCorruptIssuanceMapping ...............................................   Passed    0.00 sec
        Start 574: QueueStoreTest.LoadSnapshotFailsClosedOnUnavailableOrCorrupt
574/649 Test #574: QueueStoreTest.LoadSnapshotFailsClosedOnUnavailableOrCorrupt ...........................................   Passed    0.00 sec
        Start 575: QueueStoreEtcdIntegrationTest.ColdBackupRecoversAcknowledgedIssue
575/649 Test #575: QueueStoreEtcdIntegrationTest.ColdBackupRecoversAcknowledgedIssue ......................................   Passed    0.25 sec
        Start 576: QueueStoreEtcdIntegrationTest.IdentityExpiryRemovesRecoveryMapping
576/649 Test #576: QueueStoreEtcdIntegrationTest.IdentityExpiryRemovesRecoveryMapping .....................................   Passed    3.10 sec
        Start 577: QueueStoreEtcdIntegrationTest.MeasuresIssuanceWriteLoadAgainstTarget
577/649 Test #577: QueueStoreEtcdIntegrationTest.MeasuresIssuanceWriteLoadAgainstTarget ...................................   Passed    1.09 sec
        Start 578: QueueProcessRestartTest.RecoversAcknowledgedIssueFromAuthoritativeStore
578/649 Test #578: QueueProcessRestartTest.RecoversAcknowledgedIssueFromAuthoritativeStore ................................   Passed    3.60 sec
        Start 579: QueueTicketingTest.IssuesIdentityBoundQueueNumberV2
579/649 Test #579: QueueTicketingTest.IssuesIdentityBoundQueueNumberV2 ....................................................   Passed    0.01 sec
        Start 580: QueueTicketingTest.ReturnsQueuedShapeBeforeRelease
580/649 Test #580: QueueTicketingTest.ReturnsQueuedShapeBeforeRelease .....................................................   Passed    0.01 sec
        Start 581: QueueTicketingTest.IdempotentIssueAfterReleaseDoesNotUnderflowEta
581/649 Test #581: QueueTicketingTest.IdempotentIssueAfterReleaseDoesNotUnderflowEta ......................................   Passed    0.01 sec
        Start 582: QueueTicketingTest.RepeatedQueriesReturnByteIdenticalGrant
582/649 Test #582: QueueTicketingTest.RepeatedQueriesReturnByteIdenticalGrant .............................................   Passed    0.00 sec
        Start 583: QueueTicketingTest.RestartKeepsOriginalGrantAndReleaseWindow
583/649 Test #583: QueueTicketingTest.RestartKeepsOriginalGrantAndReleaseWindow ...........................................   Passed    0.00 sec
        Start 584: QueueTicketingTest.ReturnsExplicitExpiredAndInvalidOutcomes
584/649 Test #584: QueueTicketingTest.ReturnsExplicitExpiredAndInvalidOutcomes ............................................   Passed    0.00 sec
        Start 585: QueueServiceTest.ServesHealthzOverTls
585/649 Test #585: QueueServiceTest.ServesHealthzOverTls ..................................................................   Passed    0.01 sec
        Start 586: QueueServiceTest.IssuesAndReleasesByBudgetFrame
586/649 Test #586: QueueServiceTest.IssuesAndReleasesByBudgetFrame ........................................................   Passed    0.04 sec
        Start 587: QueueServiceTest.RejectsLegacyAdmittedQueueNumberAtQueryBoundary
587/649 Test #587: QueueServiceTest.RejectsLegacyAdmittedQueueNumberAtQueryBoundary .......................................   Passed    0.01 sec
        Start 588: QueueServiceTest.FailedSnapshotWriteDoesNotPublishRelease
588/649 Test #588: QueueServiceTest.FailedSnapshotWriteDoesNotPublishRelease ..............................................   Passed    0.05 sec
        Start 589: QueueServiceTest.MetricsTrackIssueAdmitAndProgress
589/649 Test #589: QueueServiceTest.MetricsTrackIssueAdmitAndProgress .....................................................   Passed    0.03 sec
        Start 590: QueueServiceTest.FailClosedWhenBudgetsUnavailable
590/649 Test #590: QueueServiceTest.FailClosedWhenBudgetsUnavailable ......................................................   Passed    0.07 sec
        Start 591: QueueServiceTest.RestoresWaterLevelsFromColdBackup
591/649 Test #591: QueueServiceTest.RestoresWaterLevelsFromColdBackup .....................................................   Passed    0.02 sec
        Start 592: QueueServiceTest.RestartRecoversAcknowledgedIssueAndReleasePosition
592/649 Test #592: QueueServiceTest.RestartRecoversAcknowledgedIssueAndReleasePosition ....................................   Passed    0.04 sec
        Start 593: CharacterNameTest.AcceptsOneToSixteenCodePoints
593/649 Test #593: CharacterNameTest.AcceptsOneToSixteenCodePoints ........................................................   Passed    0.00 sec
        Start 594: CharacterNameTest.CountsCodePointsNotBytes
594/649 Test #594: CharacterNameTest.CountsCodePointsNotBytes .............................................................   Passed    0.00 sec
        Start 595: CharacterNameTest.AllowsInnerWhitespaceButNotAtEitherEnd
595/649 Test #595: CharacterNameTest.AllowsInnerWhitespaceButNotAtEitherEnd ...............................................   Passed    0.00 sec
        Start 596: CharacterNameTest.RejectsControlCharacters
596/649 Test #596: CharacterNameTest.RejectsControlCharacters .............................................................   Passed    0.00 sec
        Start 597: CharacterNameTest.RejectsMalformedUtf8
597/649 Test #597: CharacterNameTest.RejectsMalformedUtf8 .................................................................   Passed    0.00 sec
        Start 598: TrainingRuleTest.ShippedRuleTrainsAndCapsAtLevelTen
598/649 Test #598: TrainingRuleTest.ShippedRuleTrainsAndCapsAtLevelTen ....................................................   Passed    0.00 sec
        Start 599: TrainingRuleTest.CallableFromFrameThreadOtherThanConstructor
599/649 Test #599: TrainingRuleTest.CallableFromFrameThreadOtherThanConstructor ...........................................   Passed    0.00 sec
        Start 600: TrainingRuleTest.MissingFileFailsStartup
600/649 Test #600: TrainingRuleTest.MissingFileFailsStartup ...............................................................   Passed    0.00 sec
        Start 601: TrainingRuleFileTest.SyntaxErrorFailsStartup
601/649 Test #601: TrainingRuleFileTest.SyntaxErrorFailsStartup ...........................................................   Passed    0.00 sec
        Start 602: TrainingRuleFileTest.MissingFunctionsFailStartup
602/649 Test #602: TrainingRuleFileTest.MissingFunctionsFailStartup .......................................................   Passed    0.00 sec
        Start 603: TrainingRuleFileTest.RuleWithoutIoAccess
603/649 Test #603: TrainingRuleFileTest.RuleWithoutIoAccess ...............................................................   Passed    0.00 sec
        Start 604: TrainingRuleFileTest.MalformedResultsFailStartup
604/649 Test #604: TrainingRuleFileTest.MalformedResultsFailStartup .......................................................   Passed    0.00 sec
        Start 605: TrainingRuleFileTest.LaterRuleErrorsThrowAtCallTime
605/649 Test #605: TrainingRuleFileTest.LaterRuleErrorsThrowAtCallTime ....................................................   Passed    0.00 sec
        Start 606: RealmSessionsTest.NewAccountListsEmptyRosterInSelection
606/649 Test #606: RealmSessionsTest.NewAccountListsEmptyRosterInSelection ................................................   Passed    0.01 sec
        Start 607: RealmSessionsTest.ListCarriesLevelAndLastSelected
607/649 Test #607: RealmSessionsTest.ListCarriesLevelAndLastSelected ......................................................   Passed    0.01 sec
        Start 608: RealmSessionsTest.InvalidNameIsRejectedWithoutTouchingStore
608/649 Test #608: RealmSessionsTest.InvalidNameIsRejectedWithoutTouchingStore ............................................   Passed    0.00 sec
        Start 609: RealmSessionsTest.CreateMapsTakenNameAndLimit
609/649 Test #609: RealmSessionsTest.CreateMapsTakenNameAndLimit ..........................................................   Passed    0.01 sec
        Start 610: RealmSessionsTest.SelectingForeignCharacterIsRejected
610/649 Test #610: RealmSessionsTest.SelectingForeignCharacterIsRejected ..................................................   Passed    0.00 sec
        Start 611: RealmSessionsTest.PhaseMismatchKeepsSessionOpen
611/649 Test #611: RealmSessionsTest.PhaseMismatchKeepsSessionOpen ........................................................   Passed    0.01 sec
        Start 612: RealmSessionsTest.TrainingFollowsTheSeqProtocol
612/649 Test #612: RealmSessionsTest.TrainingFollowsTheSeqProtocol ........................................................   Passed    0.01 sec
        Start 613: RealmSessionsTest.SeqZeroBeforeAnyTrainingReplaysCurrentState
613/649 Test #613: RealmSessionsTest.SeqZeroBeforeAnyTrainingReplaysCurrentState ..........................................   Passed    0.01 sec
        Start 614: RealmSessionsTest.MaxLevelRejectsTraining
614/649 Test #614: RealmSessionsTest.MaxLevelRejectsTraining ..............................................................   Passed    0.00 sec
        Start 615: RealmSessionsTest.PipelinedRequestsRunInArrivalOrder
615/649 Test #615: RealmSessionsTest.PipelinedRequestsRunInArrivalOrder ...................................................   Passed    0.00 sec
        Start 616: RealmSessionsTest.DisplacementNotifiesAndClosesOldSession
616/649 Test #616: RealmSessionsTest.DisplacementNotifiesAndClosesOldSession ..............................................   Passed    0.01 sec
        Start 617: RealmSessionsTest.UnavailableDataKeepsSessionOpen
617/649 Test #617: RealmSessionsTest.UnavailableDataKeepsSessionOpen ......................................................   Passed    0.01 sec
        Start 618: RealmSessionsTest.FullDataPoolThrottlesWithRetryAfter
618/649 Test #618: RealmSessionsTest.FullDataPoolThrottlesWithRetryAfter ..................................................   Passed    0.00 sec
        Start 619: RealmSessionsTest.OverlongPerSessionBacklogIsThrottled
619/649 Test #619: RealmSessionsTest.OverlongPerSessionBacklogIsThrottled .................................................   Passed    0.01 sec
        Start 620: RealmSessionsTest.RuleErrorsAnswerUnavailableAndKeepSession
620/649 Test #620: RealmSessionsTest.RuleErrorsAnswerUnavailableAndKeepSession ............................................   Passed    0.01 sec
        Start 621: RealmSessionsTest.NonRealmOrServerMessagesAreNotHandled
621/649 Test #621: RealmSessionsTest.NonRealmOrServerMessagesAreNotHandled ................................................   Passed    0.00 sec
        Start 622: RealmJourneyTest.CharacterLifecycleSurvivesReloginAndRealmRestart
622/649 Test #622: RealmJourneyTest.CharacterLifecycleSurvivesReloginAndRealmRestart ......................................   Passed   20.26 sec
        Start 623: LatencyRecorderTest.EmptyRecorderReportsZeros
623/649 Test #623: LatencyRecorderTest.EmptyRecorderReportsZeros ..........................................................   Passed    0.00 sec
        Start 624: LatencyRecorderTest.PercentilesFollowNearestRank
624/649 Test #624: LatencyRecorderTest.PercentilesFollowNearestRank .......................................................   Passed    0.00 sec
        Start 625: LatencyRecorderTest.PercentileOfSmallSample
625/649 Test #625: LatencyRecorderTest.PercentileOfSmallSample ............................................................   Passed    0.00 sec
        Start 626: PhaseCountersTest.FailuresBreakDownByKindAndMerge
626/649 Test #626: PhaseCountersTest.FailuresBreakDownByKindAndMerge ......................................................   Passed    0.00 sec
        Start 627: LoadgenReportTest.RenderLocksPhaseFieldsAndFailureNames
627/649 Test #627: LoadgenReportTest.RenderLocksPhaseFieldsAndFailureNames ................................................   Passed    0.00 sec
        Start 628: FailureKindNameTest.NamesEveryKind
628/649 Test #628: FailureKindNameTest.NamesEveryKind .....................................................................   Passed    0.00 sec
        Start 629: ParseLoadgenLoginTargetTest.AcceptsExplicitTargetsAndAllAlias
629/649 Test #629: ParseLoadgenLoginTargetTest.AcceptsExplicitTargetsAndAllAlias ..........................................   Passed    0.00 sec
        Start 630: LoginChainAdapterTest.MapsEveryTargetToValidatedLoginRun
630/649 Test #630: LoginChainAdapterTest.MapsEveryTargetToValidatedLoginRun ...............................................   Passed    0.00 sec
        Start 631: LoginChainAdapterTest.RejectsInvalidTargetSpecificConfiguration
631/649 Test #631: LoginChainAdapterTest.RejectsInvalidTargetSpecificConfiguration ........................................   Passed    0.00 sec
        Start 632: LoginChainAdapterTest.PollingProfileChangesPacingOnly
632/649 Test #632: LoginChainAdapterTest.PollingProfileChangesPacingOnly ..................................................   Passed    0.00 sec
        Start 633: LoginChainMetricsTest.MapsOperationsToExistingPhaseCounters
633/649 Test #633: LoginChainMetricsTest.MapsOperationsToExistingPhaseCounters ............................................   Passed    0.00 sec
        Start 634: LoginChainMetricsTest.RecordsRealmEntryFailuresAndLatency
634/649 Test #634: LoginChainMetricsTest.RecordsRealmEntryFailuresAndLatency ..............................................   Passed    0.00 sec
        Start 635: LoginChainMetricsTest.PreservesGatewayDialAttachBucketing
635/649 Test #635: LoginChainMetricsTest.PreservesGatewayDialAttachBucketing ..............................................   Passed    0.00 sec
        Start 636: ParseMetricsLineTest.ParsesPlainAndLabeledSeries
636/649 Test #636: ParseMetricsLineTest.ParsesPlainAndLabeledSeries .......................................................   Passed    0.00 sec
        Start 637: ScrapeMetricsTest.ParsesPrometheusBody
637/649 Test #637: ScrapeMetricsTest.ParsesPrometheusBody .................................................................   Passed    0.00 sec
        Start 638: LoadgenIntegrationTest.L1VerifyDirectsTrafficAndCountersAgree
638/649 Test #638: LoadgenIntegrationTest.L1VerifyDirectsTrafficAndCountersAgree ..........................................   Passed    1.45 sec
        Start 639: LoadgenIntegrationTest.L1TicketsIssueTokensAllValidate
639/649 Test #639: LoadgenIntegrationTest.L1TicketsIssueTokensAllValidate .................................................   Passed    2.23 sec
        Start 640: LoadgenIntegrationTest.L1GatewaySoakHoldsWaterLevelWithoutFdLeak
640/649 Test #640: LoadgenIntegrationTest.L1GatewaySoakHoldsWaterLevelWithoutFdLeak .......................................   Passed   13.40 sec
        Start 641: LoadgenIntegrationTest.AdapterAndDecoratorDriveRealGatewayChain
641/649 Test #641: LoadgenIntegrationTest.AdapterAndDecoratorDriveRealGatewayChain ........................................   Passed    4.38 sec
        Start 642: LoadgenIntegrationTest.FullTargetRedeemsRealmSession
642/649 Test #642: LoadgenIntegrationTest.FullTargetRedeemsRealmSession ...................................................   Passed    4.11 sec
        Start 643: LoadgenIntegrationTest.GatewayReadinessRecoversAfterEtcdOutage
643/649 Test #643: LoadgenIntegrationTest.GatewayReadinessRecoversAfterEtcdOutage .........................................   Passed    4.89 sec
        Start 644: LoadgenIntegrationTest.M2ReducedChainCompletesWithLowFetchFailure
644/649 Test #644: LoadgenIntegrationTest.M2ReducedChainCompletesWithLowFetchFailure ......................................   Passed   10.07 sec
        Start 645: LoadgenIntegrationTest.M3SmokeTenThousandTicketsAndConcurrentPolls
645/649 Test #645: LoadgenIntegrationTest.M3SmokeTenThousandTicketsAndConcurrentPolls .....................................   Passed   52.66 sec
        Start 646: LoadgenIntegrationTest.SuccessfulGatewayDialTimeIsExcludedFromAttach
646/649 Test #646: LoadgenIntegrationTest.SuccessfulGatewayDialTimeIsExcludedFromAttach ...................................   Passed    4.52 sec
        Start 647: LoadgenIntegrationTest.GatewayDialFailureIsChargedToAttach
647/649 Test #647: LoadgenIntegrationTest.GatewayDialFailureIsChargedToAttach .............................................   Passed    6.94 sec
        Start 648: LuaHarnessSelfTest
648/649 Test #648: LuaHarnessSelfTest .....................................................................................   Passed    0.01 sec
        Start 649: RealmTrainingRule
649/649 Test #649: RealmTrainingRule ......................................................................................   Passed    0.00 sec

100% tests passed, 0 tests failed out of 649

Label Time Summary:
integration    = 282.33 sec*proc (153 tests)
lua            =   0.01 sec*proc (2 tests)
unit           =   4.97 sec*proc (496 tests)

Total Test time (real) = 287.46 sec
