$ cmake -E copy /private/tmp/realmmesh-p5/deps-src/sodium-download/libsodium-1.0.22.tar.gz /private/tmp/realmmesh-p6-fixed/final/build/dev-ninja/third_party/sodium/sodium_external-prefix/src/libsodium-1.0.22.tar.gz
$ cmake --preset dev -DREALMMESH_CCACHE=OFF -DCMAKE_PROJECT_RealmMesh_INCLUDE=/private/tmp/realmmesh-p6-fixed/cold-final-results/compile-observer.cmake -DCMAKE_C_LINKER_LAUNCHER=/private/tmp/realmmesh-p6-fixed/launcher -DCMAKE_CXX_LINKER_LAUNCHER=/private/tmp/realmmesh-p6-fixed/launcher -DCMAKE_C_COMPILER_LAUNCHER= -DCMAKE_CXX_COMPILER_LAUNCHER= -DFETCHCONTENT_SOURCE_DIR_ABSL=/private/tmp/realmmesh-p5/deps-src/absl-src -DFETCHCONTENT_SOURCE_DIR_CPP_HTTPLIB_SOURCE=/private/tmp/realmmesh-p5/deps-src/cpp_httplib_source-src -DFETCHCONTENT_SOURCE_DIR_GOOGLETEST=/private/tmp/realmmesh-p5/deps-src/googletest-src -DFETCHCONTENT_SOURCE_DIR_LUA_SOURCE=/private/tmp/realmmesh-p5/deps-src/lua_source-src -DFETCHCONTENT_SOURCE_DIR_LUAUNIT=/private/tmp/realmmesh-p5/deps-src/luaunit-src -DFETCHCONTENT_SOURCE_DIR_MONGO-C-DRIVER=/private/tmp/realmmesh-p5/deps-src/mongo-c-driver-src -DFETCHCONTENT_SOURCE_DIR_MONGO-CXX-DRIVER=/private/tmp/realmmesh-p5/deps-src/mongo-cxx-driver-src -DFETCHCONTENT_SOURCE_DIR_NLOHMANN_JSON_SOURCE=/private/tmp/realmmesh-p5/deps-src/nlohmann_json_source-src -DFETCHCONTENT_SOURCE_DIR_PROTOBUF=/private/tmp/realmmesh-p5/deps-src/protobuf-src -DFETCHCONTENT_SOURCE_DIR_REALMMESH_PROTOC=/private/tmp/realmmesh-p5/deps-src/realmmesh_protoc-src -DFETCHCONTENT_SOURCE_DIR_SOL2_SOURCE=/private/tmp/realmmesh-p5/deps-src/sol2_source-src -DFETCHCONTENT_SOURCE_DIR_SPDLOG=/private/tmp/realmmesh-p5/deps-src/spdlog-src -DOPENSSL_INCLUDE_DIR=/opt/homebrew/opt/openssl@3/include
-- The C compiler identification is AppleClang 21.0.0.21000334
-- The CXX compiler identification is AppleClang 21.0.0.21000334
-- Detecting C compiler ABI info
-- Detecting C compiler ABI info - done
-- Check for working C compiler: /usr/bin/cc - skipped
-- Detecting C compile features
-- Detecting C compile features - done
-- Detecting CXX compiler ABI info
-- Detecting CXX compiler ABI info - done
-- Check for working CXX compiler: /usr/bin/c++ - skipped
-- Detecting CXX compile features
-- Detecting CXX compile features - done
-- RealmMesh ccache: OFF, disabled (OFF or tool absent); native compilation uses existing custom launchers or compiler directly
-- Found OpenSSL: /opt/homebrew/opt/openssl@3/lib/libcrypto.dylib (found suitable version "3.6.5", minimum required is "3.0") found components: SSL Crypto
-- RealmMesh: OpenSSL 3.6.5 from /opt/homebrew/Cellar/openssl@3/3.6.5 (root /opt/homebrew/opt/openssl@3, macOS default (Homebrew openssl@3))
-- realm_build_dir: preset dev -> /private/tmp/realmmesh-p6-fixed/final/build/dev-ninja
-- Using the multi-header code from /private/tmp/realmmesh-p5/deps-src/nlohmann_json_source-src/include/
-- MsQuic: 2.6.2 (/opt/homebrew/Cellar/libmsquic/2.6.2/lib/libmsquic.2.6.2.dylib)
-- Performing Test ABSL_INTERNAL_AT_LEAST_CXX17
-- Performing Test ABSL_INTERNAL_AT_LEAST_CXX17 - Failed
-- Performing Test ABSL_INTERNAL_AT_LEAST_CXX20
-- Performing Test ABSL_INTERNAL_AT_LEAST_CXX20 - Failed
-- Performing Test CMAKE_HAVE_LIBC_PTHREAD
-- Performing Test CMAKE_HAVE_LIBC_PTHREAD - Success
-- Found Threads: TRUE
-- realm_protocol: protoc 35.0 from the pinned release download
-- protobuf version: 35.0.0
-- Performing Test protobuf_HAVE_LD_VERSION_SCRIPT
-- Performing Test protobuf_HAVE_LD_VERSION_SCRIPT - Failed
-- Performing Test protobuf_HAVE_BUILTIN_ATOMICS
-- Performing Test protobuf_HAVE_BUILTIN_ATOMICS - Success
-- Build spdlog: 1.17.0
-- Build type: Debug
-- Looking for fwrite_unlocked
-- Looking for fwrite_unlocked - not found
-- Performing Test HAVE_LLD_LINKER_SUPPORT
-- Performing Test HAVE_LLD_LINKER_SUPPORT - Failed
-- Using bundled libbson
-- Looking for snprintf
-- Looking for snprintf - found
-- Performing Test BSON_HAVE_TIMESPEC
-- Performing Test BSON_HAVE_TIMESPEC - Success
-- Looking for gmtime_r
-- Looking for gmtime_r - found
-- Looking for rand_r
-- Looking for rand_r - found
-- Looking for strings.h
-- Looking for strings.h - found
-- Looking for strlcpy
-- Looking for strlcpy - found
-- Looking for stdbool.h
-- Looking for stdbool.h - found
-- Looking for clock_gettime
-- Looking for clock_gettime - found
-- Looking for strnlen
-- Looking for strnlen - found
-- Looking for aligned_alloc
-- Looking for aligned_alloc - found
-- Looking for sched_getcpu
-- Looking for sched_getcpu - not found
-- libmongoc version (from VERSION_CURRENT file): 2.5.5
-- Disabling zlib compression
-- Found OpenSSL: /opt/homebrew/opt/openssl@3/lib/libcrypto.dylib (found version "3.6.5")
-- libmongoc TLS : OpenSSL
-- Looking for ASN1_STRING_get0_data
-- Looking for ASN1_STRING_get0_data - found
-- Using SASL backend : OFF
-- Looking for sys/types.h
-- Looking for sys/types.h - found
-- Looking for stdint.h
-- Looking for stdint.h - found
-- Looking for stddef.h
-- Looking for stddef.h - found
-- Check size of socklen_t
-- Check size of socklen_t - done
-- Looking for res_nsearch
-- Looking for res_nsearch - found
-- Looking for res_search
-- Looking for res_search - found
-- Looking for res_ndestroy
-- Looking for res_ndestroy - found
-- Looking for res_nclose
-- Looking for res_nclose - found
-- Detected parameters: accept (int, struct sockaddr *, socklen_t *)
-- Performing Test MONGOC_HAVE_SS_FAMILY
-- Performing Test MONGOC_HAVE_SS_FAMILY - Success
-- SASL disabled
-- Enabling utf8proc (bundled)
-- Adding -fPIC to compilation of mongoc_static components
-- Build files generated for:
-- 	build system: Ninja
-- The following features have been enabled:

 * TLS, for secure network communication (OpenSSL)
 * Cryptography, cryptographic primitives (OpenSSL)

-- The following features have been disabled:

 * AWS Authentication, authenticate with MongoDB servers using credentials from AWS instance metadata. (Manually disabled)
 * SASL Authentication, authenticate with MongoDB servers using SASL: “Simple Authentication and Security Layer” (OFF)

-- bsoncxx version: 4.6.0
-- bsoncxx soversion: 1
-- Auto-configuring bsoncxx to use its own polyfill implementations since C++17 is inactive
-- Using bson targets imported via add_subdirectory() without version checks
-- Performing Test COMPILER_HAS_HIDDEN_VISIBILITY
-- Performing Test COMPILER_HAS_HIDDEN_VISIBILITY - Success
-- Performing Test COMPILER_HAS_HIDDEN_INLINE_VISIBILITY
-- Performing Test COMPILER_HAS_HIDDEN_INLINE_VISIBILITY - Success
-- mongocxx version: 4.6.0
-- mongocxx soversion: 1
-- Using mongoc targets imported via add_subdirectory() without version checks
-- Build files generated for:
-- 	build system: Ninja
-- realm_network: QUIC transport enabled (MsQuic found)
-- realm_network Event Loop backend: kqueue (REALMMESH_NET_BACKEND=auto)
-- Configuring done (4.0s)
-- Generating done (0.4s)
-- Build files have been written to: /private/tmp/realmmesh-p6-fixed/final/build/dev-ninja
$ cmake --build --preset dev --parallel 8
[0/2] Re-checking globbed directories...
[1/983] Building CXX object _deps/absl-build/absl/base/CMakeFiles/absl_base.dir/internal/unscaledcycleclock.cc.o
[2/983] Building CXX object _deps/absl-build/absl/base/CMakeFiles/absl_spinlock_wait.dir/internal/spinlock_wait.cc.o
[3/983] Linking CXX static library _deps/absl-build/absl/base/libabsl_spinlock_wait.a
[4/983] Building CXX object _deps/absl-build/absl/debugging/CMakeFiles/absl_utf8_for_code_point.dir/internal/utf8_for_code_point.cc.o
[5/983] Building CXX object _deps/absl-build/absl/base/CMakeFiles/absl_base.dir/internal/cycleclock.cc.o
[6/983] Building CXX object _deps/absl-build/absl/base/CMakeFiles/absl_base.dir/internal/spinlock.cc.o
[7/983] Building CXX object _deps/absl-build/absl/base/CMakeFiles/absl_base.dir/internal/thread_identity.cc.o
[8/983] Building CXX object _deps/absl-build/absl/base/CMakeFiles/absl_raw_logging_internal.dir/internal/raw_logging.cc.o
[9/983] Building CXX object _deps/absl-build/absl/base/CMakeFiles/absl_log_severity.dir/log_severity.cc.o
[10/983] Building CXX object _deps/absl-build/absl/base/CMakeFiles/absl_base.dir/internal/sysinfo.cc.o
[11/983] Linking CXX static library _deps/absl-build/absl/debugging/libabsl_utf8_for_code_point.a
[12/983] Building CXX object _deps/absl-build/absl/base/CMakeFiles/absl_throw_delegate.dir/internal/throw_delegate.cc.o
[13/983] Building CXX object _deps/absl-build/absl/strings/CMakeFiles/absl_strings_internal.dir/internal/utf8.cc.o
[14/983] Linking CXX static library _deps/absl-build/absl/base/libabsl_log_severity.a
[15/983] Building CXX object _deps/absl-build/absl/debugging/CMakeFiles/absl_demangle_rust.dir/internal/demangle_rust.cc.o
[16/983] Linking CXX static library _deps/absl-build/absl/base/libabsl_raw_logging_internal.a
[17/983] Building CXX object _deps/absl-build/absl/debugging/CMakeFiles/absl_decode_rust_punycode.dir/internal/decode_rust_punycode.cc.o
[18/983] Linking CXX static library _deps/absl-build/absl/base/libabsl_base.a
[19/983] Building CXX object _deps/absl-build/absl/strings/CMakeFiles/absl_string_view.dir/string_view.cc.o
[20/983] Linking CXX static library _deps/absl-build/absl/base/libabsl_throw_delegate.a
[21/983] Linking CXX static library _deps/absl-build/absl/debugging/libabsl_decode_rust_punycode.a
[22/983] Building CXX object _deps/absl-build/absl/strings/CMakeFiles/absl_strings_internal.dir/internal/ostringstream.cc.o
[23/983] Linking CXX static library _deps/absl-build/absl/strings/libabsl_string_view.a
[24/983] Building CXX object _deps/absl-build/absl/strings/CMakeFiles/absl_strings_internal.dir/internal/escaping.cc.o
[25/983] Building CXX object _deps/absl-build/absl/crc/CMakeFiles/absl_crc_cpu_detect.dir/internal/cpu_detect.cc.o
[26/983] Building CXX object _deps/absl-build/absl/numeric/CMakeFiles/absl_int128.dir/int128.cc.o
[27/983] Building CXX object _deps/absl-build/absl/strings/CMakeFiles/absl_strings.dir/ascii.cc.o
[28/983] Building CXX object _deps/absl-build/absl/strings/CMakeFiles/absl_strings.dir/charconv.cc.o
[29/983] Building CXX object _deps/absl-build/absl/strings/CMakeFiles/absl_strings.dir/internal/stringify_sink.cc.o
[30/983] Building CXX object _deps/absl-build/absl/strings/CMakeFiles/absl_strings.dir/escaping.cc.o
[31/983] Building CXX object _deps/absl-build/absl/strings/CMakeFiles/absl_strings.dir/internal/memutil.cc.o
[32/983] Building CXX object _deps/absl-build/absl/strings/CMakeFiles/absl_strings.dir/internal/damerau_levenshtein_distance.cc.o
[33/983] Building CXX object _deps/absl-build/absl/strings/CMakeFiles/absl_strings.dir/internal/charconv_parse.cc.o
[34/983] Building CXX object _deps/absl-build/absl/strings/CMakeFiles/absl_strings.dir/internal/charconv_bigint.cc.o
[35/983] Building CXX object _deps/absl-build/absl/strings/CMakeFiles/absl_strings.dir/match.cc.o
[36/983] Building CXX object _deps/absl-build/absl/strings/CMakeFiles/absl_strings.dir/str_cat.cc.o
[37/983] Building CXX object _deps/absl-build/absl/strings/CMakeFiles/absl_strings.dir/numbers.cc.o
[38/983] Building CXX object _deps/absl-build/absl/strings/CMakeFiles/absl_strings.dir/str_replace.cc.o
[39/983] Building CXX object _deps/absl-build/absl/time/CMakeFiles/absl_civil_time.dir/internal/cctz/src/civil_time_detail.cc.o
[40/983] Building CXX object _deps/absl-build/absl/strings/CMakeFiles/absl_strings.dir/str_split.cc.o
[41/983] Building CXX object _deps/absl-build/absl/time/CMakeFiles/absl_time_zone.dir/internal/cctz/src/time_zone_fixed.cc.o
[42/983] Building CXX object _deps/absl-build/absl/strings/CMakeFiles/absl_strings.dir/substitute.cc.o
[43/983] Building CXX object _deps/absl-build/absl/time/CMakeFiles/absl_time_zone.dir/internal/cctz/src/time_zone_format.cc.o
[44/983] Building CXX object _deps/absl-build/absl/time/CMakeFiles/absl_time_zone.dir/internal/cctz/src/time_zone_posix.cc.o
[45/983] Building CXX object _deps/absl-build/absl/time/CMakeFiles/absl_time_zone.dir/internal/cctz/src/time_zone_if.cc.o
[46/983] Building CXX object _deps/absl-build/absl/time/CMakeFiles/absl_time_zone.dir/internal/cctz/src/zone_info_source.cc.o
[47/983] Building CXX object _deps/absl-build/absl/time/CMakeFiles/absl_time_zone.dir/internal/cctz/src/time_zone_impl.cc.o
[48/983] Building CXX object _deps/absl-build/absl/time/CMakeFiles/absl_time_zone.dir/internal/cctz/src/time_zone_libc.cc.o
[49/983] Building CXX object _deps/absl-build/absl/time/CMakeFiles/absl_time_zone.dir/internal/cctz/src/time_zone_lookup.cc.o
[50/983] Building CXX object _deps/absl-build/absl/debugging/CMakeFiles/absl_debugging_internal.dir/internal/address_is_readable.cc.o
[51/983] Building CXX object _deps/absl-build/absl/debugging/CMakeFiles/absl_debugging_internal.dir/internal/elf_mem_image.cc.o
[52/983] Linking CXX static library _deps/absl-build/absl/debugging/libabsl_demangle_rust.a
[53/983] Building CXX object _deps/absl-build/absl/debugging/CMakeFiles/absl_debugging_internal.dir/internal/vdso_support.cc.o
[54/983] Building CXX object _deps/absl-build/absl/time/CMakeFiles/absl_time_zone.dir/internal/cctz/src/time_zone_info.cc.o
[55/983] Linking CXX static library _deps/absl-build/absl/numeric/libabsl_int128.a
[56/983] Building CXX object _deps/absl-build/absl/base/CMakeFiles/absl_malloc_internal.dir/internal/low_level_alloc.cc.o
[57/983] Linking CXX static library _deps/absl-build/absl/strings/libabsl_strings_internal.a
[58/983] Linking CXX static library _deps/absl-build/absl/crc/libabsl_crc_cpu_detect.a
[59/983] Building CXX object _deps/absl-build/absl/crc/CMakeFiles/absl_crc_internal.dir/internal/crc.cc.o
[60/983] Building CXX object _deps/absl-build/absl/debugging/CMakeFiles/absl_demangle_internal.dir/internal/demangle.cc.o
[61/983] Linking CXX static library _deps/absl-build/absl/strings/libabsl_strings.a
[62/983] Building CXX object _deps/absl-build/absl/strings/CMakeFiles/absl_str_format_internal.dir/internal/str_format/extension.cc.o
[63/983] Building CXX object _deps/absl-build/absl/strings/CMakeFiles/absl_str_format_internal.dir/internal/str_format/arg.cc.o
[64/983] Building CXX object _deps/absl-build/absl/crc/CMakeFiles/absl_crc_internal.dir/internal/crc_x86_arm_combined.cc.o
[65/983] Building CXX object _deps/absl-build/absl/strings/CMakeFiles/absl_str_format_internal.dir/internal/str_format/bind.cc.o
[66/983] Building CXX object _deps/absl-build/absl/strings/CMakeFiles/absl_str_format_internal.dir/internal/str_format/output.cc.o
[67/983] Building CXX object _deps/absl-build/absl/strings/CMakeFiles/absl_str_format_internal.dir/internal/str_format/float_conversion.cc.o
[68/983] Building CXX object _deps/absl-build/absl/base/CMakeFiles/absl_tracing_internal.dir/internal/tracing.cc.o
[69/983] Linking CXX static library _deps/absl-build/absl/time/libabsl_civil_time.a
[70/983] Linking CXX static library _deps/absl-build/absl/time/libabsl_time_zone.a
[71/983] Building CXX object _deps/absl-build/absl/strings/CMakeFiles/absl_str_format_internal.dir/internal/str_format/parser.cc.o
[72/983] Building CXX object _deps/absl-build/absl/time/CMakeFiles/absl_time.dir/civil_time.cc.o
[73/983] Linking CXX static library _deps/absl-build/absl/base/libabsl_malloc_internal.a
[74/983] Linking CXX static library _deps/absl-build/absl/crc/libabsl_crc_internal.a
[75/983] Building CXX object _deps/absl-build/absl/time/CMakeFiles/absl_time.dir/clock.cc.o
[76/983] Building CXX object _deps/absl-build/absl/time/CMakeFiles/absl_time.dir/format.cc.o
[77/983] Building CXX object _deps/absl-build/absl/time/CMakeFiles/absl_time.dir/duration.cc.o
[78/983] Building CXX object _deps/absl-build/absl/time/CMakeFiles/absl_time.dir/time.cc.o
[79/983] Linking CXX static library _deps/absl-build/absl/debugging/libabsl_debugging_internal.a
[80/983] Building CXX object _deps/absl-build/absl/debugging/CMakeFiles/absl_stacktrace.dir/stacktrace.cc.o
[81/983] Linking CXX static library _deps/absl-build/absl/debugging/libabsl_demangle_internal.a
[82/983] Linking CXX static library _deps/absl-build/absl/strings/libabsl_str_format_internal.a
[83/983] Building CXX object _deps/absl-build/absl/crc/CMakeFiles/absl_crc32c.dir/crc32c.cc.o
[84/983] Linking CXX static library _deps/absl-build/absl/time/libabsl_time.a
[85/983] Building CXX object _deps/absl-build/absl/crc/CMakeFiles/absl_crc32c.dir/internal/crc_memcpy_fallback.cc.o
[86/983] Linking CXX static library _deps/absl-build/absl/base/libabsl_tracing_internal.a
[87/983] Building CXX object _deps/absl-build/absl/crc/CMakeFiles/absl_crc32c.dir/internal/crc_memcpy_x86_arm_combined.cc.o
[88/983] Linking CXX static library _deps/absl-build/absl/debugging/libabsl_stacktrace.a
[89/983] Building CXX object _deps/absl-build/absl/debugging/CMakeFiles/absl_symbolize.dir/symbolize.cc.o
[90/983] Building CXX object _deps/absl-build/absl/crc/CMakeFiles/absl_crc32c.dir/internal/crc_non_temporal_memcpy.cc.o
[91/983] Linking CXX static library _deps/absl-build/absl/debugging/libabsl_symbolize.a
[92/983] Building CXX object _deps/absl-build/absl/synchronization/CMakeFiles/absl_graphcycles_internal.dir/internal/graphcycles.cc.o
[93/983] Linking CXX static library _deps/absl-build/absl/crc/libabsl_crc32c.a
[94/983] Building CXX object _deps/absl-build/absl/random/CMakeFiles/absl_random_internal_platform.dir/internal/randen_round_keys.cc.o
[95/983] Building CXX object _deps/absl-build/absl/synchronization/CMakeFiles/absl_kernel_timeout_internal.dir/internal/kernel_timeout.cc.o
[96/983] Linking CXX static library _deps/absl-build/absl/synchronization/libabsl_graphcycles_internal.a
[97/983] Building CXX object _deps/absl-build/absl/profiling/CMakeFiles/absl_exponential_biased.dir/internal/exponential_biased.cc.o
[98/983] Linking CXX static library _deps/absl-build/absl/synchronization/libabsl_kernel_timeout_internal.a
[99/983] Building CXX object _deps/absl-build/absl/log/CMakeFiles/absl_log_internal_fnmatch.dir/internal/fnmatch.cc.o
[100/983] Building CXX object _deps/absl-build/absl/hash/CMakeFiles/absl_city.dir/internal/city.cc.o
[101/983] Building CXX object _deps/absl-build/absl/hash/CMakeFiles/absl_low_level_hash.dir/internal/low_level_hash.cc.o
[102/983] Building CXX object _deps/absl-build/absl/synchronization/CMakeFiles/absl_synchronization.dir/internal/sem_waiter.cc.o
[103/983] Building CXX object _deps/absl-build/absl/crc/CMakeFiles/absl_crc_cord_state.dir/internal/crc_cord_state.cc.o
[104/983] Building CXX object _deps/absl-build/absl/synchronization/CMakeFiles/absl_synchronization.dir/barrier.cc.o
[105/983] Building CXX object _deps/absl-build/absl/synchronization/CMakeFiles/absl_synchronization.dir/internal/win32_waiter.cc.o
[106/983] Building CXX object _deps/absl-build/absl/synchronization/CMakeFiles/absl_synchronization.dir/blocking_counter.cc.o
[107/983] Building CXX object _deps/absl-build/absl/synchronization/CMakeFiles/absl_synchronization.dir/internal/futex_waiter.cc.o
[108/983] Building CXX object _deps/absl-build/absl/synchronization/CMakeFiles/absl_synchronization.dir/internal/create_thread_identity.cc.o
[109/983] Creating directories for 'sodium_external'
[110/983] Building CXX object _deps/absl-build/absl/synchronization/CMakeFiles/absl_synchronization.dir/internal/per_thread_sem.cc.o
[111/983] Building CXX object _deps/absl-build/absl/synchronization/CMakeFiles/absl_synchronization.dir/internal/pthread_waiter.cc.o
[112/983] Linking CXX static library _deps/absl-build/absl/profiling/libabsl_exponential_biased.a
[113/983] Building CXX object _deps/absl-build/absl/synchronization/CMakeFiles/absl_synchronization.dir/internal/stdcpp_waiter.cc.o
[114/983] Building CXX object _deps/absl-build/absl/synchronization/CMakeFiles/absl_synchronization.dir/internal/waiter_base.cc.o
[115/983] Linking CXX static library _deps/absl-build/absl/crc/libabsl_crc_cord_state.a
[116/983] Linking CXX static library _deps/absl-build/absl/hash/libabsl_city.a
[117/983] Linking CXX static library _deps/absl-build/absl/hash/libabsl_low_level_hash.a
[118/983] Linking CXX static library _deps/absl-build/absl/log/libabsl_log_internal_fnmatch.a
[119/983] Building CXX object _deps/absl-build/absl/synchronization/CMakeFiles/absl_synchronization.dir/notification.cc.o
[120/983] Linking CXX static library _deps/absl-build/absl/random/libabsl_random_internal_platform.a
[121/983] Building CXX object _deps/absl-build/absl/synchronization/CMakeFiles/absl_synchronization.dir/mutex.cc.o
[122/983] Building CXX object _deps/absl-build/absl/random/CMakeFiles/absl_random_internal_randen_hwaes_impl.dir/internal/randen_hwaes.cc.o
[123/983] Building CXX object _deps/absl-build/absl/hash/CMakeFiles/absl_hash.dir/internal/hash.cc.o
[124/983] Building CXX object _deps/absl-build/absl/log/CMakeFiles/absl_vlog_config_internal.dir/internal/vlog_config.cc.o
[125/983] Building CXX object _deps/absl-build/absl/strings/CMakeFiles/absl_cord_internal.dir/internal/cord_rep_btree.cc.o
[126/983] Building CXX object _deps/absl-build/absl/strings/CMakeFiles/absl_cord_internal.dir/internal/cord_internal.cc.o
[127/983] Linking CXX static library _deps/absl-build/absl/synchronization/libabsl_synchronization.a
[128/983] Building CXX object _deps/absl-build/absl/flags/CMakeFiles/absl_flags_commandlineflag_internal.dir/internal/commandlineflag.cc.o
[129/983] Building CXX object _deps/absl-build/absl/strings/CMakeFiles/absl_cord_internal.dir/internal/cord_rep_btree_navigator.cc.o
[130/983] Building CXX object _deps/absl-build/absl/strings/CMakeFiles/absl_cord_internal.dir/internal/cord_rep_btree_reader.cc.o
[131/983] Linking CXX static library _deps/absl-build/absl/hash/libabsl_hash.a
[132/983] Building CXX object _deps/absl-build/absl/strings/CMakeFiles/absl_cord_internal.dir/internal/cord_rep_consume.cc.o
[133/983] Performing download step (download, verify and extract) for 'sodium_external'
-- verifying file...
       file='/private/tmp/realmmesh-p6-fixed/final/build/dev-ninja/third_party/sodium/sodium_external-prefix/src/libsodium-1.0.22.tar.gz'
-- File already exists and hash match (skip download):
  file='/private/tmp/realmmesh-p6-fixed/final/build/dev-ninja/third_party/sodium/sodium_external-prefix/src/libsodium-1.0.22.tar.gz'
  SHA256='adbdd8f16149e81ac6078a03aca6fc03b592b89ef7b5ed83841c086191be3349'
-- extracting...
     src='/private/tmp/realmmesh-p6-fixed/final/build/dev-ninja/third_party/sodium/sodium_external-prefix/src/libsodium-1.0.22.tar.gz'
     dst='/private/tmp/realmmesh-p6-fixed/final/build/dev-ninja/third_party/sodium/sodium_external-prefix/src/sodium_external'
-- extracting... [tar xf]
-- extracting... [analysis]
-- extracting... [rename]
-- extracting... [clean up]
-- extracting... done
[134/983] Building CXX object _deps/absl-build/absl/strings/CMakeFiles/absl_cordz_functions.dir/internal/cordz_functions.cc.o
[135/983] Linking CXX static library _deps/absl-build/absl/log/libabsl_vlog_config_internal.a
[136/983] Building CXX object _deps/absl-build/absl/strings/CMakeFiles/absl_cord_internal.dir/internal/cord_rep_crc.cc.o
[137/983] Building CXX object _deps/absl-build/absl/strings/CMakeFiles/absl_cordz_handle.dir/internal/cordz_handle.cc.o
[138/983] Linking CXX static library _deps/absl-build/absl/random/libabsl_random_internal_randen_hwaes_impl.a
[139/983] Linking CXX static library _deps/absl-build/absl/strings/libabsl_cord_internal.a
[140/983] Linking CXX static library _deps/absl-build/absl/strings/libabsl_cordz_functions.a
[141/983] Building CXX object _deps/absl-build/absl/log/CMakeFiles/absl_log_internal_proto.dir/internal/proto.cc.o
[142/983] Building CXX object _deps/absl-build/absl/log/CMakeFiles/absl_log_internal_globals.dir/internal/globals.cc.o
[143/983] No update_disconnected step for 'sodium_external'
[144/983] Linking CXX static library _deps/absl-build/absl/strings/libabsl_cordz_handle.a
[145/983] Building CXX object _deps/absl-build/absl/log/CMakeFiles/absl_log_sink.dir/log_sink.cc.o
[146/983] Building CXX object _deps/absl-build/absl/random/CMakeFiles/absl_random_internal_randen_slow.dir/internal/randen_slow.cc.o
[147/983] Building CXX object _deps/absl-build/absl/random/CMakeFiles/absl_random_internal_randen_hwaes.dir/internal/randen_detect.cc.o
[148/983] Building CXX object _deps/absl-build/absl/debugging/CMakeFiles/absl_leak_check.dir/leak_check.cc.o
[149/983] Building CXX object _deps/absl-build/absl/log/CMakeFiles/absl_log_globals.dir/globals.cc.o
[150/983] Linking CXX static library _deps/absl-build/absl/flags/libabsl_flags_commandlineflag_internal.a
[151/983] Building CXX object _deps/absl-build/absl/base/CMakeFiles/absl_strerror.dir/internal/strerror.cc.o
[152/983] Linking CXX static library _deps/absl-build/absl/log/libabsl_log_internal_globals.a
[153/983] Linking CXX static library _deps/absl-build/absl/log/libabsl_log_internal_proto.a
[154/983] Building CXX object _deps/absl-build/absl/container/CMakeFiles/absl_hashtablez_sampler.dir/internal/hashtablez_sampler.cc.o
[155/983] Building CXX object _deps/absl-build/absl/debugging/CMakeFiles/absl_examine_stack.dir/internal/examine_stack.cc.o
[156/983] Building CXX object _deps/absl-build/absl/container/CMakeFiles/absl_hashtablez_sampler.dir/internal/hashtablez_sampler_force_weak_definition.cc.o
[157/983] Building CXX object _deps/absl-build/absl/strings/CMakeFiles/absl_cordz_info.dir/internal/cordz_info.cc.o
[158/983] Building CXX object _deps/absl-build/absl/flags/CMakeFiles/absl_flags_commandlineflag.dir/commandlineflag.cc.o
[159/983] Linking CXX static library _deps/absl-build/absl/log/libabsl_log_globals.a
[160/983] Building CXX object _deps/absl-build/absl/flags/CMakeFiles/absl_flags_program_name.dir/internal/program_name.cc.o
[161/983] Linking CXX static library _deps/absl-build/absl/log/libabsl_log_sink.a
[162/983] Linking CXX static library _deps/absl-build/absl/random/libabsl_random_internal_randen_slow.a
[163/983] Building CXX object _deps/absl-build/absl/log/CMakeFiles/absl_log_internal_nullguard.dir/internal/nullguard.cc.o
[164/983] Building CXX object _deps/absl-build/absl/log/CMakeFiles/absl_log_internal_format.dir/internal/log_format.cc.o
[165/983] Linking CXX static library _deps/absl-build/absl/random/libabsl_random_internal_randen_hwaes.a
[166/983] Linking CXX static library _deps/absl-build/absl/strings/libabsl_cordz_info.a
[167/983] No patch_disconnected step for 'sodium_external'
[168/983] Linking CXX static library _deps/absl-build/absl/base/libabsl_strerror.a
[169/983] Building CXX object _deps/absl-build/absl/random/CMakeFiles/absl_random_seed_gen_exception.dir/seed_gen_exception.cc.o
[170/983] Building CXX object _deps/absl-build/absl/log/CMakeFiles/absl_log_internal_log_sink_set.dir/internal/log_sink_set.cc.o
[171/983] Building CXX object _deps/absl-build/absl/log/CMakeFiles/absl_log_internal_structured_proto.dir/internal/structured_proto.cc.o
[172/983] Linking CXX static library _deps/absl-build/absl/container/libabsl_hashtablez_sampler.a
[173/983] Building CXX object _deps/absl-build/absl/random/CMakeFiles/absl_random_internal_randen.dir/internal/randen.cc.o
[174/983] Building CXX object _deps/absl-build/absl/random/CMakeFiles/absl_random_internal_seed_material.dir/internal/seed_material.cc.o
[175/983] Linking CXX static library _deps/absl-build/absl/debugging/libabsl_examine_stack.a
[176/983] Linking CXX static library _deps/absl-build/absl/debugging/libabsl_leak_check.a
[177/983] Building CXX object _deps/absl-build/absl/log/CMakeFiles/absl_log_internal_conditions.dir/internal/conditions.cc.o
[178/983] Linking CXX static library _deps/absl-build/absl/flags/libabsl_flags_program_name.a
[179/983] Linking CXX static library _deps/absl-build/absl/flags/libabsl_flags_commandlineflag.a
[180/983] Linking CXX static library _deps/absl-build/absl/log/libabsl_log_internal_format.a
[181/983] Linking CXX static library _deps/absl-build/absl/log/libabsl_log_internal_log_sink_set.a
[182/983] Building CXX object _deps/absl-build/absl/strings/CMakeFiles/absl_cord.dir/cord_analysis.cc.o
[183/983] Building CXX object _deps/absl-build/absl/flags/CMakeFiles/absl_flags_private_handle_accessor.dir/internal/private_handle_accessor.cc.o
[184/983] Linking CXX static library _deps/absl-build/absl/log/libabsl_log_internal_nullguard.a
[185/983] Building CXX object _deps/absl-build/absl/flags/CMakeFiles/absl_flags_config.dir/usage_config.cc.o
[186/983] Linking CXX static library _deps/absl-build/absl/log/libabsl_log_internal_structured_proto.a
[187/983] Linking CXX static library _deps/absl-build/absl/random/libabsl_random_seed_gen_exception.a
[188/983] Building CXX object _deps/absl-build/absl/flags/CMakeFiles/absl_flags_marshalling.dir/marshalling.cc.o
[189/983] Building CXX object _deps/absl-build/absl/strings/CMakeFiles/absl_cord.dir/cord.cc.o
[190/983] Linking CXX static library _deps/absl-build/absl/random/libabsl_random_internal_seed_material.a
[191/983] Linking CXX static library _deps/absl-build/absl/random/libabsl_random_internal_randen.a
[192/983] Building CXX object _deps/absl-build/absl/log/CMakeFiles/absl_log_internal_message.dir/internal/log_message.cc.o
[193/983] Linking CXX static library _deps/absl-build/absl/strings/libabsl_cord.a
[194/983] Building CXX object _deps/absl-build/absl/container/CMakeFiles/absl_raw_hash_set.dir/internal/raw_hash_set.cc.o
[195/983] Building CXX object _deps/absl-build/absl/random/CMakeFiles/absl_random_internal_entropy_pool.dir/internal/entropy_pool.cc.o
[196/983] Linking CXX static library _deps/absl-build/absl/flags/libabsl_flags_config.a
[197/983] Linking CXX static library _deps/absl-build/absl/container/libabsl_raw_hash_set.a
[198/983] Linking CXX static library _deps/absl-build/absl/flags/libabsl_flags_marshalling.a
[199/983] Linking CXX static library _deps/absl-build/absl/flags/libabsl_flags_private_handle_accessor.a
[200/983] Linking CXX static library _deps/absl-build/absl/log/libabsl_log_internal_conditions.a
[201/983] Linking CXX static library _deps/absl-build/absl/log/libabsl_log_internal_message.a
[202/983] Building CXX object _deps/absl-build/absl/status/CMakeFiles/absl_status.dir/internal/status_internal.cc.o
[203/983] Building CXX object _deps/absl-build/absl/status/CMakeFiles/absl_status.dir/status.cc.o
[204/983] Building CXX object _deps/absl-build/absl/status/CMakeFiles/absl_status.dir/status_payload_printer.cc.o
[205/983] Building CXX object _deps/absl-build/absl/log/CMakeFiles/absl_log_internal_check_op.dir/internal/check_op.cc.o
[206/983] Building CXX object _deps/absl-build/absl/flags/CMakeFiles/absl_flags_internal.dir/internal/flag.cc.o
[207/983] Linking CXX static library _deps/absl-build/absl/random/libabsl_random_internal_entropy_pool.a
[208/983] Linking CXX static library _deps/absl-build/absl/status/libabsl_status.a
[209/983] Building CXX object _deps/absl-build/absl/log/CMakeFiles/absl_log_initialize.dir/initialize.cc.o
[210/983] Building CXX object _deps/absl-build/absl/log/CMakeFiles/absl_die_if_null.dir/die_if_null.cc.o
[211/983] Building CXX object _deps/absl-build/absl/random/CMakeFiles/absl_random_distributions.dir/gaussian_distribution.cc.o
[212/983] Building CXX object _deps/absl-build/absl/random/CMakeFiles/absl_random_distributions.dir/discrete_distribution.cc.o
[213/983] Linking CXX static library _deps/absl-build/absl/flags/libabsl_flags_internal.a
[214/983] Building C object _deps/protobuf-build/third_party/utf8_range/CMakeFiles/utf8_validity.dir/utf8_range.c.o
[215/983] Building CXX object _deps/absl-build/absl/flags/CMakeFiles/absl_flags_reflection.dir/reflection.cc.o
[216/983] Linking CXX static library _deps/absl-build/absl/log/libabsl_log_internal_check_op.a
[217/983] Building CXX object _deps/absl-build/absl/random/CMakeFiles/absl_random_seed_sequences.dir/seed_sequences.cc.o
[218/983] Linking CXX static library _deps/absl-build/absl/flags/libabsl_flags_reflection.a
[219/983] Linking CXX static library _deps/absl-build/absl/log/libabsl_die_if_null.a
[220/983] Linking CXX static library _deps/absl-build/absl/log/libabsl_log_initialize.a
[221/983] Linking CXX static library _deps/absl-build/absl/random/libabsl_random_distributions.a
[222/983] Building CXX object _deps/protobuf-build/CMakeFiles/libprotobuf-lite.dir/src/google/protobuf/arenaz_sampler.cc.o
[223/983] Linking CXX static library _deps/absl-build/absl/random/libabsl_random_seed_sequences.a
[224/983] Building CXX object _deps/protobuf-build/CMakeFiles/libprotobuf-lite.dir/src/google/protobuf/arena_align.cc.o
[225/983] Building CXX object _deps/absl-build/absl/status/CMakeFiles/absl_statusor.dir/statusor.cc.o
[226/983] Building CXX object _deps/protobuf-build/CMakeFiles/libprotobuf-lite.dir/src/google/protobuf/arena.cc.o
[227/983] Building CXX object _deps/protobuf-build/CMakeFiles/libprotobuf-lite.dir/src/google/protobuf/any_lite.cc.o
[228/983] Building CXX object _deps/protobuf-build/CMakeFiles/libprotobuf-lite.dir/src/google/protobuf/arenastring.cc.o
[229/983] Building CXX object _deps/protobuf-build/CMakeFiles/libprotobuf-lite.dir/src/google/protobuf/generated_enum_util.cc.o
[230/983] Building CXX object _deps/protobuf-build/CMakeFiles/libprotobuf-lite.dir/src/google/protobuf/io/io_win32.cc.o
[231/983] Building CXX object _deps/protobuf-build/CMakeFiles/libprotobuf-lite.dir/src/google/protobuf/generated_message_util.cc.o
[232/983] Building CXX object _deps/protobuf-build/CMakeFiles/libprotobuf-lite.dir/src/google/protobuf/implicit_weak_message.cc.o
[233/983] Building CXX object _deps/protobuf-build/CMakeFiles/libprotobuf-lite.dir/src/google/protobuf/io/coded_stream.cc.o
[234/983] Building CXX object _deps/protobuf-build/CMakeFiles/libprotobuf-lite.dir/src/google/protobuf/extension_set.cc.o
[235/983] Building CXX object _deps/protobuf-build/CMakeFiles/libprotobuf-lite.dir/src/google/protobuf/inlined_string_field.cc.o
[236/983] Building CXX object _deps/protobuf-build/CMakeFiles/libprotobuf-lite.dir/src/google/protobuf/io/zero_copy_stream.cc.o
[237/983] Building CXX object _deps/protobuf-build/CMakeFiles/libprotobuf-lite.dir/src/google/protobuf/generated_message_tctable_lite.cc.o
[238/983] Building CXX object _deps/protobuf-build/CMakeFiles/libprotobuf-lite.dir/src/google/protobuf/io/zero_copy_stream_impl.cc.o
[239/983] Building CXX object _deps/protobuf-build/CMakeFiles/libprotobuf-lite.dir/src/google/protobuf/io/zero_copy_stream_impl_lite.cc.o
[240/983] Building CXX object _deps/protobuf-build/CMakeFiles/libprotobuf-lite.dir/src/google/protobuf/raw_ptr.cc.o
[241/983] Building CXX object _deps/protobuf-build/CMakeFiles/libprotobuf-lite.dir/src/google/protobuf/micro_string.cc.o
[242/983] Building CXX object _deps/protobuf-build/CMakeFiles/libprotobuf-lite.dir/src/google/protobuf/port.cc.o
[243/983] Building CXX object _deps/protobuf-build/CMakeFiles/libprotobuf-lite.dir/src/google/protobuf/map.cc.o
[244/983] Linking CXX static library _deps/protobuf-build/third_party/utf8_range/libutf8_validity.a
[245/983] Linking CXX static library _deps/absl-build/absl/status/libabsl_statusor.a
[246/983] Building CXX object _deps/protobuf-build/CMakeFiles/libprotobuf-lite.dir/src/google/protobuf/message_lite.cc.o
[247/983] Building CXX object _deps/protobuf-build/CMakeFiles/libprotobuf-lite.dir/src/google/protobuf/parse_context.cc.o
[248/983] Building CXX object _deps/protobuf-build/CMakeFiles/libprotobuf-lite.dir/src/google/protobuf/stubs/common.cc.o
[249/983] Building CXX object _deps/protobuf-build/CMakeFiles/libprotobuf-lite.dir/src/google/protobuf/repeated_field.cc.o
[250/983] Building CXX object _deps/protobuf-build/CMakeFiles/libprotobuf-lite.dir/src/google/protobuf/repeated_ptr_field.cc.o
[251/983] Building CXX object _deps/spdlog-build/CMakeFiles/spdlog.dir/src/stdout_sinks.cpp.o
[252/983] Building CXX object _deps/spdlog-build/CMakeFiles/spdlog.dir/src/file_sinks.cpp.o
[253/983] Building CXX object _deps/spdlog-build/CMakeFiles/spdlog.dir/src/color_sinks.cpp.o
[254/983] Building CXX object _deps/protobuf-build/CMakeFiles/libprotobuf-lite.dir/src/google/protobuf/wire_format_lite.cc.o
[255/983] Building C object _deps/mongo-c-driver-build/src/libbson/CMakeFiles/bson_static.dir/private/tmp/realmmesh-p5/deps-src/mongo-c-driver-src/src/common/src/common-atomic.c.o
[256/983] Building CXX object _deps/spdlog-build/CMakeFiles/spdlog.dir/src/cfg.cpp.o
[257/983] Building CXX object _deps/spdlog-build/CMakeFiles/spdlog.dir/src/async.cpp.o
[258/983] Building C object _deps/mongo-c-driver-build/src/libbson/CMakeFiles/bson_static.dir/private/tmp/realmmesh-p5/deps-src/mongo-c-driver-src/src/common/src/common-b64.c.o
[259/983] Linking CXX static library _deps/protobuf-build/libprotobuf-lited.a
[260/983] Building C object _deps/mongo-c-driver-build/src/libbson/CMakeFiles/bson_static.dir/private/tmp/realmmesh-p5/deps-src/mongo-c-driver-src/src/common/src/common-oid.c.o
[261/983] Building C object _deps/mongo-c-driver-build/src/libbson/CMakeFiles/bson_static.dir/private/tmp/realmmesh-p5/deps-src/mongo-c-driver-src/src/common/src/common-json.c.o
[262/983] Building C object _deps/mongo-c-driver-build/src/libbson/CMakeFiles/bson_static.dir/private/tmp/realmmesh-p5/deps-src/mongo-c-driver-src/src/common/src/common-md5.c.o
[263/983] Building C object _deps/mongo-c-driver-build/src/libbson/CMakeFiles/bson_static.dir/private/tmp/realmmesh-p5/deps-src/mongo-c-driver-src/src/common/src/common-string.c.o
[264/983] Building C object _deps/mongo-c-driver-build/src/libbson/CMakeFiles/bson_static.dir/private/tmp/realmmesh-p5/deps-src/mongo-c-driver-src/src/common/src/common-thread.c.o
[265/983] Building C object _deps/mongo-c-driver-build/src/libbson/CMakeFiles/bson_static.dir/src/bson/bson-bcon.c.o
[266/983] Building C object _deps/mongo-c-driver-build/src/libbson/CMakeFiles/bson_static.dir/src/bson/bson-clock.c.o
[267/983] Building C object _deps/mongo-c-driver-build/src/libbson/CMakeFiles/bson_static.dir/src/bson/bson-iso8601.c.o
[268/983] Building C object _deps/mongo-c-driver-build/src/libbson/CMakeFiles/bson_static.dir/src/bson/bson-context.c.o
[269/983] Building C object _deps/mongo-c-driver-build/src/libbson/CMakeFiles/bson_static.dir/src/bson/bson-decimal128.c.o
[270/983] Building C object _deps/mongo-c-driver-build/src/libbson/CMakeFiles/bson_static.dir/src/bson/bson-keys.c.o
[271/983] Building C object _deps/mongo-c-driver-build/src/libbson/CMakeFiles/bson_static.dir/src/bson/bson-oid.c.o
[272/983] Building C object _deps/mongo-c-driver-build/src/libbson/CMakeFiles/bson_static.dir/src/bson/bson-reader.c.o
[273/983] Building C object _deps/mongo-c-driver-build/src/libbson/CMakeFiles/bson_static.dir/src/bson/bson-iter.c.o
[274/983] Building C object _deps/mongo-c-driver-build/src/libbson/CMakeFiles/bson_static.dir/src/bson/bson-json.c.o
[275/983] Building C object _deps/mongo-c-driver-build/src/libbson/CMakeFiles/bson_static.dir/src/bson/bson-timegm.c.o
[276/983] Building C object _deps/mongo-c-driver-build/src/libbson/CMakeFiles/bson_static.dir/src/bson/bson-string.c.o
[277/983] Building C object _deps/mongo-c-driver-build/src/libbson/CMakeFiles/bson_static.dir/src/bson/bson-value.c.o
[278/983] Building C object _deps/mongo-c-driver-build/src/libbson/CMakeFiles/bson_static.dir/src/bson/bson-utf8.c.o
[279/983] Building CXX object _deps/spdlog-build/CMakeFiles/spdlog.dir/src/spdlog.cpp.o
[280/983] Building C object _deps/mongo-c-driver-build/src/libbson/CMakeFiles/bson_static.dir/src/bson/bson-version-functions.c.o
[281/983] Building C object _deps/mongo-c-driver-build/src/libbson/CMakeFiles/bson_static.dir/src/bson/bson-writer.c.o
[282/983] Building C object _deps/mongo-c-driver-build/src/libbson/CMakeFiles/bson_static.dir/src/bson/bson-vector.c.o
[283/983] Generating libbsoncxx1-static.pc
[284/983] Building C object _deps/mongo-c-driver-build/src/libbson/CMakeFiles/bson_static.dir/src/bson/error.c.o
[285/983] Building C object _deps/mongo-c-driver-build/src/libbson/CMakeFiles/bson_static.dir/src/bson/memory.c.o
[286/983] Building CXX object _deps/spdlog-build/CMakeFiles/spdlog.dir/src/bundled_fmtlib_format.cpp.o
[287/983] Building C object _deps/mongo-c-driver-build/src/libbson/CMakeFiles/bson_static.dir/src/jsonsl/jsonsl.c.o
[288/983] Building C object _deps/mongo-c-driver-build/src/libbson/CMakeFiles/bson_static.dir/src/bson/validate.c.o
[289/983] Building C object third_party/lua/CMakeFiles/realm_lua.dir/private/tmp/realmmesh-p5/deps-src/lua_source-src/src/lapi.c.o
[290/983] Building C object third_party/lua/CMakeFiles/realm_lua.dir/private/tmp/realmmesh-p5/deps-src/lua_source-src/src/lbaselib.c.o
[291/983] Building C object third_party/lua/CMakeFiles/realm_lua.dir/private/tmp/realmmesh-p5/deps-src/lua_source-src/src/lauxlib.c.o
[292/983] Building C object third_party/lua/CMakeFiles/realm_lua.dir/private/tmp/realmmesh-p5/deps-src/lua_source-src/src/lctype.c.o
[293/983] Building C object third_party/lua/CMakeFiles/realm_lua.dir/private/tmp/realmmesh-p5/deps-src/lua_source-src/src/lcorolib.c.o
[294/983] Building C object third_party/lua/CMakeFiles/realm_lua.dir/private/tmp/realmmesh-p5/deps-src/lua_source-src/src/lcode.c.o
[295/983] Building C object third_party/lua/CMakeFiles/realm_lua.dir/private/tmp/realmmesh-p5/deps-src/lua_source-src/src/ldblib.c.o
[296/983] Building C object third_party/lua/CMakeFiles/realm_lua.dir/private/tmp/realmmesh-p5/deps-src/lua_source-src/src/ldebug.c.o
[297/983] Building C object third_party/lua/CMakeFiles/realm_lua.dir/private/tmp/realmmesh-p5/deps-src/lua_source-src/src/ldo.c.o
[298/983] Building C object third_party/lua/CMakeFiles/realm_lua.dir/private/tmp/realmmesh-p5/deps-src/lua_source-src/src/ldump.c.o
[299/983] Building C object third_party/lua/CMakeFiles/realm_lua.dir/private/tmp/realmmesh-p5/deps-src/lua_source-src/src/lfunc.c.o
[300/983] Building C object third_party/lua/CMakeFiles/realm_lua.dir/private/tmp/realmmesh-p5/deps-src/lua_source-src/src/linit.c.o
[301/983] Building C object _deps/mongo-c-driver-build/src/libbson/CMakeFiles/bson_static.dir/src/bson/bson.c.o
[302/983] Building C object third_party/lua/CMakeFiles/realm_lua.dir/private/tmp/realmmesh-p5/deps-src/lua_source-src/src/lgc.c.o
[303/983] Building C object third_party/lua/CMakeFiles/realm_lua.dir/private/tmp/realmmesh-p5/deps-src/lua_source-src/src/llex.c.o
[304/983] Building C object third_party/lua/CMakeFiles/realm_lua.dir/private/tmp/realmmesh-p5/deps-src/lua_source-src/src/liolib.c.o
[305/983] Building C object third_party/lua/CMakeFiles/realm_lua.dir/private/tmp/realmmesh-p5/deps-src/lua_source-src/src/lmathlib.c.o
[306/983] Building C object third_party/lua/CMakeFiles/realm_lua.dir/private/tmp/realmmesh-p5/deps-src/lua_source-src/src/lmem.c.o
[307/983] Building C object third_party/lua/CMakeFiles/realm_lua.dir/private/tmp/realmmesh-p5/deps-src/lua_source-src/src/loadlib.c.o
[308/983] Building C object third_party/lua/CMakeFiles/realm_lua.dir/private/tmp/realmmesh-p5/deps-src/lua_source-src/src/lopcodes.c.o
[309/983] Building C object third_party/lua/CMakeFiles/realm_lua.dir/private/tmp/realmmesh-p5/deps-src/lua_source-src/src/lobject.c.o
[310/983] Building C object third_party/lua/CMakeFiles/realm_lua.dir/private/tmp/realmmesh-p5/deps-src/lua_source-src/src/lstring.c.o
[311/983] Building C object third_party/lua/CMakeFiles/realm_lua.dir/private/tmp/realmmesh-p5/deps-src/lua_source-src/src/loslib.c.o
[312/983] Building C object third_party/lua/CMakeFiles/realm_lua.dir/private/tmp/realmmesh-p5/deps-src/lua_source-src/src/lstate.c.o
[313/983] Building C object third_party/lua/CMakeFiles/realm_lua.dir/private/tmp/realmmesh-p5/deps-src/lua_source-src/src/lparser.c.o
[314/983] Building C object third_party/lua/CMakeFiles/realm_lua.dir/private/tmp/realmmesh-p5/deps-src/lua_source-src/src/ltablib.c.o
[315/983] Building C object third_party/lua/CMakeFiles/realm_lua.dir/private/tmp/realmmesh-p5/deps-src/lua_source-src/src/ltable.c.o
[316/983] Building C object third_party/lua/CMakeFiles/realm_lua.dir/private/tmp/realmmesh-p5/deps-src/lua_source-src/src/lstrlib.c.o
[317/983] Building C object third_party/lua/CMakeFiles/realm_lua.dir/private/tmp/realmmesh-p5/deps-src/lua_source-src/src/ltm.c.o
[318/983] Building C object third_party/lua/CMakeFiles/realm_lua.dir/private/tmp/realmmesh-p5/deps-src/lua_source-src/src/lundump.c.o
[319/983] Building C object third_party/lua/CMakeFiles/realm_lua.dir/private/tmp/realmmesh-p5/deps-src/lua_source-src/src/lutf8lib.c.o
[320/983] Building C object third_party/lua/CMakeFiles/realm_lua.dir/private/tmp/realmmesh-p5/deps-src/lua_source-src/src/lzio.c.o
[321/983] Linking CXX static library _deps/spdlog-build/libspdlogd.a
[322/983] Building C object _deps/mongo-c-driver-build/src/libmongoc/CMakeFiles/mongoc_static.dir/src/mongoc/mcd-nsinfo.c.o
[323/983] Building C object third_party/lua/CMakeFiles/realm_lua.dir/private/tmp/realmmesh-p5/deps-src/lua_source-src/src/lvm.c.o
[324/983] Building C object _deps/mongo-c-driver-build/src/libmongoc/CMakeFiles/mongoc_static.dir/src/mongoc/mcd-azure.c.o
[325/983] Linking C static library _deps/mongo-c-driver-build/src/libbson/libbson2.a
[326/983] Building C object _deps/mongo-c-driver-build/src/libmongoc/CMakeFiles/mongoc_static.dir/src/mongoc/mcd-rpc.c.o
[327/983] Building C object _deps/mongo-c-driver-build/src/libmongoc/CMakeFiles/mongoc_static.dir/src/mongoc/mongoc-array.c.o
[328/983] Building C object _deps/mongo-c-driver-build/src/libmongoc/CMakeFiles/mongoc_static.dir/src/mongoc/mongoc-apm.c.o
[329/983] Building C object _deps/mongo-c-driver-build/src/libmongoc/CMakeFiles/mongoc_static.dir/src/mongoc/mongoc-async.c.o
[330/983] Building C object _deps/mongo-c-driver-build/src/libmongoc/CMakeFiles/utf8proc_obj.dir/private/tmp/realmmesh-p5/deps-src/mongo-c-driver-src/src/utf8proc-2.11.3/utf8proc.c.o
[331/983] Building C object _deps/mongo-c-driver-build/src/libmongoc/CMakeFiles/mongoc_static.dir/src/mongoc/mongoc-buffer.c.o
[332/983] Building C object _deps/mongo-c-driver-build/src/libmongoc/CMakeFiles/mongoc_static.dir/src/mongoc/mongoc-aggregate.c.o
[333/983] Building C object _deps/mongo-c-driver-build/src/libmongoc/CMakeFiles/mongoc_static.dir/src/mongoc/mongoc-async-cmd.c.o
[334/983] Building C object _deps/mongo-c-driver-build/src/libmongoc/CMakeFiles/mongoc_static.dir/src/mongoc/mongoc-change-stream.c.o
[335/983] Building C object _deps/mongo-c-driver-build/src/libmongoc/CMakeFiles/mongoc_static.dir/src/mongoc/mongoc-bulk-operation.c.o
[336/983] Building C object _deps/mongo-c-driver-build/src/libmongoc/CMakeFiles/mongoc_static.dir/src/mongoc/mongoc-client-pool.c.o
[337/983] Building C object _deps/mongo-c-driver-build/src/libmongoc/CMakeFiles/mongoc_static.dir/src/mongoc/mongoc-client-side-encryption.c.o
[338/983] Building C object _deps/mongo-c-driver-build/src/libmongoc/CMakeFiles/mongoc_static.dir/src/mongoc/mongoc-cluster-aws.c.o
[339/983] Building C object _deps/mongo-c-driver-build/src/libmongoc/CMakeFiles/mongoc_static.dir/src/mongoc/mongoc-client.c.o
[340/983] Building C object _deps/mongo-c-driver-build/src/libmongoc/CMakeFiles/mongoc_static.dir/src/mongoc/mongoc-compression.c.o
[341/983] Building C object _deps/mongo-c-driver-build/src/libmongoc/CMakeFiles/mongoc_static.dir/src/mongoc/mongoc-cluster-sasl.c.o
[342/983] Building C object _deps/mongo-c-driver-build/src/libmongoc/CMakeFiles/mongoc_static.dir/src/mongoc/mongoc-counters.c.o
[343/983] Building C object _deps/mongo-c-driver-build/src/libmongoc/CMakeFiles/mongoc_static.dir/src/mongoc/mongoc-crypt.c.o
[344/983] Building C object _deps/mongo-c-driver-build/src/libmongoc/CMakeFiles/mongoc_static.dir/src/mongoc/mongoc-cluster-oidc.c.o
[345/983] Building C object _deps/mongo-c-driver-build/src/libmongoc/CMakeFiles/mongoc_static.dir/src/mongoc/mongoc-cluster.c.o
[346/983] Building C object _deps/mongo-c-driver-build/src/libmongoc/CMakeFiles/mongoc_static.dir/src/mongoc/mongoc-cursor-cmd.c.o
[347/983] Building C object _deps/mongo-c-driver-build/src/libmongoc/CMakeFiles/mongoc_static.dir/src/mongoc/mongoc-cursor-array.c.o
[348/983] Building C object _deps/mongo-c-driver-build/src/libmongoc/CMakeFiles/mongoc_static.dir/src/mongoc/mongoc-cursor-change-stream.c.o
[349/983] Building C object _deps/mongo-c-driver-build/src/libmongoc/CMakeFiles/mongoc_static.dir/src/mongoc/mongoc-cursor-find.c.o
[350/983] Building C object _deps/mongo-c-driver-build/src/libmongoc/CMakeFiles/mongoc_static.dir/src/mongoc/mongoc-collection.c.o
[351/983] Building C object _deps/mongo-c-driver-build/src/libmongoc/CMakeFiles/mongoc_static.dir/src/mongoc/mongoc-deprioritized-servers.c.o
[352/983] Building C object _deps/mongo-c-driver-build/src/libmongoc/CMakeFiles/mongoc_static.dir/src/mongoc/mongoc-cursor.c.o
[353/983] Building C object _deps/mongo-c-driver-build/src/libmongoc/CMakeFiles/mongoc_static.dir/src/mongoc/mongoc-flags.c.o
[354/983] Building C object _deps/mongo-c-driver-build/src/libmongoc/CMakeFiles/mongoc_static.dir/src/mongoc/mongoc-database.c.o
[355/983] Building C object _deps/mongo-c-driver-build/src/libmongoc/CMakeFiles/mongoc_static.dir/src/mongoc/mongoc-find-and-modify.c.o
[356/983] Building C object _deps/mongo-c-driver-build/src/libmongoc/CMakeFiles/mongoc_static.dir/src/mongoc/mongoc-generation-map.c.o
[357/983] Building C object _deps/mongo-c-driver-build/src/libmongoc/CMakeFiles/mongoc_static.dir/src/mongoc/mongoc-error.c.o
[358/983] Building C object _deps/mongo-c-driver-build/src/libmongoc/CMakeFiles/mongoc_static.dir/src/mongoc/mongoc-gridfs-bucket-file.c.o
[359/983] Building C object _deps/mongo-c-driver-build/src/libmongoc/CMakeFiles/mongoc_static.dir/src/mongoc/mongoc-init.c.o
[360/983] Building C object _deps/mongo-c-driver-build/src/libmongoc/CMakeFiles/mongoc_static.dir/src/mongoc/mongoc-gridfs-file-page.c.o
[361/983] Building C object _deps/mongo-c-driver-build/src/libmongoc/CMakeFiles/mongoc_static.dir/src/mongoc/mongoc-gridfs.c.o
[362/983] Building C object _deps/mongo-c-driver-build/src/libmongoc/CMakeFiles/mongoc_static.dir/src/mongoc/mongoc-gridfs-file-list.c.o
[363/983] Building C object _deps/mongo-c-driver-build/src/libmongoc/CMakeFiles/mongoc_static.dir/src/mongoc/mongoc-gridfs-bucket.c.o
[364/983] Building C object _deps/mongo-c-driver-build/src/libmongoc/CMakeFiles/mongoc_static.dir/src/mongoc/mongoc-interrupt.c.o
[365/983] Building C object _deps/mongo-c-driver-build/src/libmongoc/CMakeFiles/mongoc_static.dir/src/mongoc/mongoc-host-list.c.o
[366/983] Building C object _deps/mongo-c-driver-build/src/libmongoc/CMakeFiles/mongoc_static.dir/src/mongoc/mongoc-jitter-source.c.o
[367/983] Building C object _deps/mongo-c-driver-build/src/libmongoc/CMakeFiles/mongoc_static.dir/src/mongoc/mongoc-linux-distro-scanner.c.o
[368/983] Building C object _deps/mongo-c-driver-build/src/libmongoc/CMakeFiles/mongoc_static.dir/src/mongoc/mongoc-list.c.o
[369/983] Building C object _deps/mongo-c-driver-build/src/libmongoc/CMakeFiles/mongoc_static.dir/src/mongoc/mongoc-log.c.o
[370/983] Building C object _deps/mongo-c-driver-build/src/libmongoc/CMakeFiles/mongoc_static.dir/src/mongoc/mongoc-http.c.o
[371/983] Building C object _deps/mongo-c-driver-build/src/libmongoc/CMakeFiles/mongoc_static.dir/src/mongoc/mongoc-gridfs-file.c.o
[372/983] Building C object _deps/mongo-c-driver-build/src/libmongoc/CMakeFiles/mongoc_static.dir/src/mongoc/mongoc-memcmp.c.o
[373/983] Building C object _deps/mongo-c-driver-build/src/libmongoc/CMakeFiles/mongoc_static.dir/src/mongoc/mongoc-handshake.c.o
[374/983] Building C object _deps/mongo-c-driver-build/src/libmongoc/CMakeFiles/mongoc_static.dir/src/mongoc/mongoc-oidc-callback.c.o
[375/983] Building C object _deps/mongo-c-driver-build/src/libmongoc/CMakeFiles/mongoc_static.dir/src/mongoc/mongoc-opcode.c.o
[376/983] Building C object _deps/mongo-c-driver-build/src/libmongoc/CMakeFiles/mongoc_static.dir/src/mongoc/mongoc-log-and-monitor-private.c.o
[377/983] Building C object _deps/mongo-c-driver-build/src/libmongoc/CMakeFiles/mongoc_static.dir/src/mongoc/mongoc-oidc-cache.c.o
[378/983] Building C object _deps/mongo-c-driver-build/src/libmongoc/CMakeFiles/mongoc_static.dir/src/mongoc/mongoc-oidc-env.c.o
[379/983] Building C object _deps/mongo-c-driver-build/src/libmongoc/CMakeFiles/mongoc_static.dir/src/mongoc/mongoc-optional.c.o
[380/983] Building C object _deps/mongo-c-driver-build/src/libmongoc/CMakeFiles/mongoc_static.dir/src/mongoc/mongoc-queue.c.o
[381/983] Building C object _deps/mongo-c-driver-build/src/libmongoc/CMakeFiles/mongoc_static.dir/src/mongoc/mongoc-cmd.c.o
[382/983] Building C object _deps/mongo-c-driver-build/src/libmongoc/CMakeFiles/mongoc_static.dir/src/mongoc/mongoc-opts-helpers.c.o
[383/983] Building C object _deps/mongo-c-driver-build/src/libmongoc/CMakeFiles/mongoc_static.dir/src/mongoc/mongoc-read-concern.c.o
[384/983] Building C object _deps/mongo-c-driver-build/src/libmongoc/CMakeFiles/mongoc_static.dir/src/mongoc/mongoc-rpc.c.o
[385/983] Building C object _deps/mongo-c-driver-build/src/libmongoc/CMakeFiles/mongoc_static.dir/src/mongoc/mongoc-retry-backoff-generator.c.o
[386/983] Building C object _deps/mongo-c-driver-build/src/libmongoc/CMakeFiles/mongoc_static.dir/src/mongoc/mongoc-server-api.c.o
[387/983] Building C object _deps/mongo-c-driver-build/src/libmongoc/CMakeFiles/mongoc_static.dir/src/mongoc/mongoc-retryable-cmd.c.o
[388/983] Building C object _deps/mongo-c-driver-build/src/libmongoc/CMakeFiles/mongoc_static.dir/src/mongoc/mongoc-opts.c.o
[389/983] Building C object _deps/mongo-c-driver-build/src/libmongoc/CMakeFiles/mongoc_static.dir/src/mongoc/mongoc-read-prefs.c.o
[390/983] Building C object _deps/mongo-c-driver-build/src/libmongoc/CMakeFiles/mongoc_static.dir/src/mongoc/mongoc-set.c.o
[391/983] Building C object _deps/mongo-c-driver-build/src/libmongoc/CMakeFiles/mongoc_static.dir/src/mongoc/mongoc-shared.c.o
[392/983] Building C object _deps/mongo-c-driver-build/src/libmongoc/CMakeFiles/mongoc_static.dir/src/mongoc/mongoc-server-stream.c.o
[393/983] Building C object _deps/mongo-c-driver-build/src/libmongoc/CMakeFiles/mongoc_static.dir/src/mongoc/mongoc-server-description.c.o
[394/983] Building C object _deps/mongo-c-driver-build/src/libmongoc/CMakeFiles/mongoc_static.dir/src/mongoc/mongoc-stream-buffered.c.o
[395/983] Building C object _deps/mongo-c-driver-build/src/libmongoc/CMakeFiles/mongoc_static.dir/src/mongoc/mongoc-socket.c.o
[396/983] Building C object _deps/mongo-c-driver-build/src/libmongoc/CMakeFiles/mongoc_static.dir/src/mongoc/mongoc-server-monitor.c.o
[397/983] Building C object _deps/mongo-c-driver-build/src/libmongoc/CMakeFiles/mongoc_static.dir/src/mongoc/mongoc-stream.c.o
[398/983] Building C object _deps/mongo-c-driver-build/src/libmongoc/CMakeFiles/mongoc_static.dir/src/mongoc/mongoc-stream-file.c.o
[399/983] Building C object _deps/mongo-c-driver-build/src/libmongoc/CMakeFiles/mongoc_static.dir/src/mongoc/mongoc-stream-gridfs.c.o
[400/983] Building C object _deps/mongo-c-driver-build/src/libmongoc/CMakeFiles/mongoc_static.dir/src/mongoc/mongoc-client-session.c.o
[401/983] Building C object _deps/mongo-c-driver-build/src/libmongoc/CMakeFiles/mongoc_static.dir/src/mongoc/mongoc-stream-gridfs-upload.c.o
[402/983] Building C object _deps/mongo-c-driver-build/src/libmongoc/CMakeFiles/mongoc_static.dir/src/mongoc/mongoc-stream-gridfs-download.c.o
[403/983] Building C object _deps/mongo-c-driver-build/src/libmongoc/CMakeFiles/mongoc_static.dir/src/mongoc/mongoc-timeout.c.o
[404/983] Building C object _deps/mongo-c-driver-build/src/libmongoc/CMakeFiles/mongoc_static.dir/src/mongoc/mongoc-stream-socket.c.o
[405/983] Building C object _deps/mongo-c-driver-build/src/libmongoc/CMakeFiles/mongoc_static.dir/src/mongoc/mongoc-ts-pool.c.o
[406/983] Building C object _deps/mongo-c-driver-build/src/libmongoc/CMakeFiles/mongoc_static.dir/src/mongoc/mongoc-structured-log.c.o
[407/983] Building C object _deps/mongo-c-driver-build/src/libmongoc/CMakeFiles/mongoc_static.dir/src/mongoc/mongoc-topology-background-monitoring.c.o
[408/983] Building C object _deps/mongo-c-driver-build/src/libmongoc/CMakeFiles/mongoc_static.dir/src/mongoc/mongoc-topology-description-apm.c.o
[409/983] Building C object _deps/mongo-c-driver-build/src/libmongoc/CMakeFiles/mongoc_static.dir/src/mongoc/mongoc-topology.c.o
[410/983] Building C object _deps/mongo-c-driver-build/src/libmongoc/CMakeFiles/mongoc_static.dir/src/mongoc/mongoc-topology-description.c.o
[411/983] Building C object _deps/mongo-c-driver-build/src/libmongoc/CMakeFiles/mongoc_static.dir/src/mongoc/mongoc-version-functions.c.o
[412/983] Building C object _deps/mongo-c-driver-build/src/libmongoc/CMakeFiles/mongoc_static.dir/src/mongoc/mongoc-topology-scanner.c.o
[413/983] Building C object _deps/mongo-c-driver-build/src/libmongoc/CMakeFiles/mongoc_static.dir/src/mongoc/mongoc-write-concern.c.o
[414/983] Building C object _deps/mongo-c-driver-build/src/libmongoc/CMakeFiles/mongoc_static.dir/private/tmp/realmmesh-p5/deps-src/mongo-c-driver-src/src/common/src/common-atomic.c.o
[415/983] Building C object _deps/mongo-c-driver-build/src/libmongoc/CMakeFiles/mongoc_static.dir/private/tmp/realmmesh-p5/deps-src/mongo-c-driver-src/src/common/src/common-b64.c.o
[416/983] Building C object _deps/mongo-c-driver-build/src/libmongoc/CMakeFiles/mongoc_static.dir/src/mongoc/mongoc-util.c.o
[417/983] Building C object _deps/mongo-c-driver-build/src/libmongoc/CMakeFiles/mongoc_static.dir/src/mongoc/service-gcp.c.o
[418/983] Building C object _deps/mongo-c-driver-build/src/libmongoc/CMakeFiles/mongoc_static.dir/private/tmp/realmmesh-p5/deps-src/mongo-c-driver-src/src/common/src/common-md5.c.o
[419/983] Building C object _deps/mongo-c-driver-build/src/libmongoc/CMakeFiles/mongoc_static.dir/private/tmp/realmmesh-p5/deps-src/mongo-c-driver-src/src/common/src/common-json.c.o
[420/983] Building C object _deps/mongo-c-driver-build/src/libmongoc/CMakeFiles/mongoc_static.dir/private/tmp/realmmesh-p5/deps-src/mongo-c-driver-src/src/common/src/common-oid.c.o
[421/983] Building C object _deps/mongo-c-driver-build/src/libmongoc/CMakeFiles/mongoc_static.dir/src/mongoc/mongoc-write-command.c.o
[422/983] Building C object _deps/mongo-c-driver-build/src/libmongoc/CMakeFiles/mongoc_static.dir/private/tmp/realmmesh-p5/deps-src/mongo-c-driver-src/src/common/src/common-thread.c.o
[423/983] Building C object _deps/mongo-c-driver-build/src/libmongoc/CMakeFiles/mongoc_static.dir/private/tmp/realmmesh-p5/deps-src/mongo-c-driver-src/src/common/src/common-string.c.o
[424/983] Building C object _deps/mongo-c-driver-build/src/libmongoc/CMakeFiles/mongoc_static.dir/src/mongoc/mongoc-crypto.c.o
[425/983] Building C object _deps/mongo-c-driver-build/src/libmongoc/CMakeFiles/mongoc_static.dir/src/mongoc/mongoc-crypto-cng.c.o
[426/983] Building C object _deps/mongo-c-driver-build/src/libmongoc/CMakeFiles/mongoc_static.dir/src/mongoc/mongoc-rand-openssl.c.o
[427/983] Building C object _deps/mongo-c-driver-build/src/libmongoc/CMakeFiles/mongoc_static.dir/src/mongoc/mongoc-crypto-openssl.c.o
[428/983] Building C object _deps/mongo-c-driver-build/src/libmongoc/CMakeFiles/mongoc_static.dir/src/mongoc/mongoc-rand-cng.c.o
[429/983] Building C object _deps/mongo-c-driver-build/src/libmongoc/CMakeFiles/mongoc_static.dir/src/mongoc/mongoc-scram.c.o
[430/983] Building C object _deps/mongo-c-driver-build/src/libmongoc/CMakeFiles/mongoc_static.dir/src/mongoc/mongoc-uri.c.o
[431/983] Building C object _deps/mongo-c-driver-build/src/libmongoc/CMakeFiles/mongoc_static.dir/src/mongoc/mongoc-stream-tls.c.o
[432/983] Building C object _deps/mongo-c-driver-build/src/libmongoc/CMakeFiles/mongoc_static.dir/src/mongoc/mongoc-ssl.c.o
[433/983] Building C object _deps/mongo-c-driver-build/src/libmongoc/CMakeFiles/mongoc_static.dir/src/mongoc/mongoc-stream-tls-secure-channel.c.o
[434/983] Building C object _deps/mongo-c-driver-build/src/libmongoc/CMakeFiles/mongoc_static.dir/src/mongoc/mongoc-secure-channel.c.o
[435/983] Building C object _deps/mongo-c-driver-build/src/libmongoc/CMakeFiles/mongoc_static.dir/src/mongoc/mongoc-rand-common-crypto.c.o
[436/983] Building C object _deps/mongo-c-driver-build/src/libmongoc/CMakeFiles/mongoc_static.dir/src/mongoc/mongoc-stream-tls-secure-transport.c.o
[437/983] Building C object _deps/mongo-c-driver-build/src/libmongoc/CMakeFiles/mongoc_static.dir/src/mongoc/mongoc-crypto-common-crypto.c.o
[438/983] Building C object _deps/mongo-c-driver-build/src/libmongoc/CMakeFiles/mongoc_static.dir/src/mongoc/mongoc-secure-transport.c.o
[439/983] Building CXX object _deps/mongo-cxx-driver-build/src/bsoncxx/CMakeFiles/bsoncxx_static.dir/lib/bsoncxx/private/itoa.cpp.o
[440/983] Building C object _deps/mongo-c-driver-build/src/libmongoc/CMakeFiles/mongoc_static.dir/src/mongoc/mongoc-ocsp-cache.c.o
[441/983] Building C object _deps/mongo-c-driver-build/src/libmongoc/CMakeFiles/mongoc_static.dir/src/mongoc/mongoc-stream-tls-openssl-bio.c.o
[442/983] Building C object _deps/mongo-c-driver-build/src/libmongoc/CMakeFiles/mongoc_static.dir/src/mongoc/mongoc-stream-tls-openssl.c.o
[443/983] Building C object _deps/mongo-c-driver-build/src/libmongoc/CMakeFiles/mongoc_static.dir/src/mongoc/mongoc-openssl.c.o
[444/983] Building CXX object _deps/mongo-cxx-driver-build/src/bsoncxx/CMakeFiles/bsoncxx_static.dir/lib/bsoncxx/v1/config/config.cpp.o
[445/983] Building C object _deps/mongo-c-driver-build/src/libmongoc/CMakeFiles/mongoc_static.dir/src/mongoc/mongoc-bulkwrite.c.o
[446/983] Building CXX object _deps/mongo-cxx-driver-build/src/bsoncxx/CMakeFiles/bsoncxx_static.dir/lib/bsoncxx/v1/config/export.cpp.o
[447/983] Building CXX object _deps/mongo-cxx-driver-build/src/bsoncxx/CMakeFiles/bsoncxx_static.dir/lib/bsoncxx/v1/config/version.cpp.o
[448/983] Building CXX object _deps/mongo-cxx-driver-build/src/bsoncxx/CMakeFiles/bsoncxx_static.dir/lib/bsoncxx/v1/detail/postlude.cpp.o
[449/983] Building CXX object _deps/mongo-cxx-driver-build/src/bsoncxx/CMakeFiles/bsoncxx_static.dir/lib/bsoncxx/v1/detail/prelude.cpp.o
[450/983] Building CXX object _deps/mongo-cxx-driver-build/src/bsoncxx/CMakeFiles/bsoncxx_static.dir/lib/bsoncxx/private/version.cpp.o
[451/983] Building CXX object _deps/mongo-cxx-driver-build/src/bsoncxx/CMakeFiles/bsoncxx_static.dir/lib/bsoncxx/v1/array/value.cpp.o
[452/983] Building CXX object _deps/mongo-cxx-driver-build/src/bsoncxx/CMakeFiles/bsoncxx_static.dir/lib/bsoncxx/v1/array/view.cpp.o
[453/983] Building CXX object _deps/mongo-cxx-driver-build/src/bsoncxx/CMakeFiles/bsoncxx_static.dir/lib/bsoncxx/v1/decimal128.cpp.o
[454/983] Building CXX object _deps/mongo-cxx-driver-build/src/bsoncxx/CMakeFiles/bsoncxx_static.dir/lib/bsoncxx/v1/document/value.cpp.o
[455/983] Building CXX object _deps/mongo-cxx-driver-build/src/bsoncxx/CMakeFiles/bsoncxx_static.dir/lib/bsoncxx/v1/document/view.cpp.o
[456/983] Building CXX object _deps/mongo-cxx-driver-build/src/bsoncxx/CMakeFiles/bsoncxx_static.dir/lib/bsoncxx/v1/exception.cpp.o
[457/983] Building CXX object _deps/mongo-cxx-driver-build/src/bsoncxx/CMakeFiles/bsoncxx_static.dir/lib/bsoncxx/v1/element/view.cpp.o
[458/983] Building CXX object _deps/mongo-cxx-driver-build/src/bsoncxx/CMakeFiles/bsoncxx_static.dir/lib/bsoncxx/v1/types/id.cpp.o
[459/983] Building CXX object _deps/mongo-cxx-driver-build/src/bsoncxx/CMakeFiles/bsoncxx_static.dir/lib/bsoncxx/v1/oid.cpp.o
[460/983] Building CXX object _deps/mongo-cxx-driver-build/src/bsoncxx/CMakeFiles/bsoncxx_static.dir/lib/bsoncxx/v_noabi/bsoncxx/config/config.cpp.o
[461/983] Building CXX object _deps/mongo-cxx-driver-build/src/bsoncxx/CMakeFiles/bsoncxx_static.dir/lib/bsoncxx/v_noabi/bsoncxx/config/export.cpp.o
[462/983] Building CXX object _deps/mongo-cxx-driver-build/src/bsoncxx/CMakeFiles/bsoncxx_static.dir/lib/bsoncxx/v_noabi/bsoncxx/config/version.cpp.o
[463/983] Building CXX object _deps/mongo-cxx-driver-build/src/bsoncxx/CMakeFiles/bsoncxx_static.dir/lib/bsoncxx/v1/types/value.cpp.o
[464/983] Building CXX object _deps/mongo-cxx-driver-build/src/bsoncxx/CMakeFiles/bsoncxx_static.dir/lib/bsoncxx/v1/types/view.cpp.o
[465/983] Building CXX object _deps/mongo-cxx-driver-build/src/bsoncxx/CMakeFiles/bsoncxx_static.dir/lib/bsoncxx/v_noabi/bsoncxx/array/element.cpp.o
[466/983] Building CXX object _deps/mongo-cxx-driver-build/src/bsoncxx/CMakeFiles/bsoncxx_static.dir/lib/bsoncxx/v_noabi/bsoncxx/array/value.cpp.o
[467/983] Building CXX object _deps/mongo-cxx-driver-build/src/bsoncxx/CMakeFiles/bsoncxx_static.dir/lib/bsoncxx/v_noabi/bsoncxx/array/view.cpp.o
[468/983] Building CXX object _deps/mongo-cxx-driver-build/src/bsoncxx/CMakeFiles/bsoncxx_static.dir/lib/bsoncxx/v_noabi/bsoncxx/builder/core.cpp.o
[469/983] Building CXX object _deps/mongo-cxx-driver-build/src/bsoncxx/CMakeFiles/bsoncxx_static.dir/lib/bsoncxx/v_noabi/bsoncxx/decimal128.cpp.o
[470/983] Building CXX object _deps/mongo-cxx-driver-build/src/bsoncxx/CMakeFiles/bsoncxx_static.dir/lib/bsoncxx/v_noabi/bsoncxx/exception/error_code.cpp.o
[471/983] Building CXX object _deps/mongo-cxx-driver-build/src/bsoncxx/CMakeFiles/bsoncxx_static.dir/lib/bsoncxx/v_noabi/bsoncxx/exception/exception.cpp.o
[472/983] Building CXX object _deps/mongo-cxx-driver-build/src/bsoncxx/CMakeFiles/bsoncxx_static.dir/lib/bsoncxx/v_noabi/bsoncxx/document/value.cpp.o
[473/983] Building CXX object _deps/mongo-cxx-driver-build/src/bsoncxx/CMakeFiles/bsoncxx_static.dir/lib/bsoncxx/v_noabi/bsoncxx/document/view.cpp.o
[474/983] Building CXX object _deps/mongo-cxx-driver-build/src/bsoncxx/CMakeFiles/bsoncxx_static.dir/lib/bsoncxx/v_noabi/bsoncxx/document/element.cpp.o
[475/983] Building CXX object _deps/mongo-cxx-driver-build/src/bsoncxx/CMakeFiles/bsoncxx_static.dir/lib/bsoncxx/v_noabi/bsoncxx/oid.cpp.o
[476/983] Building CXX object _deps/mongo-cxx-driver-build/src/bsoncxx/CMakeFiles/bsoncxx_static.dir/lib/bsoncxx/v_noabi/bsoncxx/string/view_or_value.cpp.o
[477/983] Generating libmongocxx1-static.pc
[478/983] Building CXX object _deps/mongo-cxx-driver-build/src/bsoncxx/CMakeFiles/bsoncxx_static.dir/lib/bsoncxx/v_noabi/bsoncxx/types.cpp.o
[479/983] Building CXX object _deps/mongo-cxx-driver-build/src/bsoncxx/CMakeFiles/bsoncxx_static.dir/lib/bsoncxx/v_noabi/bsoncxx/json.cpp.o
[480/983] Generating RealmMesh Protocol Buffer sources
[481/983] Building CXX object _deps/mongo-cxx-driver-build/src/bsoncxx/CMakeFiles/bsoncxx_static.dir/lib/bsoncxx/v_noabi/bsoncxx/types/bson_value/view.cpp.o
[482/983] Building CXX object _deps/mongo-cxx-driver-build/src/bsoncxx/CMakeFiles/bsoncxx_static.dir/lib/bsoncxx/v_noabi/bsoncxx/types/bson_value/value.cpp.o
[483/983] Linking C static library third_party/lua/librealm_lua.a
[484/983] Building CXX object _deps/mongo-cxx-driver-build/src/bsoncxx/CMakeFiles/bsoncxx_static.dir/lib/bsoncxx/v_noabi/bsoncxx/validate.cpp.o
[485/983] Linking C static library _deps/mongo-c-driver-build/src/libmongoc/libmongoc2.a
[486/983] Building CXX object _deps/mongo-cxx-driver-build/src/bsoncxx/CMakeFiles/bsoncxx_static.dir/lib/bsoncxx/v_noabi/bsoncxx/vector.cpp.o
[487/983] Linking CXX static library _deps/mongo-cxx-driver-build/src/bsoncxx/libbsoncxx1-static.a
[488/983] Building CXX object _deps/mongo-cxx-driver-build/src/mongocxx/CMakeFiles/mongocxx_static.dir/lib/mongocxx/private/scoped_bson.cpp.o
[489/983] Building CXX object _deps/mongo-cxx-driver-build/src/mongocxx/CMakeFiles/mongocxx_static.dir/lib/mongocxx/private/mongoc.cpp.o
[490/983] Building CXX object _deps/mongo-cxx-driver-build/src/mongocxx/CMakeFiles/mongocxx_static.dir/lib/mongocxx/v1/aggregate_options.cpp.o
[491/983] Building CXX object framework/observability/CMakeFiles/realm_observability.dir/src/metrics_registry.cpp.o
[492/983] Building CXX object _deps/mongo-cxx-driver-build/src/mongocxx/CMakeFiles/mongocxx_static.dir/lib/mongocxx/v1/apm.cpp.o
[493/983] Building CXX object _deps/mongo-cxx-driver-build/src/mongocxx/CMakeFiles/mongocxx_static.dir/lib/mongocxx/v1/auto_encryption_options.cpp.o
[494/983] Building CXX object _deps/mongo-cxx-driver-build/src/mongocxx/CMakeFiles/mongocxx_static.dir/lib/mongocxx/v1/change_stream.cpp.o
[495/983] Building CXX object _deps/mongo-cxx-driver-build/src/mongocxx/CMakeFiles/mongocxx_static.dir/lib/mongocxx/v1/bulk_write.cpp.o
[496/983] Building CXX object _deps/mongo-cxx-driver-build/src/mongocxx/CMakeFiles/mongocxx_static.dir/lib/mongocxx/v1/client_session.cpp.o
[497/983] Building CXX object _deps/mongo-cxx-driver-build/src/mongocxx/CMakeFiles/mongocxx_static.dir/lib/mongocxx/v1/config/config.cpp.o
[498/983] Building CXX object _deps/mongo-cxx-driver-build/src/mongocxx/CMakeFiles/mongocxx_static.dir/lib/mongocxx/v1/config/export.cpp.o
[499/983] Building CXX object _deps/mongo-cxx-driver-build/src/mongocxx/CMakeFiles/mongocxx_static.dir/lib/mongocxx/v1/config/version.cpp.o
[500/983] Building CXX object _deps/mongo-cxx-driver-build/src/mongocxx/CMakeFiles/mongocxx_static.dir/lib/mongocxx/v1/client_bulk_write.cpp.o
[501/983] Building CXX object _deps/mongo-cxx-driver-build/src/mongocxx/CMakeFiles/mongocxx_static.dir/lib/mongocxx/v1/client_encryption.cpp.o
[502/983] Building CXX object _deps/mongo-cxx-driver-build/src/mongocxx/CMakeFiles/mongocxx_static.dir/lib/mongocxx/v1/client.cpp.o
[503/983] Building CXX object _deps/mongo-cxx-driver-build/src/mongocxx/CMakeFiles/mongocxx_static.dir/lib/mongocxx/v1/cursor.cpp.o
[504/983] Building CXX object _deps/mongo-cxx-driver-build/src/mongocxx/CMakeFiles/mongocxx_static.dir/lib/mongocxx/v1/count_options.cpp.o
[505/983] Building CXX object _deps/mongo-cxx-driver-build/src/mongocxx/CMakeFiles/mongocxx_static.dir/lib/mongocxx/v1/collection.cpp.o
[506/983] Building CXX object _deps/mongo-cxx-driver-build/src/mongocxx/CMakeFiles/mongocxx_static.dir/lib/mongocxx/v1/data_key_options.cpp.o
[507/983] Building CXX object _deps/mongo-cxx-driver-build/src/mongocxx/CMakeFiles/mongocxx_static.dir/lib/mongocxx/v1/detail/postlude.cpp.o
[508/983] Building CXX object _deps/mongo-cxx-driver-build/src/mongocxx/CMakeFiles/mongocxx_static.dir/lib/mongocxx/v1/detail/prelude.cpp.o
[509/983] Building CXX object _deps/mongo-cxx-driver-build/src/mongocxx/CMakeFiles/mongocxx_static.dir/lib/mongocxx/v1/database.cpp.o
[510/983] Building CXX object _deps/mongo-cxx-driver-build/src/mongocxx/CMakeFiles/mongocxx_static.dir/lib/mongocxx/v1/delete_many_options.cpp.o
[511/983] Building CXX object _deps/mongo-cxx-driver-build/src/mongocxx/CMakeFiles/mongocxx_static.dir/lib/mongocxx/v1/delete_many_result.cpp.o
[512/983] Building CXX object _deps/mongo-cxx-driver-build/src/mongocxx/CMakeFiles/mongocxx_static.dir/lib/mongocxx/v1/delete_one_result.cpp.o
[513/983] Building CXX object _deps/mongo-cxx-driver-build/src/mongocxx/CMakeFiles/mongocxx_static.dir/lib/mongocxx/v1/delete_one_options.cpp.o
[514/983] Building CXX object _deps/mongo-cxx-driver-build/src/mongocxx/CMakeFiles/mongocxx_static.dir/lib/mongocxx/v1/distinct_options.cpp.o
[515/983] Building CXX object _deps/mongo-cxx-driver-build/src/mongocxx/CMakeFiles/mongocxx_static.dir/lib/mongocxx/v1/encrypt_options.cpp.o
[516/983] Building CXX object _deps/mongo-cxx-driver-build/src/mongocxx/CMakeFiles/mongocxx_static.dir/lib/mongocxx/v1/estimated_document_count_options.cpp.o
[517/983] Building CXX object _deps/mongo-cxx-driver-build/src/mongocxx/CMakeFiles/mongocxx_static.dir/lib/mongocxx/v1/events/command_failed.cpp.o
[518/983] Building CXX object _deps/mongo-cxx-driver-build/src/mongocxx/CMakeFiles/mongocxx_static.dir/lib/mongocxx/v1/events/command_started.cpp.o
[519/983] Building CXX object _deps/mongo-cxx-driver-build/src/mongocxx/CMakeFiles/mongocxx_static.dir/lib/mongocxx/v1/events/command_succeeded.cpp.o
[520/983] Building CXX object _deps/mongo-cxx-driver-build/src/mongocxx/CMakeFiles/mongocxx_static.dir/lib/mongocxx/v1/events/server_closed.cpp.o
[521/983] Building CXX object _deps/mongo-cxx-driver-build/src/mongocxx/CMakeFiles/mongocxx_static.dir/lib/mongocxx/v1/events/server_description_changed.cpp.o
[522/983] Building CXX object _deps/mongo-cxx-driver-build/src/mongocxx/CMakeFiles/mongocxx_static.dir/lib/mongocxx/v1/events/server_description.cpp.o
[523/983] Building CXX object _deps/mongo-cxx-driver-build/src/mongocxx/CMakeFiles/mongocxx_static.dir/lib/mongocxx/v1/events/server_heartbeat_failed.cpp.o
[524/983] Building CXX object _deps/mongo-cxx-driver-build/src/mongocxx/CMakeFiles/mongocxx_static.dir/lib/mongocxx/v1/events/server_heartbeat_started.cpp.o
[525/983] Building CXX object _deps/mongo-cxx-driver-build/src/mongocxx/CMakeFiles/mongocxx_static.dir/lib/mongocxx/v1/events/server_heartbeat_succeeded.cpp.o
[526/983] Building CXX object _deps/mongo-cxx-driver-build/src/mongocxx/CMakeFiles/mongocxx_static.dir/lib/mongocxx/v1/events/server_opening.cpp.o
[527/983] Building CXX object _deps/mongo-cxx-driver-build/src/mongocxx/CMakeFiles/mongocxx_static.dir/lib/mongocxx/v1/events/topology_closed.cpp.o
[528/983] Building CXX object _deps/mongo-cxx-driver-build/src/mongocxx/CMakeFiles/mongocxx_static.dir/lib/mongocxx/v1/events/topology_description_changed.cpp.o
[529/983] Building CXX object _deps/mongo-cxx-driver-build/src/mongocxx/CMakeFiles/mongocxx_static.dir/lib/mongocxx/v1/events/topology_description.cpp.o
[530/983] Building CXX object _deps/mongo-cxx-driver-build/src/mongocxx/CMakeFiles/mongocxx_static.dir/lib/mongocxx/v1/events/topology_opening.cpp.o
[531/983] Building CXX object _deps/mongo-cxx-driver-build/src/mongocxx/CMakeFiles/mongocxx_static.dir/lib/mongocxx/v1/exception.cpp.o
[532/983] Building CXX object _deps/mongo-cxx-driver-build/src/mongocxx/CMakeFiles/mongocxx_static.dir/lib/mongocxx/v1/find_one_and_delete_options.cpp.o
[533/983] Building CXX object _deps/mongo-cxx-driver-build/src/mongocxx/CMakeFiles/mongocxx_static.dir/lib/mongocxx/v1/find_one_and_replace_options.cpp.o
[534/983] Building CXX object _deps/mongo-cxx-driver-build/src/mongocxx/CMakeFiles/mongocxx_static.dir/lib/mongocxx/v1/find_one_and_update_options.cpp.o
[535/983] Building CXX object _deps/mongo-cxx-driver-build/src/mongocxx/CMakeFiles/mongocxx_static.dir/lib/mongocxx/v1/find_options.cpp.o
[536/983] Building CXX object _deps/mongo-cxx-driver-build/src/mongocxx/CMakeFiles/mongocxx_static.dir/lib/mongocxx/v1/gridfs/downloader.cpp.o
[537/983] Building CXX object _deps/mongo-cxx-driver-build/src/mongocxx/CMakeFiles/mongocxx_static.dir/lib/mongocxx/v1/gridfs/upload_options.cpp.o
[538/983] Building CXX object _deps/mongo-cxx-driver-build/src/mongocxx/CMakeFiles/mongocxx_static.dir/lib/mongocxx/v1/gridfs/bucket.cpp.o
[539/983] Building CXX object _deps/mongo-cxx-driver-build/src/mongocxx/CMakeFiles/mongocxx_static.dir/lib/mongocxx/v1/gridfs/upload_result.cpp.o
[540/983] Building CXX object framework/observability/CMakeFiles/realm_observability.dir/src/logger.cpp.o
[541/983] Building CXX object _deps/mongo-cxx-driver-build/src/mongocxx/CMakeFiles/mongocxx_static.dir/lib/mongocxx/v1/gridfs/uploader.cpp.o
[542/983] Building CXX object _deps/mongo-cxx-driver-build/src/mongocxx/CMakeFiles/mongocxx_static.dir/lib/mongocxx/v1/hint.cpp.o
[543/983] Building CXX object _deps/mongo-cxx-driver-build/src/mongocxx/CMakeFiles/mongocxx_static.dir/lib/mongocxx/v1/insert_many_options.cpp.o
[544/983] Building CXX object _deps/mongo-cxx-driver-build/src/mongocxx/CMakeFiles/mongocxx_static.dir/lib/mongocxx/v1/insert_one_options.cpp.o
[545/983] Building CXX object _deps/mongo-cxx-driver-build/src/mongocxx/CMakeFiles/mongocxx_static.dir/lib/mongocxx/v1/insert_many_result.cpp.o
[546/983] Building CXX object _deps/mongo-cxx-driver-build/src/mongocxx/CMakeFiles/mongocxx_static.dir/lib/mongocxx/v1/insert_one_result.cpp.o
[547/983] Building CXX object _deps/mongo-cxx-driver-build/src/mongocxx/CMakeFiles/mongocxx_static.dir/lib/mongocxx/v1/indexes.cpp.o
[548/983] Building CXX object _deps/mongo-cxx-driver-build/src/mongocxx/CMakeFiles/mongocxx_static.dir/lib/mongocxx/v1/instance.cpp.o
[549/983] Building CXX object _deps/mongo-cxx-driver-build/src/mongocxx/CMakeFiles/mongocxx_static.dir/lib/mongocxx/v1/logger.cpp.o
[550/983] Building CXX object _deps/mongo-cxx-driver-build/src/mongocxx/CMakeFiles/mongocxx_static.dir/lib/mongocxx/v1/oidc_callback.cpp.o
[551/983] Building CXX object _deps/mongo-cxx-driver-build/src/mongocxx/CMakeFiles/mongocxx_static.dir/lib/mongocxx/v1/oidc_callback_params.cpp.o
[552/983] Building CXX object _deps/mongo-cxx-driver-build/src/mongocxx/CMakeFiles/mongocxx_static.dir/lib/mongocxx/v1/oidc_credential.cpp.o
[553/983] Building CXX object _deps/mongo-cxx-driver-build/src/mongocxx/CMakeFiles/mongocxx_static.dir/lib/mongocxx/v1/pipeline.cpp.o
[554/983] Building CXX object _deps/mongo-cxx-driver-build/src/mongocxx/CMakeFiles/mongocxx_static.dir/lib/mongocxx/v1/return_document.cpp.o
[555/983] Building CXX object _deps/mongo-cxx-driver-build/src/mongocxx/CMakeFiles/mongocxx_static.dir/lib/mongocxx/v1/pool.cpp.o
[556/983] Building CXX object _deps/mongo-cxx-driver-build/src/mongocxx/CMakeFiles/mongocxx_static.dir/lib/mongocxx/v1/range_options.cpp.o
[557/983] Building CXX object _deps/mongo-cxx-driver-build/src/mongocxx/CMakeFiles/mongocxx_static.dir/lib/mongocxx/v1/read_concern.cpp.o
[558/983] Building CXX object _deps/mongo-cxx-driver-build/src/mongocxx/CMakeFiles/mongocxx_static.dir/lib/mongocxx/v1/read_preference.cpp.o
[559/983] Building CXX object _deps/mongo-cxx-driver-build/src/mongocxx/CMakeFiles/mongocxx_static.dir/lib/mongocxx/v1/replace_one_result.cpp.o
[560/983] Building CXX object _deps/mongo-cxx-driver-build/src/mongocxx/CMakeFiles/mongocxx_static.dir/lib/mongocxx/v1/replace_one_options.cpp.o
[561/983] Building CXX object _deps/mongo-cxx-driver-build/src/mongocxx/CMakeFiles/mongocxx_static.dir/lib/mongocxx/v1/rewrap_many_datakey_options.cpp.o
[562/983] Building CXX object _deps/mongo-cxx-driver-build/src/mongocxx/CMakeFiles/mongocxx_static.dir/lib/mongocxx/v1/rewrap_many_datakey_result.cpp.o
[563/983] Building CXX object _deps/mongo-cxx-driver-build/src/mongocxx/CMakeFiles/mongocxx_static.dir/lib/mongocxx/v1/search_indexes.cpp.o
[564/983] Building CXX object _deps/mongo-cxx-driver-build/src/mongocxx/CMakeFiles/mongocxx_static.dir/lib/mongocxx/v1/string_options.cpp.o
[565/983] Building CXX object _deps/mongo-cxx-driver-build/src/mongocxx/CMakeFiles/mongocxx_static.dir/lib/mongocxx/v1/server_api.cpp.o
[566/983] Building CXX object _deps/mongo-cxx-driver-build/src/mongocxx/CMakeFiles/mongocxx_static.dir/lib/mongocxx/v1/text_options.cpp.o
[567/983] Building CXX object _deps/mongo-cxx-driver-build/src/mongocxx/CMakeFiles/mongocxx_static.dir/lib/mongocxx/v1/server_error.cpp.o
[568/983] Building CXX object _deps/mongo-cxx-driver-build/src/mongocxx/CMakeFiles/mongocxx_static.dir/lib/mongocxx/v1/tls.cpp.o
[569/983] Building CXX object _deps/mongo-cxx-driver-build/src/mongocxx/CMakeFiles/mongocxx_static.dir/lib/mongocxx/v1/transaction_options.cpp.o
[570/983] Building CXX object _deps/mongo-cxx-driver-build/src/mongocxx/CMakeFiles/mongocxx_static.dir/lib/mongocxx/v1/update_many_result.cpp.o
[571/983] Building CXX object _deps/mongo-cxx-driver-build/src/mongocxx/CMakeFiles/mongocxx_static.dir/lib/mongocxx/v1/update_many_options.cpp.o
[572/983] Building CXX object _deps/mongo-cxx-driver-build/src/mongocxx/CMakeFiles/mongocxx_static.dir/lib/mongocxx/v1/update_one_result.cpp.o
[573/983] Building CXX object _deps/mongo-cxx-driver-build/src/mongocxx/CMakeFiles/mongocxx_static.dir/lib/mongocxx/v1/update_one_options.cpp.o
[574/983] Building CXX object _deps/mongo-cxx-driver-build/src/mongocxx/CMakeFiles/mongocxx_static.dir/lib/mongocxx/v1/uri.cpp.o
[575/983] Building CXX object _deps/mongo-cxx-driver-build/src/mongocxx/CMakeFiles/mongocxx_static.dir/lib/mongocxx/v1/write_concern.cpp.o
[576/983] Building CXX object _deps/mongo-cxx-driver-build/src/mongocxx/CMakeFiles/mongocxx_static.dir/lib/mongocxx/v_noabi/mongocxx/config/config.cpp.o
[577/983] Building CXX object _deps/mongo-cxx-driver-build/src/mongocxx/CMakeFiles/mongocxx_static.dir/lib/mongocxx/v_noabi/mongocxx/config/export.cpp.o
[578/983] Building CXX object _deps/mongo-cxx-driver-build/src/mongocxx/CMakeFiles/mongocxx_static.dir/lib/mongocxx/v_noabi/mongocxx/config/version.cpp.o
[579/983] Building CXX object _deps/mongo-cxx-driver-build/src/mongocxx/CMakeFiles/mongocxx_static.dir/lib/mongocxx/v_noabi/mongocxx/change_stream.cpp.o
[580/983] Building CXX object _deps/mongo-cxx-driver-build/src/mongocxx/CMakeFiles/mongocxx_static.dir/lib/mongocxx/v_noabi/mongocxx/bulk_write.cpp.o
[581/983] Building CXX object _deps/mongo-cxx-driver-build/src/mongocxx/CMakeFiles/mongocxx_static.dir/lib/mongocxx/v_noabi/mongocxx/conversions.cpp.o
[582/983] Building CXX object _deps/mongo-cxx-driver-build/src/mongocxx/CMakeFiles/mongocxx_static.dir/lib/mongocxx/v_noabi/mongocxx/client_encryption.cpp.o
[583/983] Building CXX object _deps/mongo-cxx-driver-build/src/mongocxx/CMakeFiles/mongocxx_static.dir/lib/mongocxx/v_noabi/mongocxx/cursor.cpp.o
[584/983] Building CXX object _deps/mongo-cxx-driver-build/src/mongocxx/CMakeFiles/mongocxx_static.dir/lib/mongocxx/v_noabi/mongocxx/client_session.cpp.o
[585/983] Building CXX object _deps/mongo-cxx-driver-build/src/mongocxx/CMakeFiles/mongocxx_static.dir/lib/mongocxx/v_noabi/mongocxx/client.cpp.o
[586/983] Building CXX object _deps/mongo-cxx-driver-build/src/mongocxx/CMakeFiles/mongocxx_static.dir/lib/mongocxx/v_noabi/mongocxx/events/command_failed_event.cpp.o
[587/983] Building CXX object _deps/mongo-cxx-driver-build/src/mongocxx/CMakeFiles/mongocxx_static.dir/lib/mongocxx/v_noabi/mongocxx/collection.cpp.o
[588/983] Building CXX object _deps/mongo-cxx-driver-build/src/mongocxx/CMakeFiles/mongocxx_static.dir/lib/mongocxx/v_noabi/mongocxx/events/command_started_event.cpp.o
[589/983] Building CXX object _deps/mongo-cxx-driver-build/src/mongocxx/CMakeFiles/mongocxx_static.dir/lib/mongocxx/v_noabi/mongocxx/events/heartbeat_failed_event.cpp.o
[590/983] Building CXX object _deps/mongo-cxx-driver-build/src/mongocxx/CMakeFiles/mongocxx_static.dir/lib/mongocxx/v_noabi/mongocxx/events/command_succeeded_event.cpp.o
[591/983] Building CXX object _deps/mongo-cxx-driver-build/src/mongocxx/CMakeFiles/mongocxx_static.dir/lib/mongocxx/v_noabi/mongocxx/events/heartbeat_started_event.cpp.o
[592/983] Building CXX object _deps/mongo-cxx-driver-build/src/mongocxx/CMakeFiles/mongocxx_static.dir/lib/mongocxx/v_noabi/mongocxx/events/heartbeat_succeeded_event.cpp.o
[593/983] Building CXX object _deps/mongo-cxx-driver-build/src/mongocxx/CMakeFiles/mongocxx_static.dir/lib/mongocxx/v_noabi/mongocxx/database.cpp.o
[594/983] Building CXX object _deps/mongo-cxx-driver-build/src/mongocxx/CMakeFiles/mongocxx_static.dir/lib/mongocxx/v_noabi/mongocxx/events/server_changed_event.cpp.o
[595/983] Building CXX object _deps/mongo-cxx-driver-build/src/mongocxx/CMakeFiles/mongocxx_static.dir/lib/mongocxx/v_noabi/mongocxx/events/server_closed_event.cpp.o
[596/983] Building CXX object _deps/mongo-cxx-driver-build/src/mongocxx/CMakeFiles/mongocxx_static.dir/lib/mongocxx/v_noabi/mongocxx/events/server_opening_event.cpp.o
[597/983] Building CXX object _deps/mongo-cxx-driver-build/src/mongocxx/CMakeFiles/mongocxx_static.dir/lib/mongocxx/v_noabi/mongocxx/events/server_description.cpp.o
[598/983] Building CXX object _deps/mongo-cxx-driver-build/src/mongocxx/CMakeFiles/mongocxx_static.dir/lib/mongocxx/v_noabi/mongocxx/events/topology_closed_event.cpp.o
[599/983] Building CXX object _deps/mongo-cxx-driver-build/src/mongocxx/CMakeFiles/mongocxx_static.dir/lib/mongocxx/v_noabi/mongocxx/events/topology_changed_event.cpp.o
[600/983] Building CXX object _deps/mongo-cxx-driver-build/src/mongocxx/CMakeFiles/mongocxx_static.dir/lib/mongocxx/v_noabi/mongocxx/events/topology_description.cpp.o
[601/983] Building CXX object _deps/mongo-cxx-driver-build/src/mongocxx/CMakeFiles/mongocxx_static.dir/lib/mongocxx/v_noabi/mongocxx/events/topology_opening_event.cpp.o
[602/983] Building CXX object _deps/mongo-cxx-driver-build/src/mongocxx/CMakeFiles/mongocxx_static.dir/lib/mongocxx/v_noabi/mongocxx/exception/error_code.cpp.o
[603/983] Building CXX object _deps/mongo-cxx-driver-build/src/mongocxx/CMakeFiles/mongocxx_static.dir/lib/mongocxx/v_noabi/mongocxx/exception/authentication_exception.cpp.o
[604/983] Building CXX object _deps/mongo-cxx-driver-build/src/mongocxx/CMakeFiles/mongocxx_static.dir/lib/mongocxx/v_noabi/mongocxx/exception/bulk_write_exception.cpp.o
[605/983] Building CXX object _deps/mongo-cxx-driver-build/src/mongocxx/CMakeFiles/mongocxx_static.dir/lib/mongocxx/v_noabi/mongocxx/exception/exception.cpp.o
[606/983] Building CXX object _deps/mongo-cxx-driver-build/src/mongocxx/CMakeFiles/mongocxx_static.dir/lib/mongocxx/v_noabi/mongocxx/exception/gridfs_exception.cpp.o
[607/983] Building CXX object _deps/mongo-cxx-driver-build/src/mongocxx/CMakeFiles/mongocxx_static.dir/lib/mongocxx/v_noabi/mongocxx/exception/logic_error.cpp.o
[608/983] Building CXX object _deps/mongo-cxx-driver-build/src/mongocxx/CMakeFiles/mongocxx_static.dir/lib/mongocxx/v_noabi/mongocxx/exception/server_error_code.cpp.o
[609/983] Building CXX object _deps/mongo-cxx-driver-build/src/mongocxx/CMakeFiles/mongocxx_static.dir/lib/mongocxx/v_noabi/mongocxx/exception/query_exception.cpp.o
[610/983] Building CXX object _deps/mongo-cxx-driver-build/src/mongocxx/CMakeFiles/mongocxx_static.dir/lib/mongocxx/v_noabi/mongocxx/exception/operation_exception.cpp.o
[611/983] Building CXX object _deps/mongo-cxx-driver-build/src/mongocxx/CMakeFiles/mongocxx_static.dir/lib/mongocxx/v_noabi/mongocxx/exception/write_exception.cpp.o
[612/983] Building CXX object _deps/mongo-cxx-driver-build/src/mongocxx/CMakeFiles/mongocxx_static.dir/lib/mongocxx/v_noabi/mongocxx/gridfs/downloader.cpp.o
[613/983] Building CXX object _deps/mongo-cxx-driver-build/src/mongocxx/CMakeFiles/mongocxx_static.dir/lib/mongocxx/v_noabi/mongocxx/hint.cpp.o
[614/983] Building CXX object _deps/mongo-cxx-driver-build/src/mongocxx/CMakeFiles/mongocxx_static.dir/lib/mongocxx/v_noabi/mongocxx/index_model.cpp.o
[615/983] Building CXX object _deps/mongo-cxx-driver-build/src/mongocxx/CMakeFiles/mongocxx_static.dir/lib/mongocxx/v_noabi/mongocxx/instance.cpp.o
[616/983] Building CXX object _deps/mongo-cxx-driver-build/src/mongocxx/CMakeFiles/mongocxx_static.dir/lib/mongocxx/v_noabi/mongocxx/gridfs/bucket.cpp.o
[617/983] Building CXX object _deps/mongo-cxx-driver-build/src/mongocxx/CMakeFiles/mongocxx_static.dir/lib/mongocxx/v_noabi/mongocxx/logger.cpp.o
[618/983] Building CXX object _deps/mongo-cxx-driver-build/src/mongocxx/CMakeFiles/mongocxx_static.dir/lib/mongocxx/v_noabi/mongocxx/gridfs/uploader.cpp.o
[619/983] Building CXX object _deps/mongo-cxx-driver-build/src/mongocxx/CMakeFiles/mongocxx_static.dir/lib/mongocxx/v_noabi/mongocxx/index_view.cpp.o
[620/983] Building CXX object _deps/mongo-cxx-driver-build/src/mongocxx/CMakeFiles/mongocxx_static.dir/lib/mongocxx/v_noabi/mongocxx/model/delete_many.cpp.o
[621/983] Building CXX object _deps/mongo-cxx-driver-build/src/mongocxx/CMakeFiles/mongocxx_static.dir/lib/mongocxx/v_noabi/mongocxx/model/delete_one.cpp.o
[622/983] Building CXX object _deps/mongo-cxx-driver-build/src/mongocxx/CMakeFiles/mongocxx_static.dir/lib/mongocxx/v_noabi/mongocxx/model/insert_one.cpp.o
[623/983] Building CXX object _deps/mongo-cxx-driver-build/src/mongocxx/CMakeFiles/mongocxx_static.dir/lib/mongocxx/v_noabi/mongocxx/model/replace_one.cpp.o
[624/983] Building CXX object _deps/mongo-cxx-driver-build/src/mongocxx/CMakeFiles/mongocxx_static.dir/lib/mongocxx/v_noabi/mongocxx/model/update_many.cpp.o
[625/983] Building CXX object _deps/mongo-cxx-driver-build/src/mongocxx/CMakeFiles/mongocxx_static.dir/lib/mongocxx/v_noabi/mongocxx/model/update_one.cpp.o
[626/983] Building CXX object _deps/mongo-cxx-driver-build/src/mongocxx/CMakeFiles/mongocxx_static.dir/lib/mongocxx/v_noabi/mongocxx/model/write.cpp.o
[627/983] Building CXX object _deps/mongo-cxx-driver-build/src/mongocxx/CMakeFiles/mongocxx_static.dir/lib/mongocxx/v_noabi/mongocxx/options/apm.cpp.o
[628/983] Building CXX object _deps/mongo-cxx-driver-build/src/mongocxx/CMakeFiles/mongocxx_static.dir/lib/mongocxx/v_noabi/mongocxx/options/aggregate.cpp.o
[629/983] Building CXX object _deps/mongo-cxx-driver-build/src/mongocxx/CMakeFiles/mongocxx_static.dir/lib/mongocxx/v_noabi/mongocxx/options/client_session.cpp.o
[630/983] Building CXX object _deps/mongo-cxx-driver-build/src/mongocxx/CMakeFiles/mongocxx_static.dir/lib/mongocxx/v_noabi/mongocxx/options/bulk_write.cpp.o
[631/983] Building CXX object _deps/mongo-cxx-driver-build/src/mongocxx/CMakeFiles/mongocxx_static.dir/lib/mongocxx/v_noabi/mongocxx/options/change_stream.cpp.o
[632/983] Building CXX object _deps/mongo-cxx-driver-build/src/mongocxx/CMakeFiles/mongocxx_static.dir/lib/mongocxx/v_noabi/mongocxx/options/auto_encryption.cpp.o
[633/983] Building CXX object _deps/mongo-cxx-driver-build/src/mongocxx/CMakeFiles/mongocxx_static.dir/lib/mongocxx/v_noabi/mongocxx/options/count.cpp.o
[634/983] Building CXX object _deps/mongo-cxx-driver-build/src/mongocxx/CMakeFiles/mongocxx_static.dir/lib/mongocxx/v_noabi/mongocxx/options/client_encryption.cpp.o
[635/983] Building CXX object _deps/mongo-cxx-driver-build/src/mongocxx/CMakeFiles/mongocxx_static.dir/lib/mongocxx/v_noabi/mongocxx/options/data_key.cpp.o
[636/983] Building CXX object _deps/mongo-cxx-driver-build/src/mongocxx/CMakeFiles/mongocxx_static.dir/lib/mongocxx/v_noabi/mongocxx/options/client.cpp.o
[637/983] Building CXX object _deps/mongo-cxx-driver-build/src/mongocxx/CMakeFiles/mongocxx_static.dir/lib/mongocxx/v_noabi/mongocxx/options/delete.cpp.o
[638/983] Building CXX object _deps/mongo-cxx-driver-build/src/mongocxx/CMakeFiles/mongocxx_static.dir/lib/mongocxx/v_noabi/mongocxx/options/distinct.cpp.o
[639/983] Building CXX object _deps/mongo-cxx-driver-build/src/mongocxx/CMakeFiles/mongocxx_static.dir/lib/mongocxx/v_noabi/mongocxx/options/encrypt.cpp.o
[640/983] Building CXX object _deps/mongo-cxx-driver-build/src/mongocxx/CMakeFiles/mongocxx_static.dir/lib/mongocxx/v_noabi/mongocxx/options/estimated_document_count.cpp.o
[641/983] Building CXX object _deps/mongo-cxx-driver-build/src/mongocxx/CMakeFiles/mongocxx_static.dir/lib/mongocxx/v_noabi/mongocxx/options/find_one_and_delete.cpp.o
[642/983] Building CXX object _deps/mongo-cxx-driver-build/src/mongocxx/CMakeFiles/mongocxx_static.dir/lib/mongocxx/v_noabi/mongocxx/options/find_one_and_replace.cpp.o
[643/983] Building CXX object _deps/mongo-cxx-driver-build/src/mongocxx/CMakeFiles/mongocxx_static.dir/lib/mongocxx/v_noabi/mongocxx/options/find_one_and_update.cpp.o
[644/983] Building CXX object _deps/mongo-cxx-driver-build/src/mongocxx/CMakeFiles/mongocxx_static.dir/lib/mongocxx/v_noabi/mongocxx/options/gridfs/bucket.cpp.o
[645/983] Building CXX object _deps/mongo-cxx-driver-build/src/mongocxx/CMakeFiles/mongocxx_static.dir/lib/mongocxx/v_noabi/mongocxx/options/find.cpp.o
[646/983] Building CXX object _deps/mongo-cxx-driver-build/src/mongocxx/CMakeFiles/mongocxx_static.dir/lib/mongocxx/v_noabi/mongocxx/options/gridfs/upload.cpp.o
[647/983] Building CXX object _deps/mongo-cxx-driver-build/src/mongocxx/CMakeFiles/mongocxx_static.dir/lib/mongocxx/v_noabi/mongocxx/options/index_view.cpp.o
[648/983] Building CXX object _deps/mongo-cxx-driver-build/src/mongocxx/CMakeFiles/mongocxx_static.dir/lib/mongocxx/v_noabi/mongocxx/options/insert.cpp.o
[649/983] Building CXX object _deps/mongo-cxx-driver-build/src/mongocxx/CMakeFiles/mongocxx_static.dir/lib/mongocxx/v_noabi/mongocxx/options/index.cpp.o
[650/983] Building CXX object _deps/mongo-cxx-driver-build/src/mongocxx/CMakeFiles/mongocxx_static.dir/lib/mongocxx/v_noabi/mongocxx/options/range.cpp.o
[651/983] Building CXX object _deps/mongo-cxx-driver-build/src/mongocxx/CMakeFiles/mongocxx_static.dir/lib/mongocxx/v_noabi/mongocxx/options/pool.cpp.o
[652/983] Building CXX object _deps/mongo-cxx-driver-build/src/mongocxx/CMakeFiles/mongocxx_static.dir/lib/mongocxx/v_noabi/mongocxx/options/rewrap_many_datakey.cpp.o
[653/983] Building CXX object _deps/mongo-cxx-driver-build/src/mongocxx/CMakeFiles/mongocxx_static.dir/lib/mongocxx/v_noabi/mongocxx/options/replace.cpp.o
[654/983] Building CXX object _deps/mongo-cxx-driver-build/src/mongocxx/CMakeFiles/mongocxx_static.dir/lib/mongocxx/v_noabi/mongocxx/options/server_api.cpp.o
[655/983] Building CXX object _deps/mongo-cxx-driver-build/src/mongocxx/CMakeFiles/mongocxx_static.dir/lib/mongocxx/v_noabi/mongocxx/options/tls.cpp.o
[656/983] Building CXX object _deps/mongo-cxx-driver-build/src/mongocxx/CMakeFiles/mongocxx_static.dir/lib/mongocxx/v_noabi/mongocxx/pipeline.cpp.o
[657/983] Building CXX object _deps/mongo-cxx-driver-build/src/mongocxx/CMakeFiles/mongocxx_static.dir/lib/mongocxx/v_noabi/mongocxx/options/transaction.cpp.o
[658/983] Building CXX object _deps/mongo-cxx-driver-build/src/mongocxx/CMakeFiles/mongocxx_static.dir/lib/mongocxx/v_noabi/mongocxx/read_concern.cpp.o
[659/983] Building CXX object _deps/mongo-cxx-driver-build/src/mongocxx/CMakeFiles/mongocxx_static.dir/lib/mongocxx/v_noabi/mongocxx/options/update.cpp.o
[660/983] Building CXX object _deps/mongo-cxx-driver-build/src/mongocxx/CMakeFiles/mongocxx_static.dir/lib/mongocxx/v_noabi/mongocxx/read_preference.cpp.o
[661/983] Building CXX object _deps/mongo-cxx-driver-build/src/mongocxx/CMakeFiles/mongocxx_static.dir/lib/mongocxx/v_noabi/mongocxx/result/delete.cpp.o
[662/983] Building CXX object _deps/mongo-cxx-driver-build/src/mongocxx/CMakeFiles/mongocxx_static.dir/lib/mongocxx/v_noabi/mongocxx/result/gridfs/upload.cpp.o
[663/983] Building CXX object _deps/mongo-cxx-driver-build/src/mongocxx/CMakeFiles/mongocxx_static.dir/lib/mongocxx/v_noabi/mongocxx/result/bulk_write.cpp.o
[664/983] Building CXX object _deps/mongo-cxx-driver-build/src/mongocxx/CMakeFiles/mongocxx_static.dir/lib/mongocxx/v_noabi/mongocxx/result/insert_one.cpp.o
[665/983] Building CXX object _deps/mongo-cxx-driver-build/src/mongocxx/CMakeFiles/mongocxx_static.dir/lib/mongocxx/v_noabi/mongocxx/result/insert_many.cpp.o
[666/983] Building CXX object _deps/mongo-cxx-driver-build/src/mongocxx/CMakeFiles/mongocxx_static.dir/lib/mongocxx/v_noabi/mongocxx/pool.cpp.o
[667/983] Building CXX object _deps/mongo-cxx-driver-build/src/mongocxx/CMakeFiles/mongocxx_static.dir/lib/mongocxx/v_noabi/mongocxx/result/replace_one.cpp.o
[668/983] Building CXX object _deps/mongo-cxx-driver-build/src/mongocxx/CMakeFiles/mongocxx_static.dir/lib/mongocxx/v_noabi/mongocxx/result/update.cpp.o
[669/983] Building CXX object _deps/mongo-cxx-driver-build/src/mongocxx/CMakeFiles/mongocxx_static.dir/lib/mongocxx/v_noabi/mongocxx/result/rewrap_many_datakey.cpp.o
[670/983] Building CXX object _deps/mongo-cxx-driver-build/src/mongocxx/CMakeFiles/mongocxx_static.dir/lib/mongocxx/v_noabi/mongocxx/search_index_model.cpp.o
[671/983] Building CXX object _deps/mongo-cxx-driver-build/src/mongocxx/CMakeFiles/mongocxx_static.dir/lib/mongocxx/v_noabi/mongocxx/uri.cpp.o
[672/983] Building CXX object _deps/mongo-cxx-driver-build/src/mongocxx/CMakeFiles/mongocxx_static.dir/lib/mongocxx/v_noabi/mongocxx/validation_criteria.cpp.o
[673/983] Linking CXX static library framework/observability/librealm_observability.a
[674/983] Building CXX object _deps/mongo-cxx-driver-build/src/mongocxx/CMakeFiles/mongocxx_static.dir/lib/mongocxx/v_noabi/mongocxx/write_concern.cpp.o
[675/983] Building CXX object _deps/mongo-cxx-driver-build/src/mongocxx/CMakeFiles/mongocxx_static.dir/lib/mongocxx/v_noabi/mongocxx/search_index_view.cpp.o
[676/983] Linking CXX static library _deps/mongo-cxx-driver-build/src/mongocxx/libmongocxx1-static.a
[677/983] Building CXX object framework/scheduler/CMakeFiles/realm_scheduler.dir/src/frame_scheduler.cpp.o
[678/983] Linking CXX static library framework/scheduler/librealm_scheduler.a
[679/983] Building CXX object _deps/absl-build/absl/flags/CMakeFiles/absl_flags_usage_internal.dir/internal/usage.cc.o
[680/983] Linking CXX static library _deps/absl-build/absl/flags/libabsl_flags_usage_internal.a
[681/983] Building CXX object framework/service/CMakeFiles/realm_service.dir/src/service_lifecycle.cpp.o
[682/983] Building CXX object proto/CMakeFiles/realm_protocol.dir/generated/realmmesh/common/v1/envelope.pb.cc.o
[683/983] Building CXX object _deps/absl-build/absl/flags/CMakeFiles/absl_flags_usage.dir/usage.cc.o
[684/983] Generating test-tls/certificate.pem, test-tls/private-key.pem
-----
[685/983] Building CXX object proto/CMakeFiles/realm_protocol.dir/generated/realmmesh/edge/v1/edge.pb.cc.o
[686/983] Building C object third_party/lua/CMakeFiles/realm_lua_cli.dir/private/tmp/realmmesh-p5/deps-src/lua_source-src/src/lua.c.o
[687/983] Building CXX object proto/CMakeFiles/realm_protocol.dir/generated/realmmesh/realm/v1/realm.pb.cc.o
[688/983] Building CXX object _deps/absl-build/absl/base/CMakeFiles/absl_poison.dir/internal/poison.cc.o
[689/983] Building CXX object framework/scripting/CMakeFiles/realm_scripting.dir/src/lua_runtime.cpp.o
[690/983] Building CXX object _deps/absl-build/absl/base/CMakeFiles/absl_scoped_set_env.dir/internal/scoped_set_env.cc.o
[691/983] Building CXX object _deps/absl-build/absl/debugging/CMakeFiles/absl_failure_signal_handler.dir/failure_signal_handler.cc.o
[692/983] Building CXX object _deps/googletest-build/googletest/CMakeFiles/gtest_main.dir/src/gtest_main.cc.o
[693/983] Building CXX object _deps/absl-build/absl/profiling/CMakeFiles/absl_periodic_sampler.dir/internal/periodic_sampler.cc.o
[694/983] Building CXX object _deps/absl-build/absl/log/CMakeFiles/absl_log_flags.dir/flags.cc.o
[695/983] Building C object _deps/protobuf-build/third_party/utf8_range/CMakeFiles/utf8_range.dir/utf8_range.c.o
[696/983] Building CXX object _deps/googletest-build/googlemock/CMakeFiles/gmock.dir/src/gmock-all.cc.o
[697/983] Linking CXX static library framework/service/librealm_service.a
[698/983] Building CXX object _deps/googletest-build/googletest/CMakeFiles/gtest.dir/src/gtest-all.cc.o
[699/983] Building CXX object tools/detach/CMakeFiles/realm_detach.dir/main.cpp.o
[700/983] Building CXX object _deps/absl-build/absl/random/CMakeFiles/absl_random_internal_distribution_test_util.dir/internal/chi_square.cc.o
[701/983] Linking CXX static library proto/librealm_protocol.a
[702/983] Linking CXX static library framework/scripting/librealm_scripting.a
[703/983] Building CXX object _deps/absl-build/absl/random/CMakeFiles/absl_random_internal_distribution_test_util.dir/internal/distribution_test_util.cc.o
[704/983] Building CXX object _deps/absl-build/absl/strings/CMakeFiles/absl_cordz_sample_token.dir/internal/cordz_sample_token.cc.o
[705/983] Linking CXX static library lib/libgtest.a
[706/983] Linking CXX static library _deps/absl-build/absl/flags/libabsl_flags_usage.a
[707/983] Linking CXX static library lib/libgmock.a
[708/983] Linking CXX static library lib/libgtest_main.a
[709/983] Building CXX object _deps/absl-build/absl/flags/CMakeFiles/absl_flags_parse.dir/parse.cc.o
[710/983] Building CXX object _deps/googletest-build/googlemock/CMakeFiles/gmock_main.dir/src/gmock_main.cc.o
[711/983] Building CXX object tests/cpp/framework/concurrency/CMakeFiles/bounded_queue_test.dir/bounded_queue_test.cpp.o
[712/983] Building CXX object tests/cpp/framework/scheduler/CMakeFiles/frame_scheduler_test.dir/frame_scheduler_test.cpp.o
[713/983] Linking C executable third_party/lua/realm_lua_cli
[714/983] Linking CXX static library _deps/absl-build/absl/base/libabsl_scoped_set_env.a
[715/983] Linking CXX static library _deps/absl-build/absl/base/libabsl_poison.a
[716/983] Linking CXX static library _deps/absl-build/absl/debugging/libabsl_failure_signal_handler.a
[717/983] Building CXX object _deps/mongo-c-driver-build/src/CMakeFiles/mongoc-cxx-check.dir/cpp-check.cpp.o
[718/983] Building CXX object tests/cpp/framework/service/CMakeFiles/service_lifecycle_test.dir/service_lifecycle_test.cpp.o
[719/983] Linking CXX static library _deps/absl-build/absl/flags/libabsl_flags_parse.a
[720/983] Linking CXX static library _deps/absl-build/absl/log/libabsl_log_flags.a
[721/983] Linking CXX static library _deps/absl-build/absl/profiling/libabsl_periodic_sampler.a
[722/983] Linking CXX static library _deps/absl-build/absl/random/libabsl_random_internal_distribution_test_util.a
[723/983] Linking CXX static library _deps/absl-build/absl/strings/libabsl_cordz_sample_token.a
[724/983] Linking C static library _deps/protobuf-build/third_party/utf8_range/libutf8_range.a
[725/983] Building CXX object tests/cpp/framework/concurrency/CMakeFiles/bounded_work_pool_test.dir/bounded_work_pool_test.cpp.o
[726/983] Linking CXX executable bin/realm_detach
[727/983] Building CXX object tests/cpp/framework/observability/CMakeFiles/observability_metrics_registry_test.dir/metrics_registry_test.cpp.o
[728/983] Linking CXX static library lib/libgmock_main.a
[729/983] Performing configure step for 'sodium_external'
checking build system type... aarch64-apple-darwin27.0.0
checking host system type... aarch64-apple-darwin27.0.0
checking target system type... aarch64-apple-darwin27.0.0
checking for a BSD-compatible install... /usr/bin/install -c
checking whether sleep supports fractional seconds... yes
checking filesystem timestamp resolution... 2
checking whether build environment is sane... yes
checking for a race-free mkdir -p... mkdir -p
checking for gawk... no
checking for mawk... no
checking for nawk... no
checking for awk... awk
checking whether make sets $(MAKE)... yes
checking whether make supports nested variables... yes
checking xargs -n works... yes
checking whether UID '501' is supported by ustar format... yes
checking whether GID '20' is supported by ustar format... yes
checking how to create a ustar tar archive... gnutar
checking whether to enable maintainer-specific portions of Makefiles... no
checking for gcc... gcc
checking whether the C compiler works... yes
checking for C compiler default output file name... a.out
checking for suffix of executables... 
checking whether we are cross compiling... no
checking for suffix of object files... o
checking whether the compiler supports GNU C... yes
checking whether gcc accepts -g... yes
checking for gcc option to enable C23 features... -std=gnu23
checking whether gcc -std=gnu23 understands -c and -o together... yes
checking whether make supports the include directive... yes (GNU style)
checking dependency style of gcc -std=gnu23... gcc3
checking dependency style of gcc -std=gnu23... gcc3
checking for stdio.h... yes
checking for stdlib.h... yes
checking for string.h... yes
checking for inttypes.h... yes
checking for stdint.h... yes
checking for strings.h... yes
checking for sys/stat.h... yes
checking for sys/types.h... yes
checking for unistd.h... yes
checking for wchar.h... yes
checking for minix/config.h... no
checking whether it is safe to define __EXTENSIONS__... yes
checking whether _XOPEN_SOURCE should be defined... no
checking whether C compiler accepts -O3... yes
checking if we are using FilC... no
checking for a sed that does not truncate output... /usr/bin/sed
checking how to run the C preprocessor... gcc -std=gnu23 -E
checking for egrep -e... /usr/bin/grep -E
checking whether gcc -std=gnu23 is Clang... yes
checking whether pthreads work with "-pthread" and "-lpthread"... yes
checking whether Clang needs flag to prevent "argument unused" warning when linking with -pthread... no
checking for joinable pthread attribute... PTHREAD_CREATE_JOINABLE
checking whether more special flags are required for pthreads... no
checking for PTHREAD_PRIO_INHERIT... yes
checking for variable-length arrays... yes
checking for __wasi__ defined... no
checking whether C compiler accepts -fvisibility=hidden... yes
checking whether C compiler accepts -fPIC... yes
checking whether C compiler accepts -fPIE... yes
checking whether the linker accepts -pie... yes
checking whether C compiler accepts -fno-strict-aliasing... yes
checking whether C compiler accepts -fno-strict-overflow... yes
checking whether C compiler accepts -fstack-protector... yes
checking whether the linker accepts -fstack-protector... yes
checking whether C compiler accepts  -O3 -pthread -fvisibility=hidden -fPIC -fPIE -fno-strict-aliasing -fno-strict-overflow -fstack-protector -Wall... yes
checking whether C compiler accepts  -O3 -pthread -fvisibility=hidden -fPIC -fPIE -fno-strict-aliasing -fno-strict-overflow -fstack-protector -Wno-deprecated-declarations... yes
checking whether C compiler accepts  -O3 -pthread -fvisibility=hidden -fPIC -fPIE -fno-strict-aliasing -fno-strict-overflow -fstack-protector -Wno-deprecated-declarations -Wno-unknown-pragmas... yes
checking for clang... yes
checking whether C compiler accepts  -O3 -pthread -fvisibility=hidden -fPIC -fPIE -fno-strict-aliasing -fno-strict-overflow -fstack-protector -Wall -Wno-unknown-warning-option... yes
checking whether C compiler accepts  -O3 -pthread -fvisibility=hidden -fPIC -fPIE -fno-strict-aliasing -fno-strict-overflow -fstack-protector -Wall -Wno-unknown-warning-option -Wextra... yes
checking whether C compiler accepts  -Wextra -Warray-bounds... yes
checking whether C compiler accepts  -Wextra -Warray-bounds -Wbad-function-cast... yes
checking whether C compiler accepts  -Wextra -Warray-bounds -Wbad-function-cast -Wcast-qual... yes
checking whether C compiler accepts  -Wextra -Warray-bounds -Wbad-function-cast -Wcast-qual -Wdiv-by-zero... yes
checking whether C compiler accepts  -Wextra -Warray-bounds -Wbad-function-cast -Wcast-qual -Wdiv-by-zero -Wduplicated-branches... yes
checking whether C compiler accepts  -Wextra -Warray-bounds -Wbad-function-cast -Wcast-qual -Wdiv-by-zero -Wduplicated-branches -Wduplicated-cond... yes
checking whether C compiler accepts  -Wextra -Warray-bounds -Wbad-function-cast -Wcast-qual -Wdiv-by-zero -Wduplicated-branches -Wduplicated-cond -Wfloat-equal... yes
checking whether C compiler accepts  -Wextra -Warray-bounds -Wbad-function-cast -Wcast-qual -Wdiv-by-zero -Wduplicated-branches -Wduplicated-cond -Wfloat-equal -Wformat=2... yes
checking whether C compiler accepts  -Wextra -Warray-bounds -Wbad-function-cast -Wcast-qual -Wdiv-by-zero -Wduplicated-branches -Wduplicated-cond -Wfloat-equal -Wformat=2 -Wlogical-op... yes
checking whether C compiler accepts  -Wextra -Warray-bounds -Wbad-function-cast -Wcast-qual -Wdiv-by-zero -Wduplicated-branches -Wduplicated-cond -Wfloat-equal -Wformat=2 -Wlogical-op -Wmaybe-uninitialized... yes
checking whether C compiler accepts  -Wextra -Warray-bounds -Wbad-function-cast -Wcast-qual -Wdiv-by-zero -Wduplicated-branches -Wduplicated-cond -Wfloat-equal -Wformat=2 -Wlogical-op -Wmaybe-uninitialized -Wmisleading-indentation... yes
checking whether C compiler accepts  -Wextra -Warray-bounds -Wbad-function-cast -Wcast-qual -Wdiv-by-zero -Wduplicated-branches -Wduplicated-cond -Wfloat-equal -Wformat=2 -Wlogical-op -Wmaybe-uninitialized -Wmisleading-indentation -Wmissing-declarations... yes
checking whether C compiler accepts  -Wextra -Warray-bounds -Wbad-function-cast -Wcast-qual -Wdiv-by-zero -Wduplicated-branches -Wduplicated-cond -Wfloat-equal -Wformat=2 -Wlogical-op -Wmaybe-uninitialized -Wmisleading-indentation -Wmissing-declarations -Wmissing-prototypes... yes
checking whether C compiler accepts  -Wextra -Warray-bounds -Wbad-function-cast -Wcast-qual -Wdiv-by-zero -Wduplicated-branches -Wduplicated-cond -Wfloat-equal -Wformat=2 -Wlogical-op -Wmaybe-uninitialized -Wmisleading-indentation -Wmissing-declarations -Wmissing-prototypes -Wnested-externs... yes
checking whether C compiler accepts  -Wextra -Warray-bounds -Wbad-function-cast -Wcast-qual -Wdiv-by-zero -Wduplicated-branches -Wduplicated-cond -Wfloat-equal -Wformat=2 -Wlogical-op -Wmaybe-uninitialized -Wmisleading-indentation -Wmissing-declarations -Wmissing-prototypes -Wnested-externs -Wno-type-limits... yes
checking whether C compiler accepts  -Wextra -Warray-bounds -Wbad-function-cast -Wcast-qual -Wdiv-by-zero -Wduplicated-branches -Wduplicated-cond -Wfloat-equal -Wformat=2 -Wlogical-op -Wmaybe-uninitialized -Wmisleading-indentation -Wmissing-declarations -Wmissing-prototypes -Wnested-externs -Wno-type-limits -Wno-unknown-pragmas... yes
checking whether C compiler accepts  -Wextra -Warray-bounds -Wbad-function-cast -Wcast-qual -Wdiv-by-zero -Wduplicated-branches -Wduplicated-cond -Wfloat-equal -Wformat=2 -Wlogical-op -Wmaybe-uninitialized -Wmisleading-indentation -Wmissing-declarations -Wmissing-prototypes -Wnested-externs -Wno-type-limits -Wno-unknown-pragmas -Wnormalized=id... yes
checking whether C compiler accepts  -Wextra -Warray-bounds -Wbad-function-cast -Wcast-qual -Wdiv-by-zero -Wduplicated-branches -Wduplicated-cond -Wfloat-equal -Wformat=2 -Wlogical-op -Wmaybe-uninitialized -Wmisleading-indentation -Wmissing-declarations -Wmissing-prototypes -Wnested-externs -Wno-type-limits -Wno-unknown-pragmas -Wnormalized=id -Wnull-dereference... yes
checking whether C compiler accepts  -Wextra -Warray-bounds -Wbad-function-cast -Wcast-qual -Wdiv-by-zero -Wduplicated-branches -Wduplicated-cond -Wfloat-equal -Wformat=2 -Wlogical-op -Wmaybe-uninitialized -Wmisleading-indentation -Wmissing-declarations -Wmissing-prototypes -Wnested-externs -Wno-type-limits -Wno-unknown-pragmas -Wnormalized=id -Wnull-dereference -Wold-style-declaration... yes
checking whether C compiler accepts  -Wextra -Warray-bounds -Wbad-function-cast -Wcast-qual -Wdiv-by-zero -Wduplicated-branches -Wduplicated-cond -Wfloat-equal -Wformat=2 -Wlogical-op -Wmaybe-uninitialized -Wmisleading-indentation -Wmissing-declarations -Wmissing-prototypes -Wnested-externs -Wno-type-limits -Wno-unknown-pragmas -Wnormalized=id -Wnull-dereference -Wold-style-declaration -Wpointer-arith... yes
checking whether C compiler accepts  -Wextra -Warray-bounds -Wbad-function-cast -Wcast-qual -Wdiv-by-zero -Wduplicated-branches -Wduplicated-cond -Wfloat-equal -Wformat=2 -Wlogical-op -Wmaybe-uninitialized -Wmisleading-indentation -Wmissing-declarations -Wmissing-prototypes -Wnested-externs -Wno-type-limits -Wno-unknown-pragmas -Wnormalized=id -Wnull-dereference -Wold-style-declaration -Wpointer-arith -Wredundant-decls... yes
checking whether C compiler accepts  -Wextra -Warray-bounds -Wbad-function-cast -Wcast-qual -Wdiv-by-zero -Wduplicated-branches -Wduplicated-cond -Wfloat-equal -Wformat=2 -Wlogical-op -Wmaybe-uninitialized -Wmisleading-indentation -Wmissing-declarations -Wmissing-prototypes -Wnested-externs -Wno-type-limits -Wno-unknown-pragmas -Wnormalized=id -Wnull-dereference -Wold-style-declaration -Wpointer-arith -Wredundant-decls -Wrestrict... yes
checking whether C compiler accepts  -Wextra -Warray-bounds -Wbad-function-cast -Wcast-qual -Wdiv-by-zero -Wduplicated-branches -Wduplicated-cond -Wfloat-equal -Wformat=2 -Wlogical-op -Wmaybe-uninitialized -Wmisleading-indentation -Wmissing-declarations -Wmissing-prototypes -Wnested-externs -Wno-type-limits -Wno-unknown-pragmas -Wnormalized=id -Wnull-dereference -Wold-style-declaration -Wpointer-arith -Wredundant-decls -Wrestrict -Wshorten-64-to-32... yes
checking whether C compiler accepts  -Wextra -Warray-bounds -Wbad-function-cast -Wcast-qual -Wdiv-by-zero -Wduplicated-branches -Wduplicated-cond -Wfloat-equal -Wformat=2 -Wlogical-op -Wmaybe-uninitialized -Wmisleading-indentation -Wmissing-declarations -Wmissing-prototypes -Wnested-externs -Wno-type-limits -Wno-unknown-pragmas -Wnormalized=id -Wnull-dereference -Wold-style-declaration -Wpointer-arith -Wredundant-decls -Wrestrict -Wshorten-64-to-32 -Wsometimes-uninitialized... yes
checking whether C compiler accepts  -Wextra -Warray-bounds -Wbad-function-cast -Wcast-qual -Wdiv-by-zero -Wduplicated-branches -Wduplicated-cond -Wfloat-equal -Wformat=2 -Wlogical-op -Wmaybe-uninitialized -Wmisleading-indentation -Wmissing-declarations -Wmissing-prototypes -Wnested-externs -Wno-type-limits -Wno-unknown-pragmas -Wnormalized=id -Wnull-dereference -Wold-style-declaration -Wpointer-arith -Wredundant-decls -Wrestrict -Wshorten-64-to-32 -Wsometimes-uninitialized -Wstrict-prototypes... yes
checking whether C compiler accepts  -Wextra -Warray-bounds -Wbad-function-cast -Wcast-qual -Wdiv-by-zero -Wduplicated-branches -Wduplicated-cond -Wfloat-equal -Wformat=2 -Wlogical-op -Wmaybe-uninitialized -Wmisleading-indentation -Wmissing-declarations -Wmissing-prototypes -Wnested-externs -Wno-type-limits -Wno-unknown-pragmas -Wnormalized=id -Wnull-dereference -Wold-style-declaration -Wpointer-arith -Wredundant-decls -Wrestrict -Wshorten-64-to-32 -Wsometimes-uninitialized -Wstrict-prototypes -Wswitch-enum... yes
checking whether C compiler accepts  -Wextra -Warray-bounds -Wbad-function-cast -Wcast-qual -Wdiv-by-zero -Wduplicated-branches -Wduplicated-cond -Wfloat-equal -Wformat=2 -Wlogical-op -Wmaybe-uninitialized -Wmisleading-indentation -Wmissing-declarations -Wmissing-prototypes -Wnested-externs -Wno-type-limits -Wno-unknown-pragmas -Wnormalized=id -Wnull-dereference -Wold-style-declaration -Wpointer-arith -Wredundant-decls -Wrestrict -Wshorten-64-to-32 -Wsometimes-uninitialized -Wstrict-prototypes -Wswitch-enum -Wvariable-decl... yes
checking whether C compiler accepts  -Wextra -Warray-bounds -Wbad-function-cast -Wcast-qual -Wdiv-by-zero -Wduplicated-branches -Wduplicated-cond -Wfloat-equal -Wformat=2 -Wlogical-op -Wmaybe-uninitialized -Wmisleading-indentation -Wmissing-declarations -Wmissing-prototypes -Wnested-externs -Wno-type-limits -Wno-unknown-pragmas -Wnormalized=id -Wnull-dereference -Wold-style-declaration -Wpointer-arith -Wredundant-decls -Wrestrict -Wshorten-64-to-32 -Wsometimes-uninitialized -Wstrict-prototypes -Wswitch-enum -Wvariable-decl -Wwrite-strings... yes
checking whether the linker accepts -Wl,-z,relro... no
checking whether the linker accepts -Wl,-z,now... no
checking whether the linker accepts -Wl,-z,noexecstack... no
checking whether segmentation violations can be caught... yes
checking whether SIGABRT can be caught... yes
checking for thread local storage (TLS) class... thread_local
thread local storage is supported
checking whether C compiler accepts -ftls-model=global-dynamic... yes
checking how to print strings... printf
checking for a sed that does not truncate output... (cached) /usr/bin/sed
checking for grep that handles long lines and -e... /usr/bin/grep
checking for egrep... /usr/bin/grep -E
checking for fgrep... /usr/bin/grep -F
checking for ld used by gcc -std=gnu23... /Applications/Xcode.app/Contents/Developer/Toolchains/XcodeDefault.xctoolchain/usr/bin/ld
checking if the linker (/Applications/Xcode.app/Contents/Developer/Toolchains/XcodeDefault.xctoolchain/usr/bin/ld) is GNU ld... no
checking for BSD- or MS-compatible name lister (nm)... /usr/bin/nm -B
checking the name lister (/usr/bin/nm -B) interface... BSD nm
checking whether ln -s works... yes
checking the maximum length of command line arguments... 786432
checking how to convert aarch64-apple-darwin27.0.0 file names to aarch64-apple-darwin27.0.0 format... func_convert_file_noop
checking how to convert aarch64-apple-darwin27.0.0 file names to toolchain format... func_convert_file_noop
checking for /Applications/Xcode.app/Contents/Developer/Toolchains/XcodeDefault.xctoolchain/usr/bin/ld option to reload object files... -r
checking for file... file
checking for objdump... objdump
checking how to recognize dependent libraries... pass_all
checking for dlltool... no
checking how to associate runtime and link libraries... printf %s\n
checking for ranlib... ranlib
checking for ar... ar
checking for archiver @FILE support... no
checking for strip... strip
checking command to parse /usr/bin/nm -B output from gcc -std=gnu23 object... ok
checking for sysroot... no
checking for a working dd... /bin/dd
checking how to truncate binary pipes... /bin/dd bs=4096 count=1
checking for mt... no
checking if : is a manifest tool... no
checking for dsymutil... dsymutil
checking for nmedit... nmedit
checking for lipo... lipo
checking for otool... otool
checking for otool64... no
checking for -single_module linker flag... ld: warning: -single_module is obsolete
no
checking for -no_fixup_chains linker flag... yes
checking for -exported_symbols_list linker flag... yes
checking for -force_load linker flag... yes
checking for dlfcn.h... yes
checking for objdir... .libs
checking if gcc -std=gnu23 supports -fno-rtti -fno-exceptions... yes
checking for gcc -std=gnu23 option to produce PIC... -fno-common -DPIC
checking if gcc -std=gnu23 PIC flag -fno-common -DPIC works... yes
checking if gcc -std=gnu23 static flag -static works... no
checking if gcc -std=gnu23 supports -c -o file.o... yes
checking if gcc -std=gnu23 supports -c -o file.o... (cached) yes
checking whether the gcc -std=gnu23 linker (/Applications/Xcode.app/Contents/Developer/Toolchains/XcodeDefault.xctoolchain/usr/bin/ld) supports shared libraries... yes
checking dynamic linker characteristics... darwin27.0.0 dyld
checking how to hardcode library paths into programs... immediate
checking whether stripping libraries is possible... yes
checking if libtool supports shared libraries... yes
checking whether to build shared libraries... no
checking whether to build static libraries... yes
checking if we are using CompCert... no
checking for ar... (cached) ar
checking for ARM64 target... yes
checking for ARM crypto instructions set... yes
checking whether C compiler accepts -mmmx... no
checking for MMX instructions set... no
checking whether C compiler accepts -msse2... no
checking for SSE2 instructions set... no
checking whether C compiler accepts -msse3... no
checking for SSE3 instructions set... no
checking whether C compiler accepts -mssse3... no
checking for SSSE3 instructions set... no
checking whether C compiler accepts -msse4.1... no
checking for SSE4.1 instructions set... no
checking whether C compiler accepts -mavx... no
checking for AVX instructions set... no
checking whether C compiler accepts -mavx2... no
checking for AVX2 instructions set... no
checking whether C compiler accepts -mavx512f... no
checking for AVX512F instructions set... no
checking whether C compiler accepts  -O3 -pthread -fvisibility=hidden -fPIC -fPIE -fno-strict-aliasing -fno-strict-overflow -fstack-protector -Wno-deprecated-declarations -Wno-unknown-pragmas -ftls-model=global-dynamic -mno-avx512f... no
checking whether C compiler accepts -maes... no
checking whether C compiler accepts -mpclmul... no
checking for AESNI instructions set and PCLMULQDQ... no
checking whether C compiler accepts -mrdrnd... no
checking for RDRAND... no
checking for sys/mman.h... yes
checking for sys/param.h... yes
checking for sys/random.h... yes
checking for intrin.h... no
checking for sys/auxv.h... no
checking for CommonCrypto/CommonRandom.h... yes
checking for cet.h... yes
checking for threads.h... no
checking if _xgetbv() is available... no
checking for inline... inline
checking whether byte ordering is bigendian... no
checking whether __STDC_LIMIT_MACROS is required... no
checking whether we can use inline asm code... yes
no
checking whether we can use x86_64 asm code... no
checking whether we can assemble AVX opcodes... no
checking for 128-bit arithmetic... yes
checking for cpuid instruction... no
checking if the .private_extern asm directive is supported... yes
checking if the .hidden asm directive is supported... no
checking if weak symbols are supported... yes
checking if atomic operations are supported... yes
checking if C11 memory fences are supported... yes
checking if gcc memory fences are supported... yes
checking for size_t... yes
checking for working alloca.h... yes
checking for alloca... yes
checking for arc4random... yes
checking for arc4random_buf... yes
checking for mmap... yes
checking for mlock... yes
checking for madvise... yes
checking for mprotect... yes
checking for raise... yes
checking for sysconf... yes
checking for getrandom with a standard API... no
checking for getentropy with a standard API... yes
checking for getentropy... yes
checking for getpid... yes
checking for getauxval... no
checking for elf_aux_info... no
checking for posix_memalign... yes
checking for nanosleep... yes
checking for clock_gettime... yes
checking for memset_s... yes
checking for explicit_bzero... no
checking for memset_explicit... no
checking for explicit_memset... no
checking if gcc/ld supports -Wl,--output-def... not needed, shared libraries are disabled
checking that generated files are newer than configure... done
configure: creating ./config.status
config.status: creating Makefile
config.status: creating builds/Makefile
config.status: creating contrib/Makefile
config.status: creating dist-build/Makefile
config.status: creating libsodium.pc
config.status: creating libsodium-uninstalled.pc
config.status: creating src/Makefile
config.status: creating src/libsodium/Makefile
config.status: creating src/libsodium/include/Makefile
config.status: creating src/libsodium/include/sodium/version.h
config.status: creating test/default/Makefile
config.status: creating test/Makefile
config.status: executing depfiles commands
config.status: executing libtool commands
[730/983] Linking CXX executable tests/cpp/framework/scheduler/frame_scheduler_test
[731/983] Building CXX object tests/cpp/framework/scripting/CMakeFiles/lua_runtime_test.dir/lua_runtime_test.cpp.o
[732/983] Linking CXX executable tests/cpp/framework/concurrency/bounded_queue_test
[733/983] Linking CXX executable tests/cpp/framework/scripting/lua_runtime_test
[734/983] Linking CXX executable tests/cpp/framework/concurrency/bounded_work_pool_test
[735/983] Linking CXX executable tests/cpp/framework/service/service_lifecycle_test
[736/983] Linking CXX executable tests/cpp/framework/observability/observability_metrics_registry_test
[737/983] Building CXX object tests/cpp/framework/observability/CMakeFiles/observability_logger_test.dir/logger_test.cpp.o
[738/983] Linking CXX executable tests/cpp/framework/observability/observability_logger_test
[739/983] Performing build step for 'sodium_external'
Making all in builds
make[1]: Nothing to be done for `all'.
Making all in contrib
make[1]: Nothing to be done for `all'.
Making all in dist-build
make[1]: Nothing to be done for `all'.
Making all in src
Making all in libsodium
Making all in include
make[3]: Nothing to be done for `all'.
  CC       crypto_aead/aegis128l/libsodium_la-aead_aegis128l.lo
  CC       crypto_aead/aegis128l/libsodium_la-aegis128l_soft.lo
  CC       crypto_aead/aegis256/libsodium_la-aead_aegis256.lo
  CC       crypto_aead/aegis256/libsodium_la-aegis256_soft.lo
  CC       crypto_aead/aes256gcm/libsodium_la-aead_aes256gcm.lo
  CC       crypto_aead/chacha20poly1305/libsodium_la-aead_chacha20poly1305.lo
  CC       crypto_aead/xchacha20poly1305/libsodium_la-aead_xchacha20poly1305.lo
  CC       crypto_auth/libsodium_la-crypto_auth.lo
  CC       crypto_auth/hmacsha256/libsodium_la-auth_hmacsha256.lo
  CC       crypto_auth/hmacsha512/libsodium_la-auth_hmacsha512.lo
  CC       crypto_auth/hmacsha512256/libsodium_la-auth_hmacsha512256.lo
  CC       crypto_box/libsodium_la-crypto_box.lo
  CC       crypto_box/libsodium_la-crypto_box_easy.lo
  CC       crypto_box/libsodium_la-crypto_box_seal.lo
  CC       crypto_box/curve25519xsalsa20poly1305/libsodium_la-box_curve25519xsalsa20poly1305.lo
  CC       crypto_core/ed25519/ref10/libsodium_la-ed25519_ref10.lo
  CC       crypto_core/hchacha20/libsodium_la-core_hchacha20.lo
  CC       crypto_core/hsalsa20/ref2/libsodium_la-core_hsalsa20_ref2.lo
  CC       crypto_core/hsalsa20/libsodium_la-core_hsalsa20.lo
  CC       crypto_core/keccak1600/libsodium_la-keccak1600.lo
  CC       crypto_core/keccak1600/ref/libsodium_la-keccak1600_ref.lo
  CC       crypto_core/keccak1600/armsha3/libsodium_la-keccak1600_armsha3.lo
  CC       crypto_core/salsa/ref/libsodium_la-core_salsa_ref.lo
  CC       crypto_core/softaes/libsodium_la-softaes.lo
  CC       crypto_generichash/libsodium_la-crypto_generichash.lo
  CC       crypto_generichash/blake2b/libsodium_la-generichash_blake2.lo
  CC       crypto_generichash/blake2b/ref/libsodium_la-blake2b-compress-ref.lo
  CC       crypto_generichash/blake2b/ref/libsodium_la-blake2b-ref.lo
  CC       crypto_generichash/blake2b/ref/libsodium_la-generichash_blake2b.lo
  CC       crypto_hash/libsodium_la-crypto_hash.lo
  CC       crypto_hash/sha256/libsodium_la-hash_sha256.lo
  CC       crypto_hash/sha256/cp/libsodium_la-hash_sha256_cp.lo
  CC       crypto_hash/sha512/libsodium_la-hash_sha512.lo
  CC       crypto_hash/sha512/cp/libsodium_la-hash_sha512_cp.lo
  CC       crypto_hash/sha3/libsodium_la-hash_sha3.lo
  CC       crypto_ipcrypt/libsodium_la-crypto_ipcrypt.lo
  CC       crypto_ipcrypt/libsodium_la-ipcrypt_soft.lo
  CC       crypto_kdf/blake2b/libsodium_la-kdf_blake2b.lo
  CC       crypto_kdf/libsodium_la-crypto_kdf.lo
  CC       crypto_kdf/hkdf/libsodium_la-kdf_hkdf_sha256.lo
  CC       crypto_kdf/hkdf/libsodium_la-kdf_hkdf_sha512.lo
  CC       crypto_kem/libsodium_la-crypto_kem.lo
  CC       crypto_kem/mlkem768/libsodium_la-kem_mlkem768.lo
  CC       crypto_kem/mlkem768/ref/libsodium_la-kem_mlkem768_ref.lo
  CC       crypto_kem/xwing/libsodium_la-kem_xwing.lo
  CC       crypto_kx/libsodium_la-crypto_kx.lo
  CC       crypto_onetimeauth/libsodium_la-crypto_onetimeauth.lo
  CC       crypto_onetimeauth/poly1305/libsodium_la-onetimeauth_poly1305.lo
  CC       crypto_onetimeauth/poly1305/donna/libsodium_la-poly1305_donna.lo
  CC       crypto_pwhash/argon2/libsodium_la-argon2-core.lo
  CC       crypto_pwhash/argon2/libsodium_la-argon2-encoding.lo
  CC       crypto_pwhash/argon2/libsodium_la-argon2-fill-block-ref.lo
  CC       crypto_pwhash/argon2/libsodium_la-argon2-fill-block-wasm32.lo
  CC       crypto_pwhash/argon2/libsodium_la-argon2.lo
  CC       crypto_pwhash/argon2/libsodium_la-blake2b-long.lo
  CC       crypto_pwhash/argon2/libsodium_la-pwhash_argon2i.lo
  CC       crypto_pwhash/argon2/libsodium_la-pwhash_argon2id.lo
  CC       crypto_pwhash/libsodium_la-crypto_pwhash.lo
  CC       crypto_scalarmult/libsodium_la-crypto_scalarmult.lo
  CC       crypto_scalarmult/curve25519/ref10/libsodium_la-x25519_ref10.lo
  CC       crypto_scalarmult/curve25519/libsodium_la-scalarmult_curve25519.lo
  CC       crypto_secretbox/libsodium_la-crypto_secretbox.lo
  CC       crypto_secretbox/libsodium_la-crypto_secretbox_easy.lo
  CC       crypto_secretbox/xsalsa20poly1305/libsodium_la-secretbox_xsalsa20poly1305.lo
  CC       crypto_secretstream/xchacha20poly1305/libsodium_la-secretstream_xchacha20poly1305.lo
  CC       crypto_shorthash/libsodium_la-crypto_shorthash.lo
  CC       crypto_shorthash/siphash24/libsodium_la-shorthash_siphash24.lo
  CC       crypto_shorthash/siphash24/ref/libsodium_la-shorthash_siphash24_ref.lo
  CC       crypto_sign/libsodium_la-crypto_sign.lo
  CC       crypto_sign/ed25519/libsodium_la-sign_ed25519.lo
  CC       crypto_sign/ed25519/ref10/libsodium_la-keypair.lo
  CC       crypto_sign/ed25519/ref10/libsodium_la-open.lo
  CC       crypto_sign/ed25519/ref10/libsodium_la-sign.lo
  CC       crypto_stream/chacha20/libsodium_la-stream_chacha20.lo
  CC       crypto_stream/chacha20/ref/libsodium_la-chacha20_ref.lo
  CC       crypto_stream/libsodium_la-crypto_stream.lo
  CC       crypto_stream/salsa20/libsodium_la-stream_salsa20.lo
  CC       crypto_stream/xsalsa20/libsodium_la-stream_xsalsa20.lo
  CC       crypto_verify/libsodium_la-verify.lo
  CC       crypto_xof/shake128/libsodium_la-xof_shake128.lo
  CC       crypto_xof/shake128/ref/libsodium_la-shake128_ref.lo
  CC       crypto_xof/shake256/libsodium_la-xof_shake256.lo
  CC       crypto_xof/shake256/ref/libsodium_la-shake256_ref.lo
  CC       crypto_xof/turboshake128/libsodium_la-xof_turboshake128.lo
  CC       crypto_xof/turboshake128/ref/libsodium_la-turboshake128_ref.lo
  CC       crypto_xof/turboshake256/libsodium_la-xof_turboshake256.lo
  CC       crypto_xof/turboshake256/ref/libsodium_la-turboshake256_ref.lo
  CC       randombytes/libsodium_la-randombytes.lo
  CC       sodium/libsodium_la-codecs.lo
  CC       sodium/libsodium_la-core.lo
  CC       sodium/libsodium_la-runtime.lo
  CC       sodium/libsodium_la-utils.lo
  CC       sodium/libsodium_la-version.lo
  CC       crypto_stream/salsa20/ref/libsodium_la-salsa20_ref.lo
  CC       crypto_box/curve25519xchacha20poly1305/libsodium_la-box_curve25519xchacha20poly1305.lo
  CC       crypto_box/curve25519xchacha20poly1305/libsodium_la-box_seal_curve25519xchacha20poly1305.lo
  CC       crypto_core/ed25519/libsodium_la-core_ed25519.lo
  CC       crypto_core/ed25519/libsodium_la-core_ristretto255.lo
  CC       crypto_pwhash/scryptsalsa208sha256/libsodium_la-crypto_scrypt-common.lo
  CC       crypto_pwhash/scryptsalsa208sha256/libsodium_la-scrypt_platform.lo
  CC       crypto_pwhash/scryptsalsa208sha256/libsodium_la-pbkdf2-sha256.lo
  CC       crypto_pwhash/scryptsalsa208sha256/libsodium_la-pwhash_scryptsalsa208sha256.lo
  CC       crypto_pwhash/scryptsalsa208sha256/nosse/libsodium_la-pwhash_scryptsalsa208sha256_nosse.lo
  CC       crypto_scalarmult/ed25519/ref10/libsodium_la-scalarmult_ed25519_ref10.lo
  CC       crypto_scalarmult/ristretto255/ref10/libsodium_la-scalarmult_ristretto255_ref10.lo
  CC       crypto_secretbox/xchacha20poly1305/libsodium_la-secretbox_xchacha20poly1305.lo
  CC       crypto_shorthash/siphash24/libsodium_la-shorthash_siphashx24.lo
  CC       crypto_shorthash/siphash24/ref/libsodium_la-shorthash_siphashx24_ref.lo
  CC       crypto_sign/ed25519/ref10/libsodium_la-obsolete.lo
  CC       crypto_stream/salsa2012/ref/libsodium_la-stream_salsa2012_ref.lo
  CC       crypto_stream/salsa2012/libsodium_la-stream_salsa2012.lo
  CC       crypto_stream/salsa208/ref/libsodium_la-stream_salsa208_ref.lo
  CC       crypto_stream/salsa208/libsodium_la-stream_salsa208.lo
  CC       crypto_stream/xchacha20/libsodium_la-stream_xchacha20.lo
  CC       randombytes/sysrandom/libsodium_la-randombytes_sysrandom.lo
  CC       crypto_aead/aegis128l/libaesni_la-aegis128l_aesni.lo
  CC       crypto_aead/aegis256/libaesni_la-aegis256_aesni.lo
  CC       crypto_aead/aes256gcm/aesni/libaesni_la-aead_aes256gcm_aesni.lo
  CC       crypto_ipcrypt/libaesni_la-ipcrypt_aesni.lo
  CCLD     libaesni.la
libtool: warning: '-version-info/-version-number' is ignored for convenience libraries
  CC       crypto_aead/aegis128l/libarmcrypto_la-aegis128l_armcrypto.lo
  CC       crypto_aead/aegis256/libarmcrypto_la-aegis256_armcrypto.lo
  CC       crypto_aead/aes256gcm/armcrypto/libarmcrypto_la-aead_aes256gcm_armcrypto.lo
  CC       crypto_ipcrypt/libarmcrypto_la-ipcrypt_armcrypto.lo
  CC       crypto_pwhash/argon2/libarmcrypto_la-argon2-fill-block-neon.lo
  CCLD     libarmcrypto.la
libtool: warning: '-version-info/-version-number' is ignored for convenience libraries
  CC       crypto_onetimeauth/poly1305/sse2/libsse2_la-poly1305_sse2.lo
  CC       crypto_pwhash/scryptsalsa208sha256/sse/libsse2_la-pwhash_scryptsalsa208sha256_sse.lo
  CC       crypto_stream/salsa20/xmm6int/libsse2_la-salsa20_xmm6int-sse2.lo
  CCLD     libsse2.la
libtool: warning: '-version-info/-version-number' is ignored for convenience libraries
  CC       crypto_generichash/blake2b/ref/libssse3_la-blake2b-compress-ssse3.lo
  CC       crypto_pwhash/argon2/libssse3_la-argon2-fill-block-ssse3.lo
  CC       crypto_stream/chacha20/dolbeau/libssse3_la-chacha20_dolbeau-ssse3.lo
  CCLD     libssse3.la
libtool: warning: '-version-info/-version-number' is ignored for convenience libraries
  CC       crypto_generichash/blake2b/ref/libsse41_la-blake2b-compress-sse41.lo
  CCLD     libsse41.la
libtool: warning: '-version-info/-version-number' is ignored for convenience libraries
  CC       crypto_generichash/blake2b/ref/libavx2_la-blake2b-compress-avx2.lo
  CC       crypto_pwhash/argon2/libavx2_la-argon2-fill-block-avx2.lo
  CC       crypto_stream/chacha20/dolbeau/libavx2_la-chacha20_dolbeau-avx2.lo
  CC       crypto_stream/salsa20/xmm6int/libavx2_la-salsa20_xmm6int-avx2.lo
  CCLD     libavx2.la
libtool: warning: '-version-info/-version-number' is ignored for convenience libraries
  CC       crypto_pwhash/argon2/libavx512f_la-argon2-fill-block-avx512f.lo
  CCLD     libavx512f.la
libtool: warning: '-version-info/-version-number' is ignored for convenience libraries
  CC       randombytes/internal/librdrand_la-randombytes_internal_random.lo
  CCLD     librdrand.la
libtool: warning: '-version-info/-version-number' is ignored for convenience libraries
  CCLD     libsodium.la
make[2]: Nothing to be done for `all-am'.
Making all in test
Making all in default
make[2]: Nothing to be done for `all'.
make[2]: Nothing to be done for `all-am'.
make[1]: Nothing to be done for `all-am'.
Making install in builds
make[2]: Nothing to be done for `install-exec-am'.
make[2]: Nothing to be done for `install-data-am'.
Making install in contrib
make[2]: Nothing to be done for `install-exec-am'.
make[2]: Nothing to be done for `install-data-am'.
Making install in dist-build
make[2]: Nothing to be done for `install-exec-am'.
make[2]: Nothing to be done for `install-data-am'.
Making install in src
Making install in libsodium
Making install in include
make[4]: Nothing to be done for `install-exec-am'.
 mkdir -p '/private/tmp/realmmesh-p6-fixed/final/build/dev-ninja/third_party/sodium/install/include'
 mkdir -p '/private/tmp/realmmesh-p6-fixed/final/build/dev-ninja/third_party/sodium/install/include/sodium'
 /usr/bin/install -c -m 644  /private/tmp/realmmesh-p6-fixed/final/build/dev-ninja/third_party/sodium/sodium_external-prefix/src/sodium_external/src/libsodium/include/sodium/core.h /private/tmp/realmmesh-p6-fixed/final/build/dev-ninja/third_party/sodium/sodium_external-prefix/src/sodium_external/src/libsodium/include/sodium/crypto_aead_aes256gcm.h /private/tmp/realmmesh-p6-fixed/final/build/dev-ninja/third_party/sodium/sodium_external-prefix/src/sodium_external/src/libsodium/include/sodium/crypto_aead_aegis128l.h /private/tmp/realmmesh-p6-fixed/final/build/dev-ninja/third_party/sodium/sodium_external-prefix/src/sodium_external/src/libsodium/include/sodium/crypto_aead_aegis256.h /private/tmp/realmmesh-p6-fixed/final/build/dev-ninja/third_party/sodium/sodium_external-prefix/src/sodium_external/src/libsodium/include/sodium/crypto_aead_chacha20poly1305.h /private/tmp/realmmesh-p6-fixed/final/build/dev-ninja/third_party/sodium/sodium_external-prefix/src/sodium_external/src/libsodium/include/sodium/crypto_aead_xchacha20poly1305.h /private/tmp/realmmesh-p6-fixed/final/build/dev-ninja/third_party/sodium/sodium_external-prefix/src/sodium_external/src/libsodium/include/sodium/crypto_auth.h /private/tmp/realmmesh-p6-fixed/final/build/dev-ninja/third_party/sodium/sodium_external-prefix/src/sodium_external/src/libsodium/include/sodium/crypto_auth_hmacsha256.h /private/tmp/realmmesh-p6-fixed/final/build/dev-ninja/third_party/sodium/sodium_external-prefix/src/sodium_external/src/libsodium/include/sodium/crypto_auth_hmacsha512.h /private/tmp/realmmesh-p6-fixed/final/build/dev-ninja/third_party/sodium/sodium_external-prefix/src/sodium_external/src/libsodium/include/sodium/crypto_auth_hmacsha512256.h /private/tmp/realmmesh-p6-fixed/final/build/dev-ninja/third_party/sodium/sodium_external-prefix/src/sodium_external/src/libsodium/include/sodium/crypto_box.h /private/tmp/realmmesh-p6-fixed/final/build/dev-ninja/third_party/sodium/sodium_external-prefix/src/sodium_external/src/libsodium/include/sodium/crypto_box_curve25519xchacha20poly1305.h /private/tmp/realmmesh-p6-fixed/final/build/dev-ninja/third_party/sodium/sodium_external-prefix/src/sodium_external/src/libsodium/include/sodium/crypto_box_curve25519xsalsa20poly1305.h /private/tmp/realmmesh-p6-fixed/final/build/dev-ninja/third_party/sodium/sodium_external-prefix/src/sodium_external/src/libsodium/include/sodium/crypto_core_ed25519.h /private/tmp/realmmesh-p6-fixed/final/build/dev-ninja/third_party/sodium/sodium_external-prefix/src/sodium_external/src/libsodium/include/sodium/crypto_core_ristretto255.h /private/tmp/realmmesh-p6-fixed/final/build/dev-ninja/third_party/sodium/sodium_external-prefix/src/sodium_external/src/libsodium/include/sodium/crypto_core_hchacha20.h /private/tmp/realmmesh-p6-fixed/final/build/dev-ninja/third_party/sodium/sodium_external-prefix/src/sodium_external/src/libsodium/include/sodium/crypto_core_hsalsa20.h /private/tmp/realmmesh-p6-fixed/final/build/dev-ninja/third_party/sodium/sodium_external-prefix/src/sodium_external/src/libsodium/include/sodium/crypto_core_keccak1600.h /private/tmp/realmmesh-p6-fixed/final/build/dev-ninja/third_party/sodium/sodium_external-prefix/src/sodium_external/src/libsodium/include/sodium/crypto_core_salsa20.h /private/tmp/realmmesh-p6-fixed/final/build/dev-ninja/third_party/sodium/sodium_external-prefix/src/sodium_external/src/libsodium/include/sodium/crypto_core_salsa2012.h /private/tmp/realmmesh-p6-fixed/final/build/dev-ninja/third_party/sodium/sodium_external-prefix/src/sodium_external/src/libsodium/include/sodium/crypto_core_salsa208.h /private/tmp/realmmesh-p6-fixed/final/build/dev-ninja/third_party/sodium/sodium_external-prefix/src/sodium_external/src/libsodium/include/sodium/crypto_generichash.h /private/tmp/realmmesh-p6-fixed/final/build/dev-ninja/third_party/sodium/sodium_external-prefix/src/sodium_external/src/libsodium/include/sodium/crypto_generichash_blake2b.h /private/tmp/realmmesh-p6-fixed/final/build/dev-ninja/third_party/sodium/sodium_external-prefix/src/sodium_external/src/libsodium/include/sodium/crypto_hash.h /private/tmp/realmmesh-p6-fixed/final/build/dev-ninja/third_party/sodium/sodium_external-prefix/src/sodium_external/src/libsodium/include/sodium/crypto_hash_sha256.h /private/tmp/realmmesh-p6-fixed/final/build/dev-ninja/third_party/sodium/sodium_external-prefix/src/sodium_external/src/libsodium/include/sodium/crypto_hash_sha3.h /private/tmp/realmmesh-p6-fixed/final/build/dev-ninja/third_party/sodium/sodium_external-prefix/src/sodium_external/src/libsodium/include/sodium/crypto_hash_sha512.h /private/tmp/realmmesh-p6-fixed/final/build/dev-ninja/third_party/sodium/sodium_external-prefix/src/sodium_external/src/libsodium/include/sodium/crypto_ipcrypt.h /private/tmp/realmmesh-p6-fixed/final/build/dev-ninja/third_party/sodium/sodium_external-prefix/src/sodium_external/src/libsodium/include/sodium/crypto_kdf.h /private/tmp/realmmesh-p6-fixed/final/build/dev-ninja/third_party/sodium/sodium_external-prefix/src/sodium_external/src/libsodium/include/sodium/crypto_kdf_hkdf_sha256.h /private/tmp/realmmesh-p6-fixed/final/build/dev-ninja/third_party/sodium/sodium_external-prefix/src/sodium_external/src/libsodium/include/sodium/crypto_kdf_hkdf_sha512.h /private/tmp/realmmesh-p6-fixed/final/build/dev-ninja/third_party/sodium/sodium_external-prefix/src/sodium_external/src/libsodium/include/sodium/crypto_kdf_blake2b.h /private/tmp/realmmesh-p6-fixed/final/build/dev-ninja/third_party/sodium/sodium_external-prefix/src/sodium_external/src/libsodium/include/sodium/crypto_kem.h /private/tmp/realmmesh-p6-fixed/final/build/dev-ninja/third_party/sodium/sodium_external-prefix/src/sodium_external/src/libsodium/include/sodium/crypto_kem_mlkem768.h /private/tmp/realmmesh-p6-fixed/final/build/dev-ninja/third_party/sodium/sodium_external-prefix/src/sodium_external/src/libsodium/include/sodium/crypto_kem_xwing.h /private/tmp/realmmesh-p6-fixed/final/build/dev-ninja/third_party/sodium/sodium_external-prefix/src/sodium_external/src/libsodium/include/sodium/crypto_kx.h /private/tmp/realmmesh-p6-fixed/final/build/dev-ninja/third_party/sodium/sodium_external-prefix/src/sodium_external/src/libsodium/include/sodium/crypto_onetimeauth.h /private/tmp/realmmesh-p6-fixed/final/build/dev-ninja/third_party/sodium/sodium_external-prefix/src/sodium_external/src/libsodium/include/sodium/crypto_onetimeauth_poly1305.h /private/tmp/realmmesh-p6-fixed/final/build/dev-ninja/third_party/sodium/sodium_external-prefix/src/sodium_external/src/libsodium/include/sodium/crypto_pwhash.h /private/tmp/realmmesh-p6-fixed/final/build/dev-ninja/third_party/sodium/sodium_external-prefix/src/sodium_external/src/libsodium/include/sodium/crypto_pwhash_argon2i.h '/private/tmp/realmmesh-p6-fixed/final/build/dev-ninja/third_party/sodium/install/include/sodium'
 mkdir -p '/private/tmp/realmmesh-p6-fixed/final/build/dev-ninja/third_party/sodium/install/include/sodium'
 /usr/bin/install -c -m 644  /private/tmp/realmmesh-p6-fixed/final/build/dev-ninja/third_party/sodium/sodium_external-prefix/src/sodium_external/src/libsodium/include/sodium/crypto_pwhash_argon2id.h /private/tmp/realmmesh-p6-fixed/final/build/dev-ninja/third_party/sodium/sodium_external-prefix/src/sodium_external/src/libsodium/include/sodium/crypto_pwhash_scryptsalsa208sha256.h /private/tmp/realmmesh-p6-fixed/final/build/dev-ninja/third_party/sodium/sodium_external-prefix/src/sodium_external/src/libsodium/include/sodium/crypto_scalarmult.h /private/tmp/realmmesh-p6-fixed/final/build/dev-ninja/third_party/sodium/sodium_external-prefix/src/sodium_external/src/libsodium/include/sodium/crypto_scalarmult_curve25519.h /private/tmp/realmmesh-p6-fixed/final/build/dev-ninja/third_party/sodium/sodium_external-prefix/src/sodium_external/src/libsodium/include/sodium/crypto_scalarmult_ed25519.h /private/tmp/realmmesh-p6-fixed/final/build/dev-ninja/third_party/sodium/sodium_external-prefix/src/sodium_external/src/libsodium/include/sodium/crypto_scalarmult_ristretto255.h /private/tmp/realmmesh-p6-fixed/final/build/dev-ninja/third_party/sodium/sodium_external-prefix/src/sodium_external/src/libsodium/include/sodium/crypto_secretbox.h /private/tmp/realmmesh-p6-fixed/final/build/dev-ninja/third_party/sodium/sodium_external-prefix/src/sodium_external/src/libsodium/include/sodium/crypto_secretbox_xchacha20poly1305.h /private/tmp/realmmesh-p6-fixed/final/build/dev-ninja/third_party/sodium/sodium_external-prefix/src/sodium_external/src/libsodium/include/sodium/crypto_secretbox_xsalsa20poly1305.h /private/tmp/realmmesh-p6-fixed/final/build/dev-ninja/third_party/sodium/sodium_external-prefix/src/sodium_external/src/libsodium/include/sodium/crypto_secretstream_xchacha20poly1305.h /private/tmp/realmmesh-p6-fixed/final/build/dev-ninja/third_party/sodium/sodium_external-prefix/src/sodium_external/src/libsodium/include/sodium/crypto_shorthash.h /private/tmp/realmmesh-p6-fixed/final/build/dev-ninja/third_party/sodium/sodium_external-prefix/src/sodium_external/src/libsodium/include/sodium/crypto_shorthash_siphash24.h /private/tmp/realmmesh-p6-fixed/final/build/dev-ninja/third_party/sodium/sodium_external-prefix/src/sodium_external/src/libsodium/include/sodium/crypto_sign.h /private/tmp/realmmesh-p6-fixed/final/build/dev-ninja/third_party/sodium/sodium_external-prefix/src/sodium_external/src/libsodium/include/sodium/crypto_sign_ed25519.h /private/tmp/realmmesh-p6-fixed/final/build/dev-ninja/third_party/sodium/sodium_external-prefix/src/sodium_external/src/libsodium/include/sodium/crypto_sign_edwards25519sha512batch.h /private/tmp/realmmesh-p6-fixed/final/build/dev-ninja/third_party/sodium/sodium_external-prefix/src/sodium_external/src/libsodium/include/sodium/crypto_stream.h /private/tmp/realmmesh-p6-fixed/final/build/dev-ninja/third_party/sodium/sodium_external-prefix/src/sodium_external/src/libsodium/include/sodium/crypto_stream_chacha20.h /private/tmp/realmmesh-p6-fixed/final/build/dev-ninja/third_party/sodium/sodium_external-prefix/src/sodium_external/src/libsodium/include/sodium/crypto_stream_salsa20.h /private/tmp/realmmesh-p6-fixed/final/build/dev-ninja/third_party/sodium/sodium_external-prefix/src/sodium_external/src/libsodium/include/sodium/crypto_stream_salsa2012.h /private/tmp/realmmesh-p6-fixed/final/build/dev-ninja/third_party/sodium/sodium_external-prefix/src/sodium_external/src/libsodium/include/sodium/crypto_stream_salsa208.h /private/tmp/realmmesh-p6-fixed/final/build/dev-ninja/third_party/sodium/sodium_external-prefix/src/sodium_external/src/libsodium/include/sodium/crypto_stream_xchacha20.h /private/tmp/realmmesh-p6-fixed/final/build/dev-ninja/third_party/sodium/sodium_external-prefix/src/sodium_external/src/libsodium/include/sodium/crypto_stream_xsalsa20.h /private/tmp/realmmesh-p6-fixed/final/build/dev-ninja/third_party/sodium/sodium_external-prefix/src/sodium_external/src/libsodium/include/sodium/crypto_verify_16.h /private/tmp/realmmesh-p6-fixed/final/build/dev-ninja/third_party/sodium/sodium_external-prefix/src/sodium_external/src/libsodium/include/sodium/crypto_verify_32.h /private/tmp/realmmesh-p6-fixed/final/build/dev-ninja/third_party/sodium/sodium_external-prefix/src/sodium_external/src/libsodium/include/sodium/crypto_verify_64.h /private/tmp/realmmesh-p6-fixed/final/build/dev-ninja/third_party/sodium/sodium_external-prefix/src/sodium_external/src/libsodium/include/sodium/crypto_xof_shake128.h /private/tmp/realmmesh-p6-fixed/final/build/dev-ninja/third_party/sodium/sodium_external-prefix/src/sodium_external/src/libsodium/include/sodium/crypto_xof_shake256.h /private/tmp/realmmesh-p6-fixed/final/build/dev-ninja/third_party/sodium/sodium_external-prefix/src/sodium_external/src/libsodium/include/sodium/crypto_xof_turboshake128.h /private/tmp/realmmesh-p6-fixed/final/build/dev-ninja/third_party/sodium/sodium_external-prefix/src/sodium_external/src/libsodium/include/sodium/crypto_xof_turboshake256.h /private/tmp/realmmesh-p6-fixed/final/build/dev-ninja/third_party/sodium/sodium_external-prefix/src/sodium_external/src/libsodium/include/sodium/export.h /private/tmp/realmmesh-p6-fixed/final/build/dev-ninja/third_party/sodium/sodium_external-prefix/src/sodium_external/src/libsodium/include/sodium/randombytes.h /private/tmp/realmmesh-p6-fixed/final/build/dev-ninja/third_party/sodium/sodium_external-prefix/src/sodium_external/src/libsodium/include/sodium/randombytes_internal_random.h /private/tmp/realmmesh-p6-fixed/final/build/dev-ninja/third_party/sodium/sodium_external-prefix/src/sodium_external/src/libsodium/include/sodium/randombytes_sysrandom.h /private/tmp/realmmesh-p6-fixed/final/build/dev-ninja/third_party/sodium/sodium_external-prefix/src/sodium_external/src/libsodium/include/sodium/runtime.h /private/tmp/realmmesh-p6-fixed/final/build/dev-ninja/third_party/sodium/sodium_external-prefix/src/sodium_external/src/libsodium/include/sodium/utils.h '/private/tmp/realmmesh-p6-fixed/final/build/dev-ninja/third_party/sodium/install/include/sodium'
 /usr/bin/install -c -m 644  /private/tmp/realmmesh-p6-fixed/final/build/dev-ninja/third_party/sodium/sodium_external-prefix/src/sodium_external/src/libsodium/include/sodium.h '/private/tmp/realmmesh-p6-fixed/final/build/dev-ninja/third_party/sodium/install/include/.'
 mkdir -p '/private/tmp/realmmesh-p6-fixed/final/build/dev-ninja/third_party/sodium/install/include'
 mkdir -p '/private/tmp/realmmesh-p6-fixed/final/build/dev-ninja/third_party/sodium/install/include/sodium'
 /usr/bin/install -c -m 644  sodium/version.h '/private/tmp/realmmesh-p6-fixed/final/build/dev-ninja/third_party/sodium/install/include/sodium'
 mkdir -p '/private/tmp/realmmesh-p6-fixed/final/build/dev-ninja/third_party/sodium/install/lib'
 /bin/sh ../../libtool   --mode=install /usr/bin/install -c   libsodium.la '/private/tmp/realmmesh-p6-fixed/final/build/dev-ninja/third_party/sodium/install/lib'
libtool: install: /usr/bin/install -c .libs/libsodium.lai /private/tmp/realmmesh-p6-fixed/final/build/dev-ninja/third_party/sodium/install/lib/libsodium.la
libtool: install: /usr/bin/install -c .libs/libsodium.a /private/tmp/realmmesh-p6-fixed/final/build/dev-ninja/third_party/sodium/install/lib/libsodium.a
libtool: install: chmod 644 /private/tmp/realmmesh-p6-fixed/final/build/dev-ninja/third_party/sodium/install/lib/libsodium.a
libtool: install: ranlib /private/tmp/realmmesh-p6-fixed/final/build/dev-ninja/third_party/sodium/install/lib/libsodium.a
make[4]: Nothing to be done for `install-data-am'.
make[3]: Nothing to be done for `install-exec-am'.
make[3]: Nothing to be done for `install-data-am'.
Making install in test
Making install in default
make[3]: Nothing to be done for `install-exec-am'.
make[3]: Nothing to be done for `install-data-am'.
make[3]: Nothing to be done for `install-exec-am'.
make[3]: Nothing to be done for `install-data-am'.
make[2]: Nothing to be done for `install-exec-am'.
 mkdir -p '/private/tmp/realmmesh-p6-fixed/final/build/dev-ninja/third_party/sodium/install/lib/pkgconfig'
 /usr/bin/install -c -m 644 libsodium.pc '/private/tmp/realmmesh-p6-fixed/final/build/dev-ninja/third_party/sodium/install/lib/pkgconfig'
[740/983] No install step for 'sodium_external'
[741/983] Completed 'sodium_external'
[742/983] Building CXX object framework/network/CMakeFiles/realm_network.dir/src/client/json_field.cpp.o
[743/983] Building CXX object framework/network/CMakeFiles/realm_network.dir/src/core/byte_buffer.cpp.o
[744/983] Building CXX object framework/network/CMakeFiles/realm_network.dir/src/codec/length_field_codec.cpp.o
[745/983] Building CXX object framework/network/CMakeFiles/realm_network.dir/src/transport/transport_capabilities.cpp.o
[746/983] Building CXX object framework/network/CMakeFiles/realm_network.dir/src/client/tls_tcp_client_dialer.cpp.o
[747/983] Building CXX object framework/network/CMakeFiles/realm_network.dir/src/client/http1_client_connection.cpp.o
[748/983] Building CXX object framework/network/CMakeFiles/realm_network.dir/src/client/edge_client_connection.cpp.o
[749/983] Building CXX object framework/network/CMakeFiles/realm_network.dir/src/client/tls_client_stream.cpp.o
[750/983] Building CXX object framework/network/CMakeFiles/realm_network.dir/src/client/preferred_transport_connector.cpp.o
[751/983] Building CXX object framework/network/CMakeFiles/realm_network.dir/src/tcp/tcp_listener.cpp.o
[752/983] Building CXX object framework/network/CMakeFiles/realm_network.dir/src/tcp/tcp_socket.cpp.o
[753/983] Building CXX object framework/network/CMakeFiles/realm_network.dir/src/reactor/event_loop_factory.cpp.o
[754/983] Building CXX object framework/network/CMakeFiles/realm_network.dir/src/http/http1_response.cpp.o
[755/983] Building CXX object framework/network/CMakeFiles/realm_network.dir/src/http/http1_parser.cpp.o
[756/983] Building CXX object framework/network/CMakeFiles/realm_network.dir/src/http/http1_response_parser.cpp.o
[757/983] Building CXX object framework/network/CMakeFiles/realm_network.dir/src/transport/transport_factory.cpp.o
[758/983] Building CXX object framework/network/CMakeFiles/realm_network.dir/src/tls/tls_connection.cpp.o
[759/983] Building CXX object framework/network/CMakeFiles/realm_network.dir/src/tls/tls_server_context.cpp.o
[760/983] Building CXX object framework/network/CMakeFiles/realm_network.dir/src/http/http_server.cpp.o
[761/983] Building CXX object framework/network/CMakeFiles/realm_network.dir/src/tcp/tcp_platform_darwin.cpp.o
[762/983] Building CXX object framework/network/CMakeFiles/realm_network.dir/src/quic/quic_transport_factory.cpp.o
[763/983] Building CXX object framework/network/CMakeFiles/realm_network.dir/src/tls/tls_tcp_transport.cpp.o
[764/983] Building CXX object framework/network/CMakeFiles/realm_network.dir/src/reactor/event_loop_kqueue.cpp.o
[765/983] Building CXX object framework/network/CMakeFiles/realm_network.dir/src/quic/quic_transport.cpp.o
[766/983] Linking CXX static library framework/network/librealm_network.a
[767/983] Building CXX object framework/cluster/CMakeFiles/realm_cluster.dir/src/service_bootstrap.cpp.o
[768/983] Building CXX object framework/cluster/CMakeFiles/realm_cluster.dir/src/service_publisher.cpp.o
[769/983] Building CXX object framework/cluster/CMakeFiles/realm_cluster.dir/src/service_resolver.cpp.o
[770/983] Building CXX object framework/cluster/CMakeFiles/realm_cluster.dir/src/budget_publisher.cpp.o
[771/983] Building CXX object game/common/CMakeFiles/realm_game_common.dir/src/admission_grant.cpp.o
[772/983] Building CXX object game/common/CMakeFiles/realm_game_common.dir/src/base64url.cpp.o
[773/983] Building CXX object game/common/CMakeFiles/realm_game_common.dir/src/admission_security_config.cpp.o
[774/983] Building CXX object game/common/CMakeFiles/realm_game_common.dir/src/compact_jws.cpp.o
[775/983] Building CXX object game/common/CMakeFiles/realm_game_common.dir/src/account_store.cpp.o
[776/983] Building CXX object game/common/CMakeFiles/realm_game_common.dir/src/json.cpp.o
[777/983] Building CXX object game/common/CMakeFiles/realm_game_common.dir/src/player_data_config.cpp.o
[778/983] Building CXX object game/common/CMakeFiles/realm_game_common.dir/src/identity_token.cpp.o
[779/983] Building CXX object game/common/CMakeFiles/realm_game_common.dir/src/edge_protocol.cpp.o
/private/tmp/realmmesh-p6-fixed/final/game/common/src/edge_protocol.cpp:14:13: warning: enumeration values 'MessageId_INT_MIN_SENTINEL_DO_NOT_USE_' and 'MessageId_INT_MAX_SENTINEL_DO_NOT_USE_' not handled in switch [-Wswitch]
   14 |     switch (static_cast<EdgeMessageId>(value)) {
      |             ^~~~~~~~~~~~~~~~~~~~~~~~~~~~~~~~~
/private/tmp/realmmesh-p6-fixed/final/game/common/src/edge_protocol.cpp:14:13: note: add missing switch cases
   14 |     switch (static_cast<EdgeMessageId>(value)) {
      |             ^
   15 |     case edge_v1::MESSAGE_ID_C2S_HEARTBEAT_REQUEST:
   16 |     case edge_v1::MESSAGE_ID_S2C_HEARTBEAT_RESPONSE:
   17 |     case edge_v1::MESSAGE_ID_C2S_EDGE_ATTACH:
   18 |     case edge_v1::MESSAGE_ID_S2C_EDGE_ATTACH_ACCEPTED:
   19 |     case edge_v1::MESSAGE_ID_S2C_ENTER_REALM_GRANTED:
   20 |     case edge_v1::MESSAGE_ID_C2S_ENTER_REALM:
   21 |     case edge_v1::MESSAGE_ID_S2C_ENTER_REALM_ACCEPTED:
   22 |     case edge_v1::MESSAGE_ID_S2C_ERROR:
   23 |         return true;
   24 |     case edge_v1::MESSAGE_ID_UNSPECIFIED:
   25 |         return false;
   26 |     }
1 warning generated.
[780/983] Building CXX object game/common/CMakeFiles/realm_game_common.dir/src/queue_number_v2.cpp.o
[781/983] Building CXX object game/common/CMakeFiles/realm_game_common.dir/src/player_data_config_lua.cpp.o
[782/983] Building CXX object game/common/CMakeFiles/realm_game_common.dir/src/session_ticket.cpp.o
[783/983] Building CXX object game/gateway/CMakeFiles/realm_gateway_service.dir/src/account_fetch_port.cpp.o
[784/983] Building CXX object game/common/CMakeFiles/realm_game_common.dir/src/realm_protocol.cpp.o
[785/983] Building CXX object game/gateway/CMakeFiles/realm_gateway_service.dir/src/edge_session_table.cpp.o
[786/983] Building CXX object game/gateway/CMakeFiles/realm_gateway_service.dir/src/gateway_admission.cpp.o
[787/983] Building CXX object game/common/CMakeFiles/realm_game_common.dir/src/player_data_store.cpp.o
[788/983] Linking CXX static library game/common/librealm_game_common.a
[789/983] Building CXX object framework/cluster/CMakeFiles/realm_cluster.dir/src/etcd_service_registry.cpp.o
[790/983] Linking CXX static library framework/cluster/librealm_cluster.a
[791/983] Building CXX object game/gateway/CMakeFiles/realm_gateway_service.dir/src/admission_consumption_store.cpp.o
[792/983] Building CXX object game/gateway/CMakeFiles/realm_gateway_service.dir/src/gateway_login_config.cpp.o
[793/983] Building CXX object game/gateway/CMakeFiles/realm_gateway_service.dir/src/gateway_config_loader.cpp.o
[794/983] Building CXX object game/gateway/CMakeFiles/realm_gateway_service.dir/src/gateway_ingress.cpp.o
[795/983] Building CXX object game/gateway/CMakeFiles/realm_gateway_service.dir/src/gateway_login_pipeline.cpp.o
[796/983] Building CXX object game/gateway/CMakeFiles/realm_gateway_service.dir/src/gateway_config_lua.cpp.o
[797/983] Building CXX object game/login_verify/CMakeFiles/realm_login_verify_service.dir/src/login_verify_config_lua.cpp.o
[798/983] Building CXX object game/login_verify/CMakeFiles/realm_login_verify_service.dir/src/login_verify_handler.cpp.o
[799/983] Building CXX object game/gateway/CMakeFiles/realm_gateway_service.dir/src/gateway_primary_transport.cpp.o
[800/983] Building CXX object game/login_verify/CMakeFiles/realm_login_verify_service.dir/src/login_verify_dispatcher.cpp.o
[801/983] Building CXX object game/login_verify/CMakeFiles/realm_login_verify_service.dir/src/login_verify_service.cpp.o
[802/983] Building CXX object game/gateway/CMakeFiles/realm_gateway_service.dir/src/gateway_runtime.cpp.o
[803/983] Building CXX object game/queue/CMakeFiles/realm_queue_service.dir/src/queue_core.cpp.o
[804/983] Building CXX object game/realm/CMakeFiles/realm_game_realm.dir/src/character_name.cpp.o
[805/983] Building CXX object game/queue/CMakeFiles/realm_queue_service.dir/src/queue_handler.cpp.o
[806/983] Building CXX object game/queue/CMakeFiles/realm_queue_service.dir/src/queue_config_lua.cpp.o
[807/983] Building CXX object game/queue/CMakeFiles/realm_queue_service.dir/src/queue_ticketing.cpp.o
[808/983] Building CXX object game/queue/CMakeFiles/realm_queue_service.dir/src/queue_service.cpp.o
[809/983] Building CXX object game/realm/CMakeFiles/realm_game_realm.dir/src/realm_config_lua.cpp.o
[810/983] Building CXX object game/realm/CMakeFiles/realm_game_realm.dir/src/training_rule.cpp.o
[811/983] Building CXX object game/queue/CMakeFiles/realm_queue_service.dir/src/queue_store.cpp.o
[812/983] Linking CXX static library game/login_verify/librealm_login_verify_service.a
[813/983] Linking CXX static library game/gateway/librealm_gateway_service.a
[814/983] Linking CXX static library game/queue/librealm_queue_service.a
[815/983] Building CXX object framework/service_host/CMakeFiles/realm_service_host.dir/src/startup_topology.cpp.o
[816/983] Building CXX object framework/service_host/CMakeFiles/realm_service_host.dir/src/mesh_host.cpp.o
[817/983] Building CXX object game/realm/CMakeFiles/realm_game_realm.dir/src/realm_sessions.cpp.o
[818/983] Building CXX object framework/service_host/CMakeFiles/realm_service_host.dir/src/service_frame.cpp.o
[819/983] Linking CXX static library game/realm/librealm_game_realm.a
[820/983] Building CXX object framework/client/CMakeFiles/realm_client.dir/src/login_stage.cpp.o
[821/983] Building CXX object framework/service_host/CMakeFiles/realm_service_host.dir/src/layered_config_loader.cpp.o
[822/983] Building CXX object framework/client/CMakeFiles/realm_client.dir/src/adaptive_poller.cpp.o
[823/983] Building CXX object framework/service_host/CMakeFiles/realm_service_host.dir/src/service_host.cpp.o
[824/983] Building CXX object framework/service_host/CMakeFiles/realm_service_host.dir/src/startup_topology_lua.cpp.o
[825/983] Linking CXX static library framework/service_host/librealm_service_host.a
[826/983] Building CXX object framework/client/CMakeFiles/realm_client.dir/src/login_chain.cpp.o
[827/983] Building CXX object tools/loadgen/CMakeFiles/realm_loadgen_core.dir/src/stats.cpp.o
[828/983] Building CXX object tools/loadgen/CMakeFiles/realm_loadgen_core.dir/src/metrics_scrape.cpp.o
[829/983] Building CXX object tools/loadgen/CMakeFiles/realm_loadgen_core.dir/src/login_chain_metrics.cpp.o
[830/983] Building CXX object tools/loadgen/CMakeFiles/realm_loadgen_core.dir/src/login_chain_adapter.cpp.o
[831/983] Building CXX object tools/loadgen/CMakeFiles/realm_mesh_loadgen.dir/main.cpp.o
[832/983] Building CXX object tools/loadgen/CMakeFiles/realm_loadgen_core.dir/src/loadgen.cpp.o
[833/983] Building CXX object apps/mesh_host/CMakeFiles/realm_mesh.dir/main.cpp.o
[834/983] Building CXX object framework/client/CMakeFiles/realm_client.dir/src/wire_login_transport.cpp.o
[835/983] Linking CXX executable bin/realm_mesh
[836/983] Linking CXX static library framework/client/librealm_client.a
[837/983] Linking CXX static library tools/loadgen/librealm_loadgen_core.a
[838/983] Building CXX object tests/cpp/framework/cluster/CMakeFiles/service_registry_test.dir/__/__/support/src/fake_service_registry.cpp.o
[839/983] Building CXX object tests/cpp/framework/cluster/CMakeFiles/service_registry_test.dir/service_registry_test.cpp.o
[840/983] Building CXX object tests/cpp/framework/cluster/CMakeFiles/service_registry_test.dir/budget_publisher_test.cpp.o
[841/983] Building CXX object tests/cpp/framework/service_host/CMakeFiles/service_host_test.dir/layered_config_loader_test.cpp.o
[842/983] Building CXX object tests/cpp/framework/cluster/CMakeFiles/service_registry_test.dir/etcd_service_registry_test.cpp.o
[843/983] Building CXX object tests/cpp/framework/service_host/CMakeFiles/service_host_test.dir/mesh_host_e2e_test.cpp.o
[844/983] Building CXX object tests/cpp/framework/service_host/CMakeFiles/service_host_test.dir/mesh_host_test.cpp.o
[845/983] Building CXX object tests/cpp/framework/service_host/CMakeFiles/service_host_test.dir/mode2_test.cpp.o
[846/983] Building CXX object tests/cpp/framework/service_host/CMakeFiles/service_host_test.dir/observability_artifacts_test.cpp.o
[847/983] Building CXX object tests/cpp/framework/service_host/CMakeFiles/service_host_test.dir/startup_topology_test.cpp.o
[848/983] Building CXX object tests/cpp/framework/service_host/CMakeFiles/service_host_test.dir/__/__/support/src/fake_service_registry.cpp.o
[849/983] Building CXX object tests/cpp/framework/service_host/CMakeFiles/load_topology_test.dir/load_topology_test.cpp.o
[850/983] Building CXX object tests/cpp/framework/client/CMakeFiles/adaptive_poller_test.dir/adaptive_poller_test.cpp.o
[851/983] Building CXX object tests/cpp/framework/service_host/CMakeFiles/service_host_test.dir/service_frame_edge_budget_test.cpp.o
[852/983] Building CXX object tests/cpp/framework/service_host/CMakeFiles/service_host_test.dir/service_frame_realm_enter_test.cpp.o
[853/983] Building CXX object tests/cpp/framework/service_host/CMakeFiles/config_headers_test.dir/config_headers_test.cpp.o
[854/983] Building CXX object tests/cpp/framework/client/CMakeFiles/login_chain_test.dir/login_chain_test.cpp.o
[855/983] Building CXX object tests/cpp/framework/network/codec/CMakeFiles/network_codec_test.dir/length_field_codec_test.cpp.o
/private/tmp/realmmesh-p6-fixed/final/tests/cpp/framework/network/codec/length_field_codec_test.cpp:124:18: warning: ignoring return value of function declared with 'nodiscard' attribute [-Wunused-result]
  124 |     EXPECT_THROW(codec.encode(bytes("12345")), std::length_error);
      |                  ^~~~~~~~~~~~ ~~~~~~~~~~~~~~
/private/tmp/realmmesh-p5/deps-src/googletest-src/googletest/include/gtest/gtest.h:1792:21: note: expanded from macro 'EXPECT_THROW'
 1792 |   GTEST_TEST_THROW_(statement, expected_exception, GTEST_NONFATAL_FAILURE_)
      |                     ^~~~~~~~~
/private/tmp/realmmesh-p5/deps-src/googletest-src/googletest/include/gtest/internal/gtest-internal.h:1369:54: note: expanded from macro 'GTEST_TEST_THROW_'
 1369 |       GTEST_SUPPRESS_UNREACHABLE_CODE_WARNING_BELOW_(statement);            \
      |                                                      ^~~~~~~~~
/private/tmp/realmmesh-p5/deps-src/googletest-src/googletest/include/gtest/internal/gtest-internal.h:1311:5: note: expanded from macro 'GTEST_SUPPRESS_UNREACHABLE_CODE_WARNING_BELOW_'
 1311 |     statement;                                                    \
      |     ^~~~~~~~~
1 warning generated.
[856/983] Building CXX object tests/cpp/framework/service_host/CMakeFiles/configs_load_smoke_test.dir/configs_load_smoke_test.cpp.o
[857/983] Building CXX object tests/cpp/framework/network/client/CMakeFiles/json_field_test.dir/json_field_test.cpp.o
[858/983] Building CXX object tests/cpp/framework/network/client/CMakeFiles/preferred_transport_connector_test.dir/preferred_transport_connector_test.cpp.o
[859/983] Building CXX object tests/cpp/framework/client/CMakeFiles/wire_login_transport_test.dir/wire_login_transport_test.cpp.o
[860/983] Building CXX object tests/cpp/framework/network/client/CMakeFiles/tls_tcp_client_dialer_test.dir/tls_tcp_client_dialer_test.cpp.o
[861/983] Building CXX object tests/cpp/framework/service_host/CMakeFiles/service_host_test.dir/service_host_test.cpp.o
[862/983] Building CXX object tests/cpp/framework/network/tcp/CMakeFiles/tcp_listener_test.dir/tcp_listener_test.cpp.o
[863/983] Building CXX object tests/cpp/framework/network/reactor/CMakeFiles/event_loop_test.dir/event_loop_test.cpp.o
[864/983] Building CXX object tests/cpp/framework/network/transport/CMakeFiles/transport_factory_test.dir/transport_factory_test.cpp.o
[865/983] Building CXX object tests/cpp/framework/network/http/CMakeFiles/http1_response_parser_test.dir/http1_response_parser_test.cpp.o
[866/983] Building CXX object tests/cpp/framework/client/CMakeFiles/wire_login_transport_integration_test.dir/wire_login_transport_integration_test.cpp.o
[867/983] Building CXX object tests/cpp/framework/network/http/CMakeFiles/http1_codec_test.dir/http1_codec_test.cpp.o
[868/983] Building CXX object tests/cpp/framework/network/http/CMakeFiles/http_server_test.dir/http_server_test.cpp.o
[869/983] Building CXX object tests/cpp/game/common/CMakeFiles/account_store_test.dir/account_store_test.cpp.o
[870/983] Building CXX object tests/cpp/game/common/CMakeFiles/base64url_test.dir/base64url_test.cpp.o
[871/983] Building CXX object tests/cpp/game/common/CMakeFiles/player_data_store_test.dir/player_data_store_test.cpp.o
[872/983] Building CXX object tests/cpp/game/common/CMakeFiles/admission_security_config_test.dir/admission_security_config_test.cpp.o
[873/983] Building CXX object tests/cpp/framework/network/tls/CMakeFiles/tls_tcp_transport_test.dir/tls_tcp_transport_test.cpp.o
[874/983] Building CXX object tests/cpp/game/common/CMakeFiles/admission_grant_test.dir/admission_grant_test.cpp.o
[875/983] Building CXX object tests/cpp/game/common/CMakeFiles/compact_jws_test.dir/compact_jws_test.cpp.o
/private/tmp/realmmesh-p6-fixed/final/tests/cpp/game/common/compact_jws_test.cpp:143:9: warning: ignoring return value of function declared with 'nodiscard' attribute [-Wunused-result]
  143 |         parse_identity_seed_hex("nothex"), std::invalid_argument);
      |         ^~~~~~~~~~~~~~~~~~~~~~~ ~~~~~~~~
/private/tmp/realmmesh-p6-fixed/final/tests/cpp/game/common/compact_jws_test.cpp:145:9: warning: ignoring return value of function declared with 'nodiscard' attribute [-Wunused-result]
  145 |         parse_identity_seed_hex("9d61"), std::invalid_argument);
      |         ^~~~~~~~~~~~~~~~~~~~~~~ ~~~~~~
2 warnings generated.
[876/983] Building CXX object tests/cpp/framework/network/quic/CMakeFiles/quic_transport_test.dir/quic_transport_test.cpp.o
[877/983] Building CXX object tests/cpp/game/common/CMakeFiles/identity_replay_guard_test.dir/identity_replay_guard_test.cpp.o
[878/983] Building CXX object tests/cpp/game/common/CMakeFiles/json_test.dir/json_test.cpp.o
[879/983] Building CXX object tests/cpp/game/common/CMakeFiles/edge_attach_protocol_test.dir/edge_attach_protocol_test.cpp.o
[880/983] Building CXX object tests/cpp/game/common/CMakeFiles/identity_token_test.dir/identity_token_test.cpp.o
[881/983] Building CXX object tests/cpp/game/common/CMakeFiles/realm_protocol_test.dir/realm_protocol_test.cpp.o
[882/983] Building CXX object tests/cpp/game/common/CMakeFiles/queue_number_test.dir/queue_number_test.cpp.o
[883/983] Building CXX object tests/cpp/game/common/CMakeFiles/queue_number_v2_test.dir/queue_number_v2_test.cpp.o
[884/983] Building CXX object tests/cpp/game/common/CMakeFiles/session_ticket_test.dir/session_ticket_test.cpp.o
[885/983] Building CXX object tests/cpp/game/gateway/CMakeFiles/edge_session_table_test.dir/edge_session_table_test.cpp.o
[886/983] Building CXX object tests/cpp/game/common/CMakeFiles/new_chain_flow_test.dir/new_chain_flow_test.cpp.o
[887/983] Building CXX object tests/cpp/game/gateway/CMakeFiles/gateway_server_test.dir/gateway_server_test.cpp.o
/private/tmp/realmmesh-p6-fixed/final/tests/cpp/game/gateway/gateway_server_test.cpp:261:13: warning: ignoring return value of function declared with 'nodiscard' attribute [-Wunused-result]
  261 |             service_host::LayeredConfigLoader::load(
      |             ^~~~~~~~~~~~~~~~~~~~~~~~~~~~~~~~~~~~~~~
/private/tmp/realmmesh-p5/deps-src/googletest-src/googletest/include/gtest/gtest.h:1792:21: note: expanded from macro 'EXPECT_THROW'
 1792 |   GTEST_TEST_THROW_(statement, expected_exception, GTEST_NONFATAL_FAILURE_)
      |                     ^~~~~~~~~
/private/tmp/realmmesh-p5/deps-src/googletest-src/googletest/include/gtest/internal/gtest-internal.h:1369:54: note: expanded from macro 'GTEST_TEST_THROW_'
 1369 |       GTEST_SUPPRESS_UNREACHABLE_CODE_WARNING_BELOW_(statement);            \
      |                                                      ^~~~~~~~~
/private/tmp/realmmesh-p5/deps-src/googletest-src/googletest/include/gtest/internal/gtest-internal.h:1311:5: note: expanded from macro 'GTEST_SUPPRESS_UNREACHABLE_CODE_WARNING_BELOW_'
 1311 |     statement;                                                    \
      |     ^~~~~~~~~
/private/tmp/realmmesh-p6-fixed/final/tests/cpp/game/gateway/gateway_server_test.cpp:272:13: warning: ignoring return value of function declared with 'nodiscard' attribute [-Wunused-result]
  272 |             service_host::LayeredConfigLoader::load(
      |             ^~~~~~~~~~~~~~~~~~~~~~~~~~~~~~~~~~~~~~~
/private/tmp/realmmesh-p5/deps-src/googletest-src/googletest/include/gtest/gtest.h:1792:21: note: expanded from macro 'EXPECT_THROW'
 1792 |   GTEST_TEST_THROW_(statement, expected_exception, GTEST_NONFATAL_FAILURE_)
      |                     ^~~~~~~~~
/private/tmp/realmmesh-p5/deps-src/googletest-src/googletest/include/gtest/internal/gtest-internal.h:1369:54: note: expanded from macro 'GTEST_TEST_THROW_'
 1369 |       GTEST_SUPPRESS_UNREACHABLE_CODE_WARNING_BELOW_(statement);            \
      |                                                      ^~~~~~~~~
/private/tmp/realmmesh-p5/deps-src/googletest-src/googletest/include/gtest/internal/gtest-internal.h:1311:5: note: expanded from macro 'GTEST_SUPPRESS_UNREACHABLE_CODE_WARNING_BELOW_'
 1311 |     statement;                                                    \
      |     ^~~~~~~~~
/private/tmp/realmmesh-p6-fixed/final/tests/cpp/game/gateway/gateway_server_test.cpp:290:9: warning: ignoring return value of function declared with 'nodiscard' attribute [-Wunused-result]
  290 |         service_host::LayeredConfigLoader::load(configs.path(), "gateway"),
      |         ^~~~~~~~~~~~~~~~~~~~~~~~~~~~~~~~~~~~~~~
/private/tmp/realmmesh-p5/deps-src/googletest-src/googletest/include/gtest/gtest.h:1792:21: note: expanded from macro 'EXPECT_THROW'
 1792 |   GTEST_TEST_THROW_(statement, expected_exception, GTEST_NONFATAL_FAILURE_)
      |                     ^~~~~~~~~
/private/tmp/realmmesh-p5/deps-src/googletest-src/googletest/include/gtest/internal/gtest-internal.h:1369:54: note: expanded from macro 'GTEST_TEST_THROW_'
 1369 |       GTEST_SUPPRESS_UNREACHABLE_CODE_WARNING_BELOW_(statement);            \
      |                                                      ^~~~~~~~~
/private/tmp/realmmesh-p5/deps-src/googletest-src/googletest/include/gtest/internal/gtest-internal.h:1311:5: note: expanded from macro 'GTEST_SUPPRESS_UNREACHABLE_CODE_WARNING_BELOW_'
 1311 |     statement;                                                    \
      |     ^~~~~~~~~
3 warnings generated.
[888/983] Building CXX object tests/cpp/game/gateway/CMakeFiles/account_fetch_port_test.dir/account_fetch_port_test.cpp.o
[889/983] Building CXX object tests/cpp/game/gateway/CMakeFiles/gateway_runtime_test.dir/gateway_runtime_test.cpp.o
[890/983] Building CXX object tests/cpp/game/gateway/CMakeFiles/gateway_primary_transport_test.dir/gateway_primary_transport_test.cpp.o
[891/983] Building CXX object tests/cpp/game/gateway/CMakeFiles/gateway_headers_test.dir/gateway_headers_test.cpp.o
[892/983] Building CXX object tests/cpp/game/gateway/CMakeFiles/gateway_admission_test.dir/gateway_admission_test.cpp.o
[893/983] Building CXX object tests/cpp/game/gateway/CMakeFiles/admission_consumption_store_test.dir/admission_consumption_store_test.cpp.o
[894/983] Building CXX object tests/cpp/game/login_verify/CMakeFiles/login_verify_handler_test.dir/login_verify_handler_test.cpp.o
/private/tmp/realmmesh-p6-fixed/final/tests/cpp/game/login_verify/login_verify_handler_test.cpp:276:5: warning: ignoring return value of function declared with 'nodiscard' attribute [-Wunused-result]
  276 |     verify(R"({"account":"player","credential":"dev"})");
      |     ^~~~~~
/private/tmp/realmmesh-p6-fixed/final/tests/cpp/game/login_verify/login_verify_handler_test.cpp:277:5: warning: ignoring return value of function declared with 'nodiscard' attribute [-Wunused-result]
  277 |     verify(R"({"account":"ghost","credential":"dev"})");
      |     ^~~~~~
/private/tmp/realmmesh-p6-fixed/final/tests/cpp/game/login_verify/login_verify_handler_test.cpp:278:5: warning: ignoring return value of function declared with 'nodiscard' attribute [-Wunused-result]
  278 |     verify(R"({"account":"banned","credential":"dev"})");
      |     ^~~~~~
/private/tmp/realmmesh-p6-fixed/final/tests/cpp/game/login_verify/login_verify_handler_test.cpp:279:5: warning: ignoring return value of function declared with 'nodiscard' attribute [-Wunused-result]
  279 |     verify(R"({"account":"outsider","credential":"dev"})");
      |     ^~~~~~
/private/tmp/realmmesh-p6-fixed/final/tests/cpp/game/login_verify/login_verify_handler_test.cpp:280:5: warning: ignoring return value of function declared with 'nodiscard' attribute [-Wunused-result]
  280 |     verify("not-json");
      |     ^~~~~~
5 warnings generated.
[895/983] Building CXX object tests/cpp/game/gateway/CMakeFiles/gateway_ingress_test.dir/gateway_ingress_test.cpp.o
[896/983] Building CXX object tests/cpp/game/login_verify/CMakeFiles/login_verify_dispatcher_test.dir/login_verify_dispatcher_test.cpp.o
[897/983] Building CXX object tests/cpp/game/login_verify/CMakeFiles/login_verify_service_test.dir/login_verify_service_test.cpp.o
[898/983] Building CXX object tests/cpp/game/gateway/CMakeFiles/gateway_ingress_throttle_test.dir/gateway_ingress_throttle_test.cpp.o
[899/983] Building CXX object tests/cpp/game/gateway/CMakeFiles/gateway_login_config_test.dir/gateway_login_config_test.cpp.o
[900/983] Building CXX object tests/cpp/game/gateway/CMakeFiles/gateway_login_pipeline_test.dir/gateway_login_pipeline_test.cpp.o
[901/983] Building CXX object tests/cpp/game/queue/CMakeFiles/queue_handler_test.dir/queue_handler_test.cpp.o
[902/983] Building CXX object tests/cpp/game/queue/CMakeFiles/queue_core_test.dir/queue_core_test.cpp.o
[903/983] Building CXX object tests/cpp/game/queue/CMakeFiles/queue_store_etcd_integration_test.dir/queue_store_etcd_integration_test.cpp.o
[904/983] Building CXX object tests/cpp/game/queue/CMakeFiles/queue_process_restart_test.dir/queue_process_restart_test.cpp.o
[905/983] Building CXX object tests/cpp/game/queue/CMakeFiles/queue_ticketing_test.dir/queue_ticketing_test.cpp.o
[906/983] Building CXX object tests/cpp/game/realm/CMakeFiles/character_name_test.dir/character_name_test.cpp.o
[907/983] Building CXX object tests/cpp/game/queue/CMakeFiles/queue_service_test.dir/queue_service_test.cpp.o
[908/983] Building CXX object tests/cpp/game/realm/CMakeFiles/training_rule_test.dir/training_rule_test.cpp.o
[909/983] Linking CXX executable bin/realm_mesh_loadgen
[910/983] Building CXX object tests/cpp/game/queue/CMakeFiles/queue_store_test.dir/queue_store_test.cpp.o
/private/tmp/realmmesh-p6-fixed/final/tests/cpp/game/queue/queue_store_test.cpp:464:18: warning: ignoring return value of function declared with 'nodiscard' attribute [-Wunused-result]
  464 |     EXPECT_THROW(store.load_snapshot(), std::runtime_error);
      |                  ^~~~~~~~~~~~~~~~~~~
/private/tmp/realmmesh-p5/deps-src/googletest-src/googletest/include/gtest/gtest.h:1792:21: note: expanded from macro 'EXPECT_THROW'
 1792 |   GTEST_TEST_THROW_(statement, expected_exception, GTEST_NONFATAL_FAILURE_)
      |                     ^~~~~~~~~
/private/tmp/realmmesh-p5/deps-src/googletest-src/googletest/include/gtest/internal/gtest-internal.h:1369:54: note: expanded from macro 'GTEST_TEST_THROW_'
 1369 |       GTEST_SUPPRESS_UNREACHABLE_CODE_WARNING_BELOW_(statement);            \
      |                                                      ^~~~~~~~~
/private/tmp/realmmesh-p5/deps-src/googletest-src/googletest/include/gtest/internal/gtest-internal.h:1311:5: note: expanded from macro 'GTEST_SUPPRESS_UNREACHABLE_CODE_WARNING_BELOW_'
 1311 |     statement;                                                    \
      |     ^~~~~~~~~
/private/tmp/realmmesh-p6-fixed/final/tests/cpp/game/queue/queue_store_test.cpp:473:18: warning: ignoring return value of function declared with 'nodiscard' attribute [-Wunused-result]
  473 |     EXPECT_THROW(store.load_snapshot(), std::runtime_error);
      |                  ^~~~~~~~~~~~~~~~~~~
/private/tmp/realmmesh-p5/deps-src/googletest-src/googletest/include/gtest/gtest.h:1792:21: note: expanded from macro 'EXPECT_THROW'
 1792 |   GTEST_TEST_THROW_(statement, expected_exception, GTEST_NONFATAL_FAILURE_)
      |                     ^~~~~~~~~
/private/tmp/realmmesh-p5/deps-src/googletest-src/googletest/include/gtest/internal/gtest-internal.h:1369:54: note: expanded from macro 'GTEST_TEST_THROW_'
 1369 |       GTEST_SUPPRESS_UNREACHABLE_CODE_WARNING_BELOW_(statement);            \
      |                                                      ^~~~~~~~~
/private/tmp/realmmesh-p5/deps-src/googletest-src/googletest/include/gtest/internal/gtest-internal.h:1311:5: note: expanded from macro 'GTEST_SUPPRESS_UNREACHABLE_CODE_WARNING_BELOW_'
 1311 |     statement;                                                    \
      |     ^~~~~~~~~
/private/tmp/realmmesh-p6-fixed/final/tests/cpp/game/queue/queue_store_test.cpp:483:18: warning: ignoring return value of function declared with 'nodiscard' attribute [-Wunused-result]
  483 |     EXPECT_THROW(store.load_snapshot(), std::runtime_error);
      |                  ^~~~~~~~~~~~~~~~~~~
/private/tmp/realmmesh-p5/deps-src/googletest-src/googletest/include/gtest/gtest.h:1792:21: note: expanded from macro 'EXPECT_THROW'
 1792 |   GTEST_TEST_THROW_(statement, expected_exception, GTEST_NONFATAL_FAILURE_)
      |                     ^~~~~~~~~
/private/tmp/realmmesh-p5/deps-src/googletest-src/googletest/include/gtest/internal/gtest-internal.h:1369:54: note: expanded from macro 'GTEST_TEST_THROW_'
 1369 |       GTEST_SUPPRESS_UNREACHABLE_CODE_WARNING_BELOW_(statement);            \
      |                                                      ^~~~~~~~~
/private/tmp/realmmesh-p5/deps-src/googletest-src/googletest/include/gtest/internal/gtest-internal.h:1311:5: note: expanded from macro 'GTEST_SUPPRESS_UNREACHABLE_CODE_WARNING_BELOW_'
 1311 |     statement;                                                    \
      |     ^~~~~~~~~
/private/tmp/realmmesh-p6-fixed/final/tests/cpp/game/queue/queue_store_test.cpp:493:18: warning: ignoring return value of function declared with 'nodiscard' attribute [-Wunused-result]
  493 |     EXPECT_THROW(store.load_snapshot(), std::runtime_error);
      |                  ^~~~~~~~~~~~~~~~~~~
/private/tmp/realmmesh-p5/deps-src/googletest-src/googletest/include/gtest/gtest.h:1792:21: note: expanded from macro 'EXPECT_THROW'
 1792 |   GTEST_TEST_THROW_(statement, expected_exception, GTEST_NONFATAL_FAILURE_)
      |                     ^~~~~~~~~
/private/tmp/realmmesh-p5/deps-src/googletest-src/googletest/include/gtest/internal/gtest-internal.h:1369:54: note: expanded from macro 'GTEST_TEST_THROW_'
 1369 |       GTEST_SUPPRESS_UNREACHABLE_CODE_WARNING_BELOW_(statement);            \
      |                                                      ^~~~~~~~~
/private/tmp/realmmesh-p5/deps-src/googletest-src/googletest/include/gtest/internal/gtest-internal.h:1311:5: note: expanded from macro 'GTEST_SUPPRESS_UNREACHABLE_CODE_WARNING_BELOW_'
 1311 |     statement;                                                    \
      |     ^~~~~~~~~
/private/tmp/realmmesh-p6-fixed/final/tests/cpp/game/queue/queue_store_test.cpp:499:18: warning: ignoring return value of function declared with 'nodiscard' attribute [-Wunused-result]
  499 |     EXPECT_THROW(inconsistent_store.load_snapshot(), std::runtime_error);
      |                  ^~~~~~~~~~~~~~~~~~~~~~~~~~~~~~~~
/private/tmp/realmmesh-p5/deps-src/googletest-src/googletest/include/gtest/gtest.h:1792:21: note: expanded from macro 'EXPECT_THROW'
 1792 |   GTEST_TEST_THROW_(statement, expected_exception, GTEST_NONFATAL_FAILURE_)
      |                     ^~~~~~~~~
/private/tmp/realmmesh-p5/deps-src/googletest-src/googletest/include/gtest/internal/gtest-internal.h:1369:54: note: expanded from macro 'GTEST_TEST_THROW_'
 1369 |       GTEST_SUPPRESS_UNREACHABLE_CODE_WARNING_BELOW_(statement);            \
      |                                                      ^~~~~~~~~
/private/tmp/realmmesh-p5/deps-src/googletest-src/googletest/include/gtest/internal/gtest-internal.h:1311:5: note: expanded from macro 'GTEST_SUPPRESS_UNREACHABLE_CODE_WARNING_BELOW_'
 1311 |     statement;                                                    \
      |     ^~~~~~~~~
/private/tmp/realmmesh-p6-fixed/final/tests/cpp/game/queue/queue_store_test.cpp:504:18: warning: ignoring return value of function declared with 'nodiscard' attribute [-Wunused-result]
  504 |     EXPECT_THROW(malformed_store.load_snapshot(), std::runtime_error);
      |                  ^~~~~~~~~~~~~~~~~~~~~~~~~~~~~
/private/tmp/realmmesh-p5/deps-src/googletest-src/googletest/include/gtest/gtest.h:1792:21: note: expanded from macro 'EXPECT_THROW'
 1792 |   GTEST_TEST_THROW_(statement, expected_exception, GTEST_NONFATAL_FAILURE_)
      |                     ^~~~~~~~~
/private/tmp/realmmesh-p5/deps-src/googletest-src/googletest/include/gtest/internal/gtest-internal.h:1369:54: note: expanded from macro 'GTEST_TEST_THROW_'
 1369 |       GTEST_SUPPRESS_UNREACHABLE_CODE_WARNING_BELOW_(statement);            \
      |                                                      ^~~~~~~~~
/private/tmp/realmmesh-p5/deps-src/googletest-src/googletest/include/gtest/internal/gtest-internal.h:1311:5: note: expanded from macro 'GTEST_SUPPRESS_UNREACHABLE_CODE_WARNING_BELOW_'
 1311 |     statement;                                                    \
      |     ^~~~~~~~~
/private/tmp/realmmesh-p6-fixed/final/tests/cpp/game/queue/queue_store_test.cpp:510:18: warning: ignoring return value of function declared with 'nodiscard' attribute [-Wunused-result]
  510 |     EXPECT_THROW(missing_field_store.load_snapshot(), std::runtime_error);
      |                  ^~~~~~~~~~~~~~~~~~~~~~~~~~~~~~~~~
/private/tmp/realmmesh-p5/deps-src/googletest-src/googletest/include/gtest/gtest.h:1792:21: note: expanded from macro 'EXPECT_THROW'
 1792 |   GTEST_TEST_THROW_(statement, expected_exception, GTEST_NONFATAL_FAILURE_)
      |                     ^~~~~~~~~
/private/tmp/realmmesh-p5/deps-src/googletest-src/googletest/include/gtest/internal/gtest-internal.h:1369:54: note: expanded from macro 'GTEST_TEST_THROW_'
 1369 |       GTEST_SUPPRESS_UNREACHABLE_CODE_WARNING_BELOW_(statement);            \
      |                                                      ^~~~~~~~~
/private/tmp/realmmesh-p5/deps-src/googletest-src/googletest/include/gtest/internal/gtest-internal.h:1311:5: note: expanded from macro 'GTEST_SUPPRESS_UNREACHABLE_CODE_WARNING_BELOW_'
 1311 |     statement;                                                    \
      |     ^~~~~~~~~
/private/tmp/realmmesh-p6-fixed/final/tests/cpp/game/queue/queue_store_test.cpp:516:18: warning: ignoring return value of function declared with 'nodiscard' attribute [-Wunused-result]
  516 |     EXPECT_THROW(gap_store.load_snapshot(), std::runtime_error);
      |                  ^~~~~~~~~~~~~~~~~~~~~~~
/private/tmp/realmmesh-p5/deps-src/googletest-src/googletest/include/gtest/gtest.h:1792:21: note: expanded from macro 'EXPECT_THROW'
 1792 |   GTEST_TEST_THROW_(statement, expected_exception, GTEST_NONFATAL_FAILURE_)
      |                     ^~~~~~~~~
/private/tmp/realmmesh-p5/deps-src/googletest-src/googletest/include/gtest/internal/gtest-internal.h:1369:54: note: expanded from macro 'GTEST_TEST_THROW_'
 1369 |       GTEST_SUPPRESS_UNREACHABLE_CODE_WARNING_BELOW_(statement);            \
      |                                                      ^~~~~~~~~
/private/tmp/realmmesh-p5/deps-src/googletest-src/googletest/include/gtest/internal/gtest-internal.h:1311:5: note: expanded from macro 'GTEST_SUPPRESS_UNREACHABLE_CODE_WARNING_BELOW_'
 1311 |     statement;                                                    \
      |     ^~~~~~~~~
/private/tmp/realmmesh-p6-fixed/final/tests/cpp/game/queue/queue_store_test.cpp:524:9: warning: ignoring return value of function declared with 'nodiscard' attribute [-Wunused-result]
  524 |         malformed_batch_store.load_snapshot(), std::runtime_error);
      |         ^~~~~~~~~~~~~~~~~~~~~~~~~~~~~~~~~~~
/private/tmp/realmmesh-p5/deps-src/googletest-src/googletest/include/gtest/gtest.h:1792:21: note: expanded from macro 'EXPECT_THROW'
 1792 |   GTEST_TEST_THROW_(statement, expected_exception, GTEST_NONFATAL_FAILURE_)
      |                     ^~~~~~~~~
/private/tmp/realmmesh-p5/deps-src/googletest-src/googletest/include/gtest/internal/gtest-internal.h:1369:54: note: expanded from macro 'GTEST_TEST_THROW_'
 1369 |       GTEST_SUPPRESS_UNREACHABLE_CODE_WARNING_BELOW_(statement);            \
      |                                                      ^~~~~~~~~
/private/tmp/realmmesh-p5/deps-src/googletest-src/googletest/include/gtest/internal/gtest-internal.h:1311:5: note: expanded from macro 'GTEST_SUPPRESS_UNREACHABLE_CODE_WARNING_BELOW_'
 1311 |     statement;                                                    \
      |     ^~~~~~~~~
9 warnings generated.
[911/983] Building CXX object tests/cpp/tools/loadgen/CMakeFiles/loadgen_core_test.dir/loadgen_core_test.cpp.o
[912/983] Building CXX object tests/cpp/tools/loadgen/CMakeFiles/metrics_scrape_test.dir/metrics_scrape_test.cpp.o
[913/983] Building CXX object tests/cpp/tools/loadgen/CMakeFiles/loadgen_login_chain_test.dir/login_chain_adapter_test.cpp.o
[914/983] Building CXX object tests/cpp/game/realm/CMakeFiles/realm_journey_test.dir/realm_journey_test.cpp.o
[915/983] Building CXX object tests/cpp/game/realm/CMakeFiles/realm_sessions_test.dir/realm_sessions_test.cpp.o
[916/983] Linking CXX executable tests/cpp/framework/service_host/config_headers_test
[917/983] Linking CXX executable tests/cpp/framework/cluster/service_registry_test
[918/983] Linking CXX executable tests/cpp/framework/service_host/service_host_test
[919/983] Linking CXX executable tests/cpp/framework/service_host/configs_load_smoke_test
ld: warning: ignoring duplicate libraries: 'framework/scripting/librealm_scripting.a'
[920/983] Linking CXX executable tests/cpp/framework/service_host/load_topology_test
[921/983] Linking CXX executable tests/cpp/framework/client/adaptive_poller_test
[922/983] Linking CXX executable tests/cpp/framework/client/login_chain_test
[923/983] Linking CXX executable tests/cpp/framework/client/wire_login_transport_test
[924/983] Linking CXX executable tests/cpp/framework/network/client/preferred_transport_connector_test
[925/983] Linking CXX executable tests/cpp/framework/client/wire_login_transport_integration_test
ld: warning: ignoring duplicate libraries: 'game/common/librealm_game_common.a'
[926/983] Linking CXX executable tests/cpp/framework/network/client/json_field_test
[927/983] Linking CXX executable tests/cpp/framework/network/client/tls_tcp_client_dialer_test
[928/983] Linking CXX executable tests/cpp/framework/network/codec/network_codec_test
[929/983] Linking CXX executable tests/cpp/framework/network/tcp/tcp_listener_test
[930/983] Linking CXX executable tests/cpp/framework/network/reactor/event_loop_test
[931/983] Linking CXX executable tests/cpp/framework/network/transport/transport_factory_test
[932/983] Linking CXX executable tests/cpp/framework/network/tls/tls_tcp_transport_test
[933/983] Linking CXX executable tests/cpp/framework/network/http/http1_codec_test
[934/983] Linking CXX executable tests/cpp/framework/network/http/http1_response_parser_test
[935/983] Linking CXX executable tests/cpp/framework/network/http/http_server_test
[936/983] Linking CXX executable tests/cpp/framework/network/quic/quic_transport_test
[937/983] Linking CXX executable tests/cpp/game/common/account_store_test
[938/983] Linking CXX executable tests/cpp/game/common/admission_grant_test
[939/983] Linking CXX executable tests/cpp/game/common/admission_security_config_test
[940/983] Linking CXX executable tests/cpp/game/common/player_data_store_test
[941/983] Linking CXX executable tests/cpp/game/common/base64url_test
[942/983] Linking CXX executable tests/cpp/game/common/compact_jws_test
[943/983] Building CXX object tests/cpp/tools/loadgen/CMakeFiles/loadgen_integration_test.dir/loadgen_integration_test.cpp.o
[944/983] Linking CXX executable tests/cpp/game/common/edge_attach_protocol_test
[945/983] Linking CXX executable tests/cpp/game/common/realm_protocol_test
[946/983] Linking CXX executable tests/cpp/game/common/identity_replay_guard_test
[947/983] Linking CXX executable tests/cpp/game/common/identity_token_test
[948/983] Linking CXX executable tests/cpp/game/common/json_test
[949/983] Linking CXX executable tests/cpp/game/common/queue_number_test
[950/983] Linking CXX executable tests/cpp/game/common/queue_number_v2_test
[951/983] Linking CXX executable tests/cpp/game/common/session_ticket_test
[952/983] Linking CXX executable tests/cpp/game/common/new_chain_flow_test
ld: warning: ignoring duplicate libraries: 'framework/cluster/librealm_cluster.a', 'framework/network/librealm_network.a', 'game/common/librealm_game_common.a'
[953/983] Linking CXX executable tests/cpp/game/gateway/gateway_server_test
[954/983] Linking CXX executable tests/cpp/game/gateway/gateway_runtime_test
[955/983] Linking CXX executable tests/cpp/game/gateway/edge_session_table_test
[956/983] Linking CXX executable tests/cpp/game/gateway/gateway_primary_transport_test
[957/983] Linking CXX executable tests/cpp/game/gateway/gateway_headers_test
[958/983] Linking CXX executable tests/cpp/game/gateway/account_fetch_port_test
[959/983] Linking CXX executable tests/cpp/game/gateway/admission_consumption_store_test
[960/983] Linking CXX executable tests/cpp/game/gateway/gateway_admission_test
[961/983] Linking CXX executable tests/cpp/game/gateway/gateway_login_config_test
ld: warning: ignoring duplicate libraries: 'framework/scripting/librealm_scripting.a'
[962/983] Linking CXX executable tests/cpp/game/gateway/gateway_ingress_test
[963/983] Linking CXX executable tests/cpp/game/login_verify/login_verify_handler_test
[964/983] Linking CXX executable tests/cpp/game/gateway/gateway_login_pipeline_test
[965/983] Linking CXX executable tests/cpp/game/login_verify/login_verify_dispatcher_test
[966/983] Linking CXX executable tests/cpp/game/gateway/gateway_ingress_throttle_test
[967/983] Linking CXX executable tests/cpp/game/queue/queue_handler_test
[968/983] Linking CXX executable tests/cpp/game/login_verify/login_verify_service_test
[969/983] Linking CXX executable tests/cpp/game/queue/queue_core_test
[970/983] Linking CXX executable tests/cpp/game/queue/queue_store_test
[971/983] Linking CXX executable tests/cpp/game/queue/queue_store_etcd_integration_test
[972/983] Linking CXX executable tests/cpp/game/queue/queue_process_restart_test
[973/983] Linking CXX executable tests/cpp/game/queue/queue_ticketing_test
[974/983] Linking CXX executable tests/cpp/game/queue/queue_service_test
[975/983] Linking CXX executable tests/cpp/game/realm/character_name_test
[976/983] Linking CXX executable tests/cpp/game/realm/training_rule_test
[977/983] Linking CXX executable tests/cpp/tools/loadgen/loadgen_login_chain_test
[978/983] Linking CXX executable tests/cpp/game/realm/realm_sessions_test
[979/983] Linking CXX executable tests/cpp/tools/loadgen/loadgen_core_test
[980/983] Linking CXX executable tests/cpp/game/realm/realm_journey_test
[981/983] Linking CXX executable tests/cpp/tools/loadgen/metrics_scrape_test
[982/983] Linking CXX executable tests/cpp/tools/loadgen/loadgen_integration_test
$ ctest --preset dev -j 1
Test project /private/tmp/realmmesh-p6-fixed/final/build/dev-ninja
        Start   1: NetBackendSwitchTest
  1/667 Test   #1: NetBackendSwitchTest ...................................................................................   Passed    0.05 sec
        Start   2: DependencyIsolationTest
  2/667 Test   #2: DependencyIsolationTest ................................................................................   Passed    1.36 sec
        Start   3: BuildGraphTest
  3/667 Test   #3: BuildGraphTest .........................................................................................   Passed    2.31 sec
        Start   4: CompilerCacheCISummaryTest
  4/667 Test   #4: CompilerCacheCISummaryTest .............................................................................   Passed    0.51 sec
        Start   5: CompilerCacheConfigTest
  5/667 Test   #5: CompilerCacheConfigTest ................................................................................   Passed    4.10 sec
        Start   6: CompilerCacheNativeTest
  6/667 Test   #6: CompilerCacheNativeTest ................................................................................   Passed   22.24 sec
        Start   7: DevServicesScriptTest.StartUsesSupervisor
  7/667 Test   #7: DevServicesScriptTest.StartUsesSupervisor ..............................................................   Passed    5.23 sec
        Start   8: DevServicesScriptTest.UnreadyRealmBlocksDependents
  8/667 Test   #8: DevServicesScriptTest.UnreadyRealmBlocksDependents .....................................................   Passed    3.84 sec
        Start   9: DevServicesScriptTest.ChildFailureStopsGroup
  9/667 Test   #9: DevServicesScriptTest.ChildFailureStopsGroup ...........................................................   Passed    3.48 sec
        Start  10: DevServicesScriptTest.StopIsReverseOrdered
 10/667 Test  #10: DevServicesScriptTest.StopIsReverseOrdered .............................................................   Passed    4.62 sec
        Start  11: DevServicesScriptTest.StopDuringProcessChecks
 11/667 Test  #11: DevServicesScriptTest.StopDuringProcessChecks ..........................................................   Passed    4.50 sec
        Start  12: DevServicesScriptTest.StopAfterInterruptedWorkerWait
 12/667 Test  #12: DevServicesScriptTest.StopAfterInterruptedWorkerWait ...................................................   Passed    4.30 sec
        Start  13: DevServicesScriptTest.StopDuringStartup
 13/667 Test  #13: DevServicesScriptTest.StopDuringStartup ................................................................   Passed    2.83 sec
        Start  14: DevServicesScriptTest.CommandsManageServiceGroup
 14/667 Test  #14: DevServicesScriptTest.CommandsManageServiceGroup .......................................................   Passed    5.36 sec
        Start  15: DevServicesScriptTest.NewChainFlowUsesServiceGroup
 15/667 Test  #15: DevServicesScriptTest.NewChainFlowUsesServiceGroup .....................................................   Passed    3.38 sec
        Start  16: DevServicesScriptTest.FourProcessFullRepeats
 16/667 Test  #16: DevServicesScriptTest.FourProcessFullRepeats ...........................................................   Passed    8.58 sec
        Start  17: DevServicesScriptTest.FourProcessFailureRecovery
 17/667 Test  #17: DevServicesScriptTest.FourProcessFailureRecovery .......................................................   Passed   56.01 sec
        Start  18: LinuxAcceptanceScriptTest.PlanDescribesEveryMilestone
 18/667 Test  #18: LinuxAcceptanceScriptTest.PlanDescribesEveryMilestone ..................................................   Passed    0.07 sec
        Start  19: BuildDirScriptTest.PresetEntriesResolveRecordedBuildDirs
 19/667 Test  #19: BuildDirScriptTest.PresetEntriesResolveRecordedBuildDirs ...............................................   Passed    3.20 sec
        Start  20: TestFastScriptTest.FastEntryWatchAndJobsBudget
 20/667 Test  #20: TestFastScriptTest.FastEntryWatchAndJobsBudget .........................................................   Passed   16.06 sec
        Start  21: FrameSchedulerTest.RejectsZeroTickRate
 21/667 Test  #21: FrameSchedulerTest.RejectsZeroTickRate .................................................................   Passed    0.00 sec
        Start  22: FrameSchedulerTest.AdvancesFramesUsingFixedDeadlines
 22/667 Test  #22: FrameSchedulerTest.AdvancesFramesUsingFixedDeadlines ...................................................   Passed    0.00 sec
        Start  23: BoundedQueueTest.RejectsZeroCapacity
 23/667 Test  #23: BoundedQueueTest.RejectsZeroCapacity ...................................................................   Passed    0.00 sec
        Start  24: BoundedQueueTest.PreservesFifoOrderAndRejectsOverflow
 24/667 Test  #24: BoundedQueueTest.PreservesFifoOrderAndRejectsOverflow ..................................................   Passed    0.00 sec
        Start  25: BoundedWorkPoolTest.RejectsZeroWorkersOrCapacity
 25/667 Test  #25: BoundedWorkPoolTest.RejectsZeroWorkersOrCapacity .......................................................   Passed    0.00 sec
        Start  26: BoundedWorkPoolTest.DeliversResultsTaggedWithSubmissionId
 26/667 Test  #26: BoundedWorkPoolTest.DeliversResultsTaggedWithSubmissionId ..............................................   Passed    0.00 sec
        Start  27: BoundedWorkPoolTest.RunsJobsConcurrentlyAcrossWorkers
 27/667 Test  #27: BoundedWorkPoolTest.RunsJobsConcurrentlyAcrossWorkers ..................................................   Passed    0.00 sec
        Start  28: BoundedWorkPoolTest.CapacityCountsQueuedRunningAndUndrainedWork
 28/667 Test  #28: BoundedWorkPoolTest.CapacityCountsQueuedRunningAndUndrainedWork ........................................   Passed    0.00 sec
        Start  29: BoundedWorkPoolTest.CancelledQueuedJobNeverRunsAndFreesItsSlot
 29/667 Test  #29: BoundedWorkPoolTest.CancelledQueuedJobNeverRunsAndFreesItsSlot .........................................   Passed    0.00 sec
        Start  30: BoundedWorkPoolTest.CancelledRunningJobHoldsSlotUntilItFinishesAndDropsResult
 30/667 Test  #30: BoundedWorkPoolTest.CancelledRunningJobHoldsSlotUntilItFinishesAndDropsResult ..........................   Passed    0.01 sec
        Start  31: BoundedWorkPoolTest.CancelDropsUndrainedResult
 31/667 Test  #31: BoundedWorkPoolTest.CancelDropsUndrainedResult .........................................................   Passed    0.06 sec
        Start  32: BoundedWorkPoolTest.StoppedPoolRejectsSubmissions
 32/667 Test  #32: BoundedWorkPoolTest.StoppedPoolRejectsSubmissions ......................................................   Passed    0.00 sec
        Start  33: LuaRuntimeTest.CallsLuaAndBoundCppFunctions
 33/667 Test  #33: LuaRuntimeTest.CallsLuaAndBoundCppFunctions ............................................................   Passed    0.00 sec
        Start  34: LuaRuntimeTest.KeepsTheOldModuleWhenAHotReloadFails
 34/667 Test  #34: LuaRuntimeTest.KeepsTheOldModuleWhenAHotReloadFails ....................................................   Passed    0.00 sec
        Start  35: LuaRuntimeTest.ReloadsChangedFilesAndRollsBackInvalidChanges
 35/667 Test  #35: LuaRuntimeTest.ReloadsChangedFilesAndRollsBackInvalidChanges ...........................................   Passed    0.00 sec
        Start  36: LuaRuntimeTest.RejectsAccessFromAnotherThread
 36/667 Test  #36: LuaRuntimeTest.RejectsAccessFromAnotherThread ..........................................................   Passed    0.00 sec
        Start  37: LuaRuntimeTest.DoesNotExposeFileLoadingLibraries
 37/667 Test  #37: LuaRuntimeTest.DoesNotExposeFileLoadingLibraries .......................................................   Passed    0.00 sec
        Start  38: ServiceLifecycleTest.StartsInCreatedState
 38/667 Test  #38: ServiceLifecycleTest.StartsInCreatedState ..............................................................   Passed    0.00 sec
        Start  39: ServiceLifecycleTest.FollowsNormalStartupAndShutdownSequence
 39/667 Test  #39: ServiceLifecycleTest.FollowsNormalStartupAndShutdownSequence ...........................................   Passed    0.00 sec
        Start  40: ServiceLifecycleTest.RejectsSkippedAndBackwardTransitions
 40/667 Test  #40: ServiceLifecycleTest.RejectsSkippedAndBackwardTransitions ..............................................   Passed    0.00 sec
        Start  41: ServiceLifecycleTest.AllowsShutdownWhileInitializing
 41/667 Test  #41: ServiceLifecycleTest.AllowsShutdownWhileInitializing ...................................................   Passed    0.00 sec
        Start  42: ServiceLifecycleTest.StoppedStateIsTerminal
 42/667 Test  #42: ServiceLifecycleTest.StoppedStateIsTerminal ............................................................   Passed    0.00 sec
        Start  43: LoggerTest.CallerCanWriteAStructuredDiagnosticEvent
 43/667 Test  #43: LoggerTest.CallerCanWriteAStructuredDiagnosticEvent ....................................................   Passed    0.01 sec
        Start  44: LoggerTest.WorkerMakesAcceptedEventsVisibleWithoutExplicitFlush
 44/667 Test  #44: LoggerTest.WorkerMakesAcceptedEventsVisibleWithoutExplicitFlush ........................................   Passed    0.01 sec
        Start  45: LoggerTest.WorkerDrainsAndFlushesBatchedEventsWithoutExplicitFlush
 45/667 Test  #45: LoggerTest.WorkerDrainsAndFlushesBatchedEventsWithoutExplicitFlush .....................................   Passed    0.02 sec
        Start  46: LoggerTest.CallerCanAttachTrustedCorrelationContext
 46/667 Test  #46: LoggerTest.CallerCanAttachTrustedCorrelationContext ....................................................   Passed    0.01 sec
        Start  47: LoggerTest.MetricsExposeDeliveryAndValidationState
 47/667 Test  #47: LoggerTest.MetricsExposeDeliveryAndValidationState .....................................................   Passed    0.01 sec
        Start  48: LoggerTest.MetricsServerPublishesPrometheusEndpoint
 48/667 Test  #48: LoggerTest.MetricsServerPublishesPrometheusEndpoint ....................................................   Passed    0.01 sec
        Start  49: LoggerTest.RuntimePolicyFiltersModulesAndSamplesOnlyLowPriorityEvents
 49/667 Test  #49: LoggerTest.RuntimePolicyFiltersModulesAndSamplesOnlyLowPriorityEvents ..................................   Passed    0.01 sec
        Start  50: LoggerTest.DevelopmentCanFallBackToStderrButProductionFailsClosed
 50/667 Test  #50: LoggerTest.DevelopmentCanFallBackToStderrButProductionFailsClosed ......................................   Passed    0.01 sec
        Start  51: MetricsRegistryTest.CounterAddRendersTypeLineAndCumulativeValue
 51/667 Test  #51: MetricsRegistryTest.CounterAddRendersTypeLineAndCumulativeValue ........................................   Passed    0.00 sec
        Start  52: MetricsRegistryTest.CounterSetPublishesPolledCumulativeValue
 52/667 Test  #52: MetricsRegistryTest.CounterSetPublishesPolledCumulativeValue ...........................................   Passed    0.00 sec
        Start  53: MetricsRegistryTest.GaugeSetWithLabelsRendersLabelSeries
 53/667 Test  #53: MetricsRegistryTest.GaugeSetWithLabelsRendersLabelSeries ...............................................   Passed    0.00 sec
        Start  54: MetricsRegistryTest.HistogramRendersBucketsSumAndCount
 54/667 Test  #54: MetricsRegistryTest.HistogramRendersBucketsSumAndCount .................................................   Passed    0.00 sec
        Start  55: MetricsRegistryTest.RenderIsSortedByMetricNameThenLabelSeries
 55/667 Test  #55: MetricsRegistryTest.RenderIsSortedByMetricNameThenLabelSeries ..........................................   Passed    0.00 sec
        Start  56: MetricsRegistryTest.LabelValuesAreEscaped
 56/667 Test  #56: MetricsRegistryTest.LabelValuesAreEscaped ..............................................................   Passed    0.00 sec
        Start  57: MetricsRegistryTest.ConcurrentUpdatesKeepCountsConsistent
 57/667 Test  #57: MetricsRegistryTest.ConcurrentUpdatesKeepCountsConsistent ..............................................   Passed    0.01 sec
        Start  58: BudgetPublishPolicyTest.FirstPublishAlwaysPublishes
 58/667 Test  #58: BudgetPublishPolicyTest.FirstPublishAlwaysPublishes ....................................................   Passed    0.01 sec
        Start  59: BudgetPublishPolicyTest.UnchangedSnapshotNeverRepublishes
 59/667 Test  #59: BudgetPublishPolicyTest.UnchangedSnapshotNeverRepublishes ..............................................   Passed    0.01 sec
        Start  60: BudgetPublishPolicyTest.ChangeBeyondThresholdPublishesImmediately
 60/667 Test  #60: BudgetPublishPolicyTest.ChangeBeyondThresholdPublishesImmediately ......................................   Passed    0.01 sec
        Start  61: BudgetPublishPolicyTest.ChangeWithinThresholdWaitsForInterval
 61/667 Test  #61: BudgetPublishPolicyTest.ChangeWithinThresholdWaitsForInterval ..........................................   Passed    0.01 sec
        Start  62: BudgetPublishPolicyTest.DropToZeroAndGrowthFromZeroAreBeyondThreshold
 62/667 Test  #62: BudgetPublishPolicyTest.DropToZeroAndGrowthFromZeroAreBeyondThreshold ..................................   Passed    0.01 sec
        Start  63: BudgetPublishPolicyTest.FetchChangeTriggersOnItsOwn
 63/667 Test  #63: BudgetPublishPolicyTest.FetchChangeTriggersOnItsOwn ....................................................   Passed    0.01 sec
        Start  64: BudgetPublishPolicyTest.FetchPresenceMismatchCountsAsChange
 64/667 Test  #64: BudgetPublishPolicyTest.FetchPresenceMismatchCountsAsChange ............................................   Passed    0.01 sec
        Start  65: BudgetPublishPolicyTest.ReturnToFullPublishesImmediately
 65/667 Test  #65: BudgetPublishPolicyTest.ReturnToFullPublishesImmediately ...............................................   Passed    0.01 sec
        Start  66: BudgetKeyTest.BuildsBudgetKeyFromTypeAndInstance
 66/667 Test  #66: BudgetKeyTest.BuildsBudgetKeyFromTypeAndInstance .......................................................   Passed    0.01 sec
        Start  67: InstanceBudgetReporterTest.PublishesFirstSnapshotUnderRegistrationLease
 67/667 Test  #67: InstanceBudgetReporterTest.PublishesFirstSnapshotUnderRegistrationLease ................................   Passed    0.01 sec
        Start  68: InstanceBudgetReporterTest.SkipsUnchangedSnapshot
 68/667 Test  #68: InstanceBudgetReporterTest.SkipsUnchangedSnapshot ......................................................   Passed    0.01 sec
        Start  69: InstanceBudgetReporterTest.HoldsSubThresholdChangeWithinInterval
 69/667 Test  #69: InstanceBudgetReporterTest.HoldsSubThresholdChangeWithinInterval .......................................   Passed    0.01 sec
        Start  70: InstanceBudgetReporterTest.RepublishesBeyondThresholdImmediately
 70/667 Test  #70: InstanceBudgetReporterTest.RepublishesBeyondThresholdImmediately .......................................   Passed    0.01 sec
        Start  71: InstanceBudgetReporterTest.RetriesFailedPublishAfterInterval
 71/667 Test  #71: InstanceBudgetReporterTest.RetriesFailedPublishAfterInterval ...........................................   Passed    0.01 sec
        Start  72: InstanceBudgetReporterTest.RealmReporterOmitsFetchFree
 72/667 Test  #72: InstanceBudgetReporterTest.RealmReporterOmitsFetchFree .................................................   Passed    0.01 sec
        Start  73: InstanceBudgetReporterTest.UnknownRegistrationFailsWithoutRetry
 73/667 Test  #73: InstanceBudgetReporterTest.UnknownRegistrationFailsWithoutRetry ........................................   Passed    0.01 sec
        Start  74: InstanceBudgetReporterTest.FailedWriteNotifiesSinkNotThrottledRetries
 74/667 Test  #74: InstanceBudgetReporterTest.FailedWriteNotifiesSinkNotThrottledRetries ..................................   Passed    0.01 sec
        Start  75: EtcdServiceRegistryTest.RegistersRefreshesAndRevokesLeasedInstance
 75/667 Test  #75: EtcdServiceRegistryTest.RegistersRefreshesAndRevokesLeasedInstance .....................................   Passed    0.01 sec
        Start  76: EtcdServiceRegistryTest.RejectsDuplicateInstanceAtomically
 76/667 Test  #76: EtcdServiceRegistryTest.RejectsDuplicateInstanceAtomically .............................................   Passed    0.01 sec
        Start  77: EtcdServiceRegistryTest.DiscoversAndDecodesMultiProtocolEndpoints
 77/667 Test  #77: EtcdServiceRegistryTest.DiscoversAndDecodesMultiProtocolEndpoints ......................................   Passed    0.01 sec
        Start  78: EtcdServiceRegistryTest.PublishesSnapshotChangesToWatchers
 78/667 Test  #78: EtcdServiceRegistryTest.PublishesSnapshotChangesToWatchers .............................................   Passed    0.01 sec
        Start  79: EtcdServiceRegistryTest.PutLeasedWritesKeyUnderRegistrationLease
 79/667 Test  #79: EtcdServiceRegistryTest.PutLeasedWritesKeyUnderRegistrationLease .......................................   Passed    0.01 sec
        Start  80: EtcdServiceRegistryTest.PutLeasedUnknownRegistrationReturnsFalse
 80/667 Test  #80: EtcdServiceRegistryTest.PutLeasedUnknownRegistrationReturnsFalse .......................................   Passed    0.01 sec
        Start  81: EtcdServiceRegistryTest.RefreshRewritesLeasedKeysUnderNewLease
 81/667 Test  #81: EtcdServiceRegistryTest.RefreshRewritesLeasedKeysUnderNewLease .........................................   Passed    0.01 sec
        Start  82: EtcdServiceRegistryTest.PutLeasedFailureOfNewKeyIsNotTracked
 82/667 Test  #82: EtcdServiceRegistryTest.PutLeasedFailureOfNewKeyIsNotTracked ...........................................   Passed    0.01 sec
        Start  83: EtcdServiceRegistryTest.PutLeasedFailureKeepsPreviousTrackedValue
 83/667 Test  #83: EtcdServiceRegistryTest.PutLeasedFailureKeepsPreviousTrackedValue ......................................   Passed    0.01 sec
        Start  84: ServiceRegistryTest.RegistersAndDiscoversByServiceType
 84/667 Test  #84: ServiceRegistryTest.RegistersAndDiscoversByServiceType .................................................   Passed    0.01 sec
        Start  85: ServiceRegistryTest.RejectsDuplicateServiceInstanceKey
 85/667 Test  #85: ServiceRegistryTest.RejectsDuplicateServiceInstanceKey .................................................   Passed    0.01 sec
        Start  86: ServiceRegistryTest.PublishesAddedAndRemovedWatchEvents
 86/667 Test  #86: ServiceRegistryTest.PublishesAddedAndRemovedWatchEvents ................................................   Passed    0.01 sec
        Start  87: ServiceRegistryTest.ExpiredRegistrationDisappearsAndCannotRefresh
 87/667 Test  #87: ServiceRegistryTest.ExpiredRegistrationDisappearsAndCannotRefresh ......................................   Passed    0.01 sec
        Start  88: ServiceRegistryTest.RejectsNonPositiveLeaseTtl
 88/667 Test  #88: ServiceRegistryTest.RejectsNonPositiveLeaseTtl .........................................................   Passed    0.01 sec
        Start  89: ServiceRegistryTest.ResolverTracksAddedAndRemovedEndpoints
 89/667 Test  #89: ServiceRegistryTest.ResolverTracksAddedAndRemovedEndpoints .............................................   Passed    0.01 sec
        Start  90: ServiceRegistryTest.ResolverReceivesInstancesPresentBeforeSubscription
 90/667 Test  #90: ServiceRegistryTest.ResolverReceivesInstancesPresentBeforeSubscription .................................   Passed    0.01 sec
        Start  91: ServiceRegistryTest.PublisherRegistersAndUnregistersWithItsLifetime
 91/667 Test  #91: ServiceRegistryTest.PublisherRegistersAndUnregistersWithItsLifetime ....................................   Passed    0.01 sec
        Start  92: LayeredConfigTest.ServiceLayerOverridesCommon
 92/667 Test  #92: LayeredConfigTest.ServiceLayerOverridesCommon ..........................................................   Passed    0.04 sec
        Start  93: LayeredConfigTest.CliOverridesInstanceIdentity
 93/667 Test  #93: LayeredConfigTest.CliOverridesInstanceIdentity .........................................................   Passed    0.04 sec
        Start  94: LayeredConfigTest.ParsesSharedPlayerDataDeployment
 94/667 Test  #94: LayeredConfigTest.ParsesSharedPlayerDataDeployment .....................................................   Passed    0.04 sec
        Start  95: LayeredConfigTest.RequiresDatabaseWhenUriIsSet
 95/667 Test  #95: LayeredConfigTest.RequiresDatabaseWhenUriIsSet .........................................................   Passed    0.04 sec
        Start  96: LayeredConfigTest.PrivatePlayerDataUriOverridesDefaultWithoutLuaOsAccess
 96/667 Test  #96: LayeredConfigTest.PrivatePlayerDataUriOverridesDefaultWithoutLuaOsAccess ...............................   Passed    0.04 sec
        Start  97: LayeredConfigTest.UnsetPlayerDataUriEnvironmentPreservesLocalDefault
 97/667 Test  #97: LayeredConfigTest.UnsetPlayerDataUriEnvironmentPreservesLocalDefault ...................................   Passed    0.04 sec
        Start  98: LayeredConfigTest.MissingPrivatePlayerDataUriFailsWithoutDefault
 98/667 Test  #98: LayeredConfigTest.MissingPrivatePlayerDataUriFailsWithoutDefault .......................................   Passed    0.04 sec
        Start  99: LayeredConfigTest.EmptyPrivatePlayerDataUriFailsInsteadOfConnectingLocally
 99/667 Test  #99: LayeredConfigTest.EmptyPrivatePlayerDataUriFailsInsteadOfConnectingLocally .............................   Passed    0.04 sec
        Start 100: LayeredConfigTest.RejectsRetiredSqlitePlayerDataKeys
100/667 Test #100: LayeredConfigTest.RejectsRetiredSqlitePlayerDataKeys ...................................................   Passed    0.04 sec
        Start 101: LayeredConfigTest.RejectsUnknownCredentialHashCost
101/667 Test #101: LayeredConfigTest.RejectsUnknownCredentialHashCost .....................................................   Passed    0.04 sec
        Start 102: LayeredConfigTest.MissingServiceFileThrows
102/667 Test #102: LayeredConfigTest.MissingServiceFileThrows .............................................................   Passed    0.04 sec
        Start 103: MeshHostE2ETest.AllInOneStartsAndStopsCleanly
103/667 Test #103: MeshHostE2ETest.AllInOneStartsAndStopsCleanly ..........................................................   Passed    2.37 sec
        Start 104: MeshHostTest.StartsWavesAndGatesEntryUntilAllReady
104/667 Test #104: MeshHostTest.StartsWavesAndGatesEntryUntilAllReady .....................................................   Passed    0.05 sec
        Start 105: MeshHostTest.FailureRecyclesStartedServicesInReverse
105/667 Test #105: MeshHostTest.FailureRecyclesStartedServicesInReverse ...................................................   Passed    0.04 sec
        Start 106: MeshHostTest.FailureBeforeFinalWaveNeverConstructsEntry
106/667 Test #106: MeshHostTest.FailureBeforeFinalWaveNeverConstructsEntry ................................................   Passed    0.04 sec
        Start 107: MeshHostTest.ServiceLookupThrowsForUnknownName
107/667 Test #107: MeshHostTest.ServiceLookupThrowsForUnknownName .........................................................   Passed    0.04 sec
        Start 108: Mode2Test.SingleServiceNarrowsTopologyAndAppliesOverrides
108/667 Test #108: Mode2Test.SingleServiceNarrowsTopologyAndAppliesOverrides ..............................................   Passed    0.03 sec
        Start 109: Mode2Test.RetiredLoginServiceFailsAtStartup
109/667 Test #109: Mode2Test.RetiredLoginServiceFailsAtStartup ............................................................   Passed    1.31 sec
        Start 110: Mode2Test.SingleServiceMeshStartsAndRuns
110/667 Test #110: Mode2Test.SingleServiceMeshStartsAndRuns ...............................................................   Passed    1.80 sec
        Start 111: Mode2Test.GatewayDoesNotStartWithoutRealm
111/667 Test #111: Mode2Test.GatewayDoesNotStartWithoutRealm ..............................................................   Passed    1.35 sec
        Start 112: Mode2Test.GatewayStartsAfterFallbackDependenciesAreReachable
112/667 Test #112: Mode2Test.GatewayStartsAfterFallbackDependenciesAreReachable ...........................................   Passed    1.87 sec
        Start 113: ObservabilityArtifactsTest.AlertRulesReferenceExposedMetrics
113/667 Test #113: ObservabilityArtifactsTest.AlertRulesReferenceExposedMetrics ...........................................   Passed    0.05 sec
        Start 114: ObservabilityArtifactsTest.DashboardsReferenceExposedMetrics
114/667 Test #114: ObservabilityArtifactsTest.DashboardsReferenceExposedMetrics ...........................................   Passed    0.04 sec
        Start 115: ObservabilityArtifactsTest.DashboardsPinPrometheusDatasource
115/667 Test #115: ObservabilityArtifactsTest.DashboardsPinPrometheusDatasource ...........................................   Passed    0.04 sec
        Start 116: ServiceFrameEdgeBudgetTest.PublishesCapacityThenConsumesOnAttach
116/667 Test #116: ServiceFrameEdgeBudgetTest.PublishesCapacityThenConsumesOnAttach .......................................   Passed    0.04 sec
        Start 117: ServiceFrameEdgeBudgetTest.AttachAcceptancePreservesWireContract
117/667 Test #117: ServiceFrameEdgeBudgetTest.AttachAcceptancePreservesWireContract .......................................   Passed    0.06 sec
        Start 118: ServiceFrameEdgeBudgetTest.AttachRejectionsPreserveWireContract
118/667 Test #118: ServiceFrameEdgeBudgetTest.AttachRejectionsPreserveWireContract ........................................   Passed    0.09 sec
        Start 119: ServiceFrameEdgeBudgetTest.CredentialFailuresKeepRawCredentialsAndJtiOutOfTelemetry
119/667 Test #119: ServiceFrameEdgeBudgetTest.CredentialFailuresKeepRawCredentialsAndJtiOutOfTelemetry ....................   Passed    0.09 sec
        Start 120: ServiceFrameEdgeBudgetTest.ReplayedJtiPreservesWireRejection
120/667 Test #120: ServiceFrameEdgeBudgetTest.ReplayedJtiPreservesWireRejection ...........................................   Passed    0.07 sec
        Start 121: ServiceFrameEdgeBudgetTest.RetiredMessageIdIsRefused
121/667 Test #121: ServiceFrameEdgeBudgetTest.RetiredMessageIdIsRefused ...................................................   Passed    0.06 sec
        Start 122: ServiceFrameEdgeBudgetTest.OutOfBudgetAttachIsRejectedWithoutConsuming
122/667 Test #122: ServiceFrameEdgeBudgetTest.OutOfBudgetAttachIsRejectedWithoutConsuming .................................   Passed    0.07 sec
        Start 123: ServiceFrameEdgeBudgetTest.StoppedFetchPublishesUnavailableBudgetAndStopsGateway
123/667 Test #123: ServiceFrameEdgeBudgetTest.StoppedFetchPublishesUnavailableBudgetAndStopsGateway .......................   Passed    0.05 sec
        Start 124: ServiceFrameEdgeBudgetTest.FetchSuccessTransitionsToHandedOff
124/667 Test #124: ServiceFrameEdgeBudgetTest.FetchSuccessTransitionsToHandedOff ..........................................   Passed    0.05 sec
        Start 125: ServiceFrameEdgeBudgetTest.GrantIssuedThenGraceCloses
125/667 Test #125: ServiceFrameEdgeBudgetTest.GrantIssuedThenGraceCloses ..................................................   Passed    0.09 sec
        Start 126: ServiceFrameEdgeBudgetTest.RealPeerCloseReturnsBothBudgets
126/667 Test #126: ServiceFrameEdgeBudgetTest.RealPeerCloseReturnsBothBudgets .............................................   Passed    0.05 sec
        Start 127: ServiceFrameEdgeBudgetTest.NoEndpointClosesWithoutGrant
127/667 Test #127: ServiceFrameEdgeBudgetTest.NoEndpointClosesWithoutGrant ................................................   Passed    0.05 sec
        Start 128: ServiceFrameEdgeBudgetTest.StaticDownstreamGrantsWithoutDiscovery
128/667 Test #128: ServiceFrameEdgeBudgetTest.StaticDownstreamGrantsWithoutDiscovery ......................................   Passed    0.08 sec
        Start 129: ServiceFrameEdgeBudgetTest.DiscoveredRealmEndpointWinsOverStaticFallback
129/667 Test #129: ServiceFrameEdgeBudgetTest.DiscoveredRealmEndpointWinsOverStaticFallback ...............................   Passed    0.09 sec
        Start 130: ServiceFrameEdgeBudgetTest.ExhaustedFetchClosesAndReturnsBudgets
130/667 Test #130: ServiceFrameEdgeBudgetTest.ExhaustedFetchClosesAndReturnsBudgets .......................................   Passed    0.28 sec
        Start 131: ServiceFrameEdgeBudgetTest.MetricsFollowPipelineStagesAndFetch
131/667 Test #131: ServiceFrameEdgeBudgetTest.MetricsFollowPipelineStagesAndFetch .........................................   Passed    0.67 sec
        Start 132: ServiceFrameEdgeBudgetTest.MetricsCountRetriesAndReplayRejections
132/667 Test #132: ServiceFrameEdgeBudgetTest.MetricsCountRetriesAndReplayRejections ......................................   Passed    0.30 sec
        Start 133: ServiceFrameRealmEnterTest.EnterRealmRedeemsTicketAndAcceptsSession
133/667 Test #133: ServiceFrameRealmEnterTest.EnterRealmRedeemsTicketAndAcceptsSession ....................................   Passed    0.10 sec
        Start 134: ServiceFrameRealmEnterTest.EnterRealmTicketIsSingleConsume
134/667 Test #134: ServiceFrameRealmEnterTest.EnterRealmTicketIsSingleConsume .............................................   Passed    0.11 sec
        Start 135: ServiceFrameRealmEnterTest.ResubmissionOnSameSessionCloses
135/667 Test #135: ServiceFrameRealmEnterTest.ResubmissionOnSameSessionCloses .............................................   Passed    0.09 sec
        Start 136: ServiceFrameRealmEnterTest.InvalidTicketBytesDecline
136/667 Test #136: ServiceFrameRealmEnterTest.InvalidTicketBytesDecline ...................................................   Passed    0.06 sec
        Start 137: ServiceFrameRealmEnterTest.RetiredMessageIdIsRefused
137/667 Test #137: ServiceFrameRealmEnterTest.RetiredMessageIdIsRefused ...................................................   Passed    0.06 sec
        Start 138: ServiceFrameRealmEnterTest.MessageBeforeEnterRealmIsRefused
138/667 Test #138: ServiceFrameRealmEnterTest.MessageBeforeEnterRealmIsRefused ............................................   Passed    0.06 sec
        Start 139: ServiceFrameRealmEnterTest.WrongPurposeTicketDeclines
139/667 Test #139: ServiceFrameRealmEnterTest.WrongPurposeTicketDeclines ..................................................   Passed    0.06 sec
        Start 140: ServiceFrameRealmEnterTest.ForeignRealmClaimDeclines
140/667 Test #140: ServiceFrameRealmEnterTest.ForeignRealmClaimDeclines ...................................................   Passed    0.06 sec
        Start 141: ServiceFrameRealmEnterTest.ExpiredTicketDeclines
141/667 Test #141: ServiceFrameRealmEnterTest.ExpiredTicketDeclines .......................................................   Passed    0.06 sec
        Start 142: ServiceFrameRealmEnterTest.RealmFrameRequiresRealmSessions
142/667 Test #142: ServiceFrameRealmEnterTest.RealmFrameRequiresRealmSessions .............................................   Passed    0.04 sec
        Start 143: ServiceFrameRealmEnterTest.EnteredSessionDispatchesRealmMessages
143/667 Test #143: ServiceFrameRealmEnterTest.EnteredSessionDispatchesRealmMessages .......................................   Passed    0.10 sec
        Start 144: ServiceFrameRealmEnterTest.UnsupportedMessageKeepsEnteredSession
144/667 Test #144: ServiceFrameRealmEnterTest.UnsupportedMessageKeepsEnteredSession .......................................   Passed    0.11 sec
        Start 145: ServiceFrameRealmEnterTest.SecondSessionDisplacesFirst
145/667 Test #145: ServiceFrameRealmEnterTest.SecondSessionDisplacesFirst .................................................   Passed    0.13 sec
        Start 146: ServiceFrameRealmEnterTest.ConnFreeBudgetTracksConnections
146/667 Test #146: ServiceFrameRealmEnterTest.ConnFreeBudgetTracksConnections .............................................   Passed    0.06 sec
        Start 147: ServiceHostTest.StartsRuntimeAndReadiesWithoutDiscovery
147/667 Test #147: ServiceHostTest.StartsRuntimeAndReadiesWithoutDiscovery ................................................   Passed    0.04 sec
        Start 148: ServiceHostTest.RuntimeStopClearsReadinessOnNextTick
148/667 Test #148: ServiceHostTest.RuntimeStopClearsReadinessOnNextTick ...................................................   Passed    0.04 sec
        Start 149: ServiceHostTest.GatewayIdentitySeedFailsBeforeRuntimeConstruction
149/667 Test #149: ServiceHostTest.GatewayIdentitySeedFailsBeforeRuntimeConstruction ......................................   Passed    0.04 sec
        Start 150: ServiceHostTest.UnknownServiceNameWithDiscoveryThrows
150/667 Test #150: ServiceHostTest.UnknownServiceNameWithDiscoveryThrows ..................................................   Passed    0.04 sec
        Start 151: ServiceHostTest.RequiredRegistrationFailureThrows
151/667 Test #151: ServiceHostTest.RequiredRegistrationFailureThrows ......................................................   Passed    1.77 sec
        Start 152: ServiceHostTest.RealmWithoutPlayerDataThrows
152/667 Test #152: ServiceHostTest.RealmWithoutPlayerDataThrows ...........................................................   Passed    0.05 sec
        Start 153: ServiceHostTest.EscapesGaugeLabelSpecialCharacters
153/667 Test #153: ServiceHostTest.EscapesGaugeLabelSpecialCharacters .....................................................   Passed    0.04 sec
        Start 154: ServiceHostTest.HttpMetricsExposeServiceReadiness
154/667 Test #154: ServiceHostTest.HttpMetricsExposeServiceReadiness ......................................................   Passed    0.04 sec
        Start 155: StartupTopologyTest.IndependentServicesShareFirstWave
155/667 Test #155: StartupTopologyTest.IndependentServicesShareFirstWave ..................................................   Passed    0.03 sec
        Start 156: StartupTopologyTest.ChainSplitsIntoWaves
156/667 Test #156: StartupTopologyTest.ChainSplitsIntoWaves ...............................................................   Passed    0.03 sec
        Start 157: StartupTopologyTest.EntryServiceIsAlwaysInTheFinalWave
157/667 Test #157: StartupTopologyTest.EntryServiceIsAlwaysInTheFinalWave .................................................   Passed    0.04 sec
        Start 158: StartupTopologyTest.RejectsServicesDependingOnAnEntry
158/667 Test #158: StartupTopologyTest.RejectsServicesDependingOnAnEntry ..................................................   Passed    0.03 sec
        Start 159: StartupTopologyTest.CycleThrows
159/667 Test #159: StartupTopologyTest.CycleThrows ........................................................................   Passed    0.04 sec
        Start 160: StartupTopologyTest.UnknownDependencyThrows
160/667 Test #160: StartupTopologyTest.UnknownDependencyThrows ............................................................   Passed    0.03 sec
        Start 161: ConfigHeadersTest.ConfigValuesAreUsableWithoutLua
161/667 Test #161: ConfigHeadersTest.ConfigValuesAreUsableWithoutLua ......................................................   Passed    0.01 sec
        Start 162: ConfigsLoadSmokeTest.LoginServiceConfigIsGone
162/667 Test #162: ConfigsLoadSmokeTest.LoginServiceConfigIsGone ..........................................................   Passed    0.02 sec
        Start 163: ConfigsLoadSmokeTest.MainConfigTopologyLoadsInDeclarationOrder
163/667 Test #163: ConfigsLoadSmokeTest.MainConfigTopologyLoadsInDeclarationOrder .........................................   Passed    0.02 sec
        Start 164: ConfigsLoadSmokeTest.EveryServiceConfigLoadsThroughLayeredLoader
164/667 Test #164: ConfigsLoadSmokeTest.EveryServiceConfigLoadsThroughLayeredLoader .......................................   Passed    0.02 sec
        Start 165: ConfigsLoadSmokeTest.LoginVerifyConfigLoadsThroughDedicatedLoader
165/667 Test #165: ConfigsLoadSmokeTest.LoginVerifyConfigLoadsThroughDedicatedLoader ......................................   Passed    0.02 sec
        Start 166: ConfigsLoadSmokeTest.QueueConfigLoadsThroughDedicatedLoader
166/667 Test #166: ConfigsLoadSmokeTest.QueueConfigLoadsThroughDedicatedLoader ............................................   Passed    0.02 sec
        Start 167: ConfigsLoadSmokeTest.GatewayAdmissionConfigLoadsAndValidates
167/667 Test #167: ConfigsLoadSmokeTest.GatewayAdmissionConfigLoadsAndValidates ...........................................   Passed    0.02 sec
        Start 168: ConfigsLoadSmokeTest.EveryConfigFileCompilesInLuaRuntime
168/667 Test #168: ConfigsLoadSmokeTest.EveryConfigFileCompilesInLuaRuntime ...............................................   Passed    0.02 sec
        Start 169: LoadTopologyFileTest.OmittedFieldsDefaultToNoDependenciesAndNotEntry
169/667 Test #169: LoadTopologyFileTest.OmittedFieldsDefaultToNoDependenciesAndNotEntry ...................................   Passed    0.01 sec
        Start 170: LoadTopologyFileTest.MissingFileIsALoadFailure
170/667 Test #170: LoadTopologyFileTest.MissingFileIsALoadFailure .........................................................   Passed    0.01 sec
        Start 171: LoadTopologyFileTest.LuaErrorIsALoadFailure
171/667 Test #171: LoadTopologyFileTest.LuaErrorIsALoadFailure ............................................................   Passed    0.01 sec
        Start 172: LoadTopologyFileTest.RejectsMissingOrEmptyServicesTable
172/667 Test #172: LoadTopologyFileTest.RejectsMissingOrEmptyServicesTable ................................................   Passed    0.01 sec
        Start 173: LoadTopologyFileTest.RejectsMalformedEntries
173/667 Test #173: LoadTopologyFileTest.RejectsMalformedEntries ...........................................................   Passed    0.01 sec
        Start 174: AdaptivePollerTest.TiersFollowSpecThresholds
174/667 Test #174: AdaptivePollerTest.TiersFollowSpecThresholds ...........................................................   Passed    0.01 sec
        Start 175: AdaptivePollerTest.JitterStaysWithinTwentyPercentAndHonoursFloor
175/667 Test #175: AdaptivePollerTest.JitterStaysWithinTwentyPercentAndHonoursFloor .......................................   Passed    0.01 sec
        Start 176: AdaptivePollerTest.BackoffDoublesAfterThresholdAndCaps
176/667 Test #176: AdaptivePollerTest.BackoffDoublesAfterThresholdAndCaps .................................................   Passed    0.01 sec
        Start 177: AdaptivePollerTest.EstimatesEtaFromPositionOverRate
177/667 Test #177: AdaptivePollerTest.EstimatesEtaFromPositionOverRate ....................................................   Passed    0.01 sec
        Start 178: AdaptivePollerTest.DefaultJitterSourceVariesWithinUnitInterval
178/667 Test #178: AdaptivePollerTest.DefaultJitterSourceVariesWithinUnitInterval .........................................   Passed    0.01 sec
        Start 179: LoginChainTest.HappyPathWalksSevenStatesAndFillsCredentials
179/667 Test #179: LoginChainTest.HappyPathWalksSevenStatesAndFillsCredentials ............................................   Passed    0.07 sec
        Start 180: LoginChainTest.VerifyRejectionReturnsToIdle
180/667 Test #180: LoginChainTest.VerifyRejectionReturnsToIdle ............................................................   Passed    0.01 sec
        Start 181: LoginChainTest.BusyVerifierIsRetriedAfterSuggestedDelay
181/667 Test #181: LoginChainTest.BusyVerifierIsRetriedAfterSuggestedDelay ................................................   Passed    1.06 sec
        Start 182: LoginChainTest.TicketRejectionReturnsToIdleBeforePolling
182/667 Test #182: LoginChainTest.TicketRejectionReturnsToIdleBeforePolling ...............................................   Passed    0.02 sec
        Start 183: LoginChainTest.ExpiredNumberTokenRestartsLoginAutomatically
183/667 Test #183: LoginChainTest.ExpiredNumberTokenRestartsLoginAutomatically ............................................   Passed    0.01 sec
        Start 184: LoginChainTest.ExpiredAdmissionGrantRestartsLogin
184/667 Test #184: LoginChainTest.ExpiredAdmissionGrantRestartsLogin ......................................................   Passed    0.01 sec
        Start 185: LoginChainTest.HandoffRejectionRetriesGatewayWithinGrace
185/667 Test #185: LoginChainTest.HandoffRejectionRetriesGatewayWithinGrace ...............................................   Passed    0.01 sec
        Start 186: LoginChainTest.TerminalHandoffRejectionFailsChainWithoutRetry
186/667 Test #186: LoginChainTest.TerminalHandoffRejectionFailsChainWithoutRetry ..........................................   Passed    0.01 sec
        Start 187: LoginChainTest.TerminalAttachRejectionFailsChainWithoutRetry
187/667 Test #187: LoginChainTest.TerminalAttachRejectionFailsChainWithoutRetry ...........................................   Passed    0.01 sec
        Start 188: LoginChainTest.GatewayFailureRetriesWithinGraceThenSucceeds
188/667 Test #188: LoginChainTest.GatewayFailureRetriesWithinGraceThenSucceeds ............................................   Passed    0.01 sec
        Start 189: LoginChainTest.AttachRejectionRetriesGatewayWithinGrace
189/667 Test #189: LoginChainTest.AttachRejectionRetriesGatewayWithinGrace ................................................   Passed    0.01 sec
        Start 190: LoginChainTest.ExhaustedAdmitGraceRetakesTicket
190/667 Test #190: LoginChainTest.ExhaustedAdmitGraceRetakesTicket ........................................................   Passed    0.01 sec
        Start 191: LoginChainTest.RealmTicketWindowExhaustionReturnsToGateway
191/667 Test #191: LoginChainTest.RealmTicketWindowExhaustionReturnsToGateway .............................................   Passed    0.01 sec
        Start 192: LoginChainTest.ChainUsesPollerIntervalForWaiting
192/667 Test #192: LoginChainTest.ChainUsesPollerIntervalForWaiting .......................................................   Passed    0.01 sec
        Start 193: LoginChainTest.EtaComesFromLatestProgress
193/667 Test #193: LoginChainTest.EtaComesFromLatestProgress ..............................................................   Passed    0.06 sec
        Start 194: LoginChainTest.FirstQueryAdmitsWithoutWaitingForProgress
194/667 Test #194: LoginChainTest.FirstQueryAdmitsWithoutWaitingForProgress ...............................................   Passed    0.01 sec
        Start 195: LoginChainTest.EveryTransportOperationReceivesOneAbsoluteDeadline
195/667 Test #195: LoginChainTest.EveryTransportOperationReceivesOneAbsoluteDeadline ......................................   Passed    0.04 sec
        Start 196: LoginChainTest.CredentialExpiryOnAttachReleasesGatewaySession
196/667 Test #196: LoginChainTest.CredentialExpiryOnAttachReleasesGatewaySession ..........................................   Passed    0.01 sec
        Start 197: LoginChainTest.AdmitTimeoutReturnsToIdle
197/667 Test #197: LoginChainTest.AdmitTimeoutReturnsToIdle ...............................................................   Passed    0.26 sec
        Start 198: LoginChainTest.EveryTargetStopsAtItsExactCheckpoint
198/667 Test #198: LoginChainTest.EveryTargetStopsAtItsExactCheckpoint ....................................................   Passed    0.02 sec
        Start 199: LoginChainTest.GatewaySoakRejectsPastHorizonAndClosesBeforeSuccess
199/667 Test #199: LoginChainTest.GatewaySoakRejectsPastHorizonAndClosesBeforeSuccess .....................................   Passed    0.02 sec
        Start 200: LoginChainTest.GatewaySoakTreatsAbsoluteDeadlineAsSuccessfulHorizon
200/667 Test #200: LoginChainTest.GatewaySoakTreatsAbsoluteDeadlineAsSuccessfulHorizon ....................................   Passed    0.05 sec
        Start 201: LoginChainTest.ExpiredAbsoluteDeadlineFailsBeforeAnyIo
201/667 Test #201: LoginChainTest.ExpiredAbsoluteDeadlineFailsBeforeAnyIo .................................................   Passed    0.01 sec
        Start 202: LoginChainTest.PollingProfilesShareStateAndFallbackSemantics
202/667 Test #202: LoginChainTest.PollingProfilesShareStateAndFallbackSemantics ...........................................   Passed    0.04 sec
        Start 203: LoginChainTest.FullTransfersRealmSessionUntilResultDestruction
203/667 Test #203: LoginChainTest.FullTransfersRealmSessionUntilResultDestruction .........................................   Passed    0.01 sec
        Start 204: LoginChainTest.StageNamesMatchSpecVocabulary
204/667 Test #204: LoginChainTest.StageNamesMatchSpecVocabulary ...........................................................   Passed    0.01 sec
        Start 205: WireEnterRealmRedeemerTest.Sends1304AndAccepts1305
205/667 Test #205: WireEnterRealmRedeemerTest.Sends1304AndAccepts1305 .....................................................   Passed    0.01 sec
        Start 206: WireEnterRealmRedeemerTest.MapsEdgeErrorToEnterRealmRejected
206/667 Test #206: WireEnterRealmRedeemerTest.MapsEdgeErrorToEnterRealmRejected ...........................................   Passed    0.01 sec
        Start 207: WireEnterRealmRedeemerTest.MapsBadFrameToEnterRealmRejected
207/667 Test #207: WireEnterRealmRedeemerTest.MapsBadFrameToEnterRealmRejected ............................................   Passed    0.01 sec
        Start 208: WireEnterRealmRedeemerTest.MapsUndecodableAcceptedToEnterRealmRejected
208/667 Test #208: WireEnterRealmRedeemerTest.MapsUndecodableAcceptedToEnterRealmRejected .................................   Passed    0.01 sec
        Start 209: WireEnterRealmRedeemerTest.MapsTimeoutToEnterRealmRejected
209/667 Test #209: WireEnterRealmRedeemerTest.MapsTimeoutToEnterRealmRejected .............................................   Passed    0.01 sec
        Start 210: WireLoginTransportIntegrationTest.DrivesLoginChainOverRealTls
210/667 Test #210: WireLoginTransportIntegrationTest.DrivesLoginChainOverRealTls ..........................................   Passed    0.10 sec
        Start 211: WireLoginTransportIntegrationTest.AttachRejectionRestartsLogin
211/667 Test #211: WireLoginTransportIntegrationTest.AttachRejectionRestartsLogin .........................................   Passed    0.06 sec
        Start 212: WireLoginTransportIntegrationTest.NotEligibleDeclineFailsChainWithoutRetry
212/667 Test #212: WireLoginTransportIntegrationTest.NotEligibleDeclineFailsChainWithoutRetry .............................   Passed    0.04 sec
        Start 213: WireLoginTransportIntegrationTest.PlayerDataUnavailableDeclineRestartsLogin
213/667 Test #213: WireLoginTransportIntegrationTest.PlayerDataUnavailableDeclineRestartsLogin ............................   Passed    1.06 sec
        Start 214: WireLoginTransportIntegrationTest.NonExpiryUnauthorizedIsTransient
214/667 Test #214: WireLoginTransportIntegrationTest.NonExpiryUnauthorizedIsTransient .....................................   Passed    0.05 sec
        Start 215: WireLoginTransportIntegrationTest.RealmRejectsForeignTicketAtPortLevel
215/667 Test #215: WireLoginTransportIntegrationTest.RealmRejectsForeignTicketAtPortLevel .................................   Passed    0.04 sec
        Start 216: WireLoginTransportIntegrationTest.RealmApiRoundTripsOverRealTls
216/667 Test #216: WireLoginTransportIntegrationTest.RealmApiRoundTripsOverRealTls ........................................   Passed    0.06 sec
        Start 217: LengthFieldCodecTest.EncodesFourByteBigEndianLength
217/667 Test #217: LengthFieldCodecTest.EncodesFourByteBigEndianLength ....................................................   Passed    0.01 sec
        Start 218: LengthFieldCodecTest.WaitsForAFragmentedFrameWithoutConsumingData
218/667 Test #218: LengthFieldCodecTest.WaitsForAFragmentedFrameWithoutConsumingData ......................................   Passed    0.01 sec
        Start 219: LengthFieldCodecTest.DecodesCoalescedFramesOneAtATime
219/667 Test #219: LengthFieldCodecTest.DecodesCoalescedFramesOneAtATime ..................................................   Passed    0.01 sec
        Start 220: LengthFieldCodecTest.SupportsAnEmptyPayload
220/667 Test #220: LengthFieldCodecTest.SupportsAnEmptyPayload ............................................................   Passed    0.01 sec
        Start 221: LengthFieldCodecTest.ReportsOversizedFrameWithoutAllocatingPayload
221/667 Test #221: LengthFieldCodecTest.ReportsOversizedFrameWithoutAllocatingPayload .....................................   Passed    0.01 sec
        Start 222: LengthFieldCodecTest.RefusesToEncodeOversizedPayload
222/667 Test #222: LengthFieldCodecTest.RefusesToEncodeOversizedPayload ...................................................   Passed    0.01 sec
        Start 223: PreferredTransportConnectorTest.ReturnsQuicWithoutStartingTlsWhenFast
223/667 Test #223: PreferredTransportConnectorTest.ReturnsQuicWithoutStartingTlsWhenFast ..................................   Passed    0.01 sec
        Start 224: PreferredTransportConnectorTest.StartsTlsAfterDelayAndFirstSecureWins
224/667 Test #224: PreferredTransportConnectorTest.StartsTlsAfterDelayAndFirstSecureWins ..................................   Passed    0.03 sec
        Start 225: PreferredTransportConnectorTest.DoesNotFallbackOnCertificateFailure
225/667 Test #225: PreferredTransportConnectorTest.DoesNotFallbackOnCertificateFailure ....................................   Passed    0.01 sec
        Start 226: PreferredTransportConnectorTest.CachesNetworkQuicFailureUntilNetworkChanges
226/667 Test #226: PreferredTransportConnectorTest.CachesNetworkQuicFailureUntilNetworkChanges ............................   Passed    0.02 sec
        Start 227: ExtractJsonStringFieldTest.ReadsIdentityTokenFromVerifyResponse
227/667 Test #227: ExtractJsonStringFieldTest.ReadsIdentityTokenFromVerifyResponse ........................................   Passed    0.01 sec
        Start 228: ExtractJsonStringFieldTest.ReadsAdmissionGrantFromNestedAdmitObject
228/667 Test #228: ExtractJsonStringFieldTest.ReadsAdmissionGrantFromNestedAdmitObject ....................................   Passed    0.01 sec
        Start 229: ExtractJsonStringFieldTest.RejectsMalformedValues
229/667 Test #229: ExtractJsonStringFieldTest.RejectsMalformedValues ......................................................   Passed    0.01 sec
        Start 230: ExtractJsonIntFieldTest.ReadsNumbersFromTicketsResponse
230/667 Test #230: ExtractJsonIntFieldTest.ReadsNumbersFromTicketsResponse ................................................   Passed    0.01 sec
        Start 231: TlsTcpClientDialerTest.QuicCandidateIsUnsupportedAndFallbackPermitted
231/667 Test #231: TlsTcpClientDialerTest.QuicCandidateIsUnsupportedAndFallbackPermitted ..................................   Passed    0.01 sec
        Start 232: TlsTcpClientDialerTest.RefusedTlsTcpDialIsNetworkUnreachable
232/667 Test #232: TlsTcpClientDialerTest.RefusedTlsTcpDialIsNetworkUnreachable ...........................................   Passed    0.01 sec
        Start 233: TcpListenerTest.AcceptsANonBlockingLoopbackConnection
233/667 Test #233: TcpListenerTest.AcceptsANonBlockingLoopbackConnection ..................................................   Passed    0.01 sec
        Start 234: TcpListenerTest.AcceptsIpv4ThroughAnIpv6DualStackListener
234/667 Test #234: TcpListenerTest.AcceptsIpv4ThroughAnIpv6DualStackListener ..............................................   Passed    0.01 sec
        Start 235: TcpListenerTest.AcceptDropsConnectionResetBeforeAccept
235/667 Test #235: TcpListenerTest.AcceptDropsConnectionResetBeforeAccept .................................................   Passed    0.23 sec
        Start 236: TcpPlatformTest.IgnoresSigpipeProcessWide
236/667 Test #236: TcpPlatformTest.IgnoresSigpipeProcessWide ..............................................................   Passed    0.01 sec
        Start 237: EventLoopTest.CreatesAPlatformBackend
237/667 Test #237: EventLoopTest.CreatesAPlatformBackend ..................................................................   Passed    0.01 sec
        Start 238: EventLoopTest.ReportsListenerAsReadableWhenClientConnects
238/667 Test #238: EventLoopTest.ReportsListenerAsReadableWhenClientConnects ..............................................   Passed    0.01 sec
        Start 239: EventLoopTest.StopsReportingAfterRemove
239/667 Test #239: EventLoopTest.StopsReportingAfterRemove ................................................................   Passed    0.11 sec
        Start 240: EventLoopTest.ReportsPeerClosedWhenThePeerStopsWriting
240/667 Test #240: EventLoopTest.ReportsPeerClosedWhenThePeerStopsWriting .................................................   Passed    0.01 sec
        Start 241: EventLoopTest.ReportsWritableOnlyWhileWriteInterestIsRegistered
241/667 Test #241: EventLoopTest.ReportsWritableOnlyWhileWriteInterestIsRegistered ........................................   Passed    0.11 sec
        Start 242: TransportProtocolTest.UsesStablePublicWireNamesAndValues
242/667 Test #242: TransportProtocolTest.UsesStablePublicWireNamesAndValues ...............................................   Passed    0.01 sec
        Start 243: TransportFactoryTest.CreatesOnlyEnabledSecureTransports
243/667 Test #243: TransportFactoryTest.CreatesOnlyEnabledSecureTransports ................................................   Passed    0.02 sec
        Start 244: TransportFactoryTest.RejectsDuplicateEnabledNames
244/667 Test #244: TransportFactoryTest.RejectsDuplicateEnabledNames ......................................................   Passed    0.02 sec
        Start 245: TransportFactoryTest.RejectsSecureTransportWithoutServerIdentity
245/667 Test #245: TransportFactoryTest.RejectsSecureTransportWithoutServerIdentity .......................................   Passed    0.01 sec
        Start 246: TransportFactoryTest.RejectsEmptyTlsAlpn
246/667 Test #246: TransportFactoryTest.RejectsEmptyTlsAlpn ...............................................................   Passed    0.01 sec
        Start 247: TransportFactoryTest.ServesOnlyTlsFallbackWithoutQuicCapability
247/667 Test #247: TransportFactoryTest.ServesOnlyTlsFallbackWithoutQuicCapability ........................................   Passed    0.02 sec
        Start 248: TransportCapabilitiesTest.AlwaysServesSecureTlsTcp
248/667 Test #248: TransportCapabilitiesTest.AlwaysServesSecureTlsTcp .....................................................   Passed    0.01 sec
        Start 249: TlsTcpTransportTest.NegotiatesTls13AndAlpnBeforeExchangingFrames
249/667 Test #249: TlsTcpTransportTest.NegotiatesTls13AndAlpnBeforeExchangingFrames .......................................   Passed    0.02 sec
        Start 250: TlsTcpTransportTest.DoesNotOpenASessionWithoutRequiredAlpn
250/667 Test #250: TlsTcpTransportTest.DoesNotOpenASessionWithoutRequiredAlpn .............................................   Passed    1.13 sec
        Start 251: TlsTcpTransportTest.WritingToAResetPeerFailsWithoutTerminatingProcess
251/667 Test #251: TlsTcpTransportTest.WritingToAResetPeerFailsWithoutTerminatingProcess ..................................   Passed    0.05 sec
        Start 252: TlsTcpTransportTest.ClientWritingToAClosedServerFailsWithoutTerminatingProcess
252/667 Test #252: TlsTcpTransportTest.ClientWritingToAClosedServerFailsWithoutTerminatingProcess .........................   Passed    0.04 sec
        Start 253: TlsTcpTransportTest.ClientReadIgnoresOpenSslErrorsLeftByAnotherConnection
253/667 Test #253: TlsTcpTransportTest.ClientReadIgnoresOpenSslErrorsLeftByAnotherConnection ..............................   Passed    0.13 sec
        Start 254: TlsTcpTransportTest.ServerIgnoresOpenSslErrorsLeftByAnotherConnection
254/667 Test #254: TlsTcpTransportTest.ServerIgnoresOpenSslErrorsLeftByAnotherConnection ..................................   Passed    0.14 sec
        Start 255: Http1ParserTest.ParsesSimpleGetRequest
255/667 Test #255: Http1ParserTest.ParsesSimpleGetRequest .................................................................   Passed    0.01 sec
        Start 256: Http1ParserTest.ParsesPostRequestWithBody
256/667 Test #256: Http1ParserTest.ParsesPostRequestWithBody ..............................................................   Passed    0.01 sec
        Start 257: Http1ParserTest.AssemblesARequestFedByteByByte
257/667 Test #257: Http1ParserTest.AssemblesARequestFedByteByByte .........................................................   Passed    0.01 sec
        Start 258: Http1ParserTest.ProducesTheSameRequestAcrossChunkBoundaries
258/667 Test #258: Http1ParserTest.ProducesTheSameRequestAcrossChunkBoundaries ............................................   Passed    0.01 sec
        Start 259: Http1ParserTest.ParsesPipelinedRequestsSequentially
259/667 Test #259: Http1ParserTest.ParsesPipelinedRequestsSequentially ....................................................   Passed    0.01 sec
        Start 260: Http1ParserTest.NormalizesHeaderNamesToLowercaseForLookup
260/667 Test #260: Http1ParserTest.NormalizesHeaderNamesToLowercaseForLookup ..............................................   Passed    0.01 sec
        Start 261: Http1ParserTest.HonorsConnectionClose
261/667 Test #261: Http1ParserTest.HonorsConnectionClose ..................................................................   Passed    0.01 sec
        Start 262: Http1ParserTest.RejectsProtocolViolationsDeterministically
262/667 Test #262: Http1ParserTest.RejectsProtocolViolationsDeterministically .............................................   Passed    0.01 sec
        Start 263: Http1ParserTest.RejectsOversizedBodyBeforeItArrives
263/667 Test #263: Http1ParserTest.RejectsOversizedBodyBeforeItArrives ....................................................   Passed    0.01 sec
        Start 264: Http1ParserTest.RejectsOversizedHeadBlocks
264/667 Test #264: Http1ParserTest.RejectsOversizedHeadBlocks .............................................................   Passed    0.01 sec
        Start 265: Http1ParserTest.ReportsMaxInputBound
265/667 Test #265: Http1ParserTest.ReportsMaxInputBound ...................................................................   Passed    0.01 sec
        Start 266: Http1ParserTest.ParsesCoDeliveredHeadAndLargeBody
266/667 Test #266: Http1ParserTest.ParsesCoDeliveredHeadAndLargeBody ......................................................   Passed    0.01 sec
        Start 267: Http1ParserTest.AfterRejectionSubsequentBytesProduceNoSecondRequest
267/667 Test #267: Http1ParserTest.AfterRejectionSubsequentBytesProduceNoSecondRequest ....................................   Passed    0.01 sec
        Start 268: Http1ResponseTest.SerializesStatusHeadersAndBody
268/667 Test #268: Http1ResponseTest.SerializesStatusHeadersAndBody .......................................................   Passed    0.01 sec
        Start 269: Http1ResponseTest.WritesCloseAndEmptyBody
269/667 Test #269: Http1ResponseTest.WritesCloseAndEmptyBody ..............................................................   Passed    0.01 sec
        Start 270: Http1ResponseTest.UsesReasonPhraseTable
270/667 Test #270: Http1ResponseTest.UsesReasonPhraseTable ................................................................   Passed    0.01 sec
        Start 271: Http1ResponseParserTest.ParsesOkResponseWithBody
271/667 Test #271: Http1ResponseParserTest.ParsesOkResponseWithBody .......................................................   Passed    0.01 sec
        Start 272: Http1ResponseParserTest.ParsesStatusOnlyResponseWithReason
272/667 Test #272: Http1ResponseParserTest.ParsesStatusOnlyResponseWithReason .............................................   Passed    0.01 sec
        Start 273: Http1ResponseParserTest.AssemblesAResponseFedByteByByte
273/667 Test #273: Http1ResponseParserTest.AssemblesAResponseFedByteByByte ................................................   Passed    0.01 sec
        Start 274: Http1ResponseParserTest.TreatsMissingContentLengthAsEmptyBody
274/667 Test #274: Http1ResponseParserTest.TreatsMissingContentLengthAsEmptyBody ..........................................   Passed    0.01 sec
        Start 275: Http1ResponseParserTest.LeavesPipelinedRemainderInBuffer
275/667 Test #275: Http1ResponseParserTest.LeavesPipelinedRemainderInBuffer ...............................................   Passed    0.01 sec
        Start 276: Http1ResponseParserTest.RejectsTransferEncoding
276/667 Test #276: Http1ResponseParserTest.RejectsTransferEncoding ........................................................   Passed    0.01 sec
        Start 277: Http1ResponseParserTest.RejectsDuplicateContentLength
277/667 Test #277: Http1ResponseParserTest.RejectsDuplicateContentLength ..................................................   Passed    0.01 sec
        Start 278: Http1ResponseParserTest.RejectsBodyBeyondLimit
278/667 Test #278: Http1ResponseParserTest.RejectsBodyBeyondLimit .........................................................   Passed    0.01 sec
        Start 279: Http1ResponseParserTest.RejectsHeadBeyondLimit
279/667 Test #279: Http1ResponseParserTest.RejectsHeadBeyondLimit .........................................................   Passed    0.01 sec
        Start 280: Http1ResponseParserTest.HoldsBodyUntilContentLengthSatisfied
280/667 Test #280: Http1ResponseParserTest.HoldsBodyUntilContentLengthSatisfied ...........................................   Passed    0.01 sec
        Start 281: Http1ResponseParserTest.SlowDripHeadStillHitsSizeLimit
281/667 Test #281: Http1ResponseParserTest.SlowDripHeadStillHitsSizeLimit .................................................   Passed    0.01 sec
        Start 282: Http1ResponseParserTest.RejectsHttp10Response
282/667 Test #282: Http1ResponseParserTest.RejectsHttp10Response ..........................................................   Passed    0.01 sec
        Start 283: Http1ResponseParserTest.RejectsGarbageStatusLine
283/667 Test #283: Http1ResponseParserTest.RejectsGarbageStatusLine .......................................................   Passed    0.01 sec
        Start 284: Http1ResponseParserTest.HeaderLookupIsCaseInsensitiveOnStruct
284/667 Test #284: Http1ResponseParserTest.HeaderLookupIsCaseInsensitiveOnStruct ..........................................   Passed    0.01 sec
        Start 285: HttpServerTest.ServesKeepAliveRequestsOverTls13WithAlpn
285/667 Test #285: HttpServerTest.ServesKeepAliveRequestsOverTls13WithAlpn ................................................   Passed    0.03 sec
        Start 286: HttpServerTest.RejectsUnsupportedVersionThenCloses
286/667 Test #286: HttpServerTest.RejectsUnsupportedVersionThenCloses .....................................................   Passed    0.03 sec
        Start 287: HttpServerTest.HonorsClientRequestedClose
287/667 Test #287: HttpServerTest.HonorsClientRequestedClose ..............................................................   Passed    0.03 sec
        Start 288: HttpServerTest.DeferredResponseHoldsPipelinedRequestsUntilCompleted
288/667 Test #288: HttpServerTest.DeferredResponseHoldsPipelinedRequestsUntilCompleted ....................................   Passed    0.19 sec
        Start 289: HttpServerTest.CompletingAfterConnectionClosedReturnsFalse
289/667 Test #289: HttpServerTest.CompletingAfterConnectionClosedReturnsFalse .............................................   Passed    0.14 sec
        Start 290: HttpServerTest.DeferredResponseSurvivesClientHalfClose
290/667 Test #290: HttpServerTest.DeferredResponseSurvivesClientHalfClose .................................................   Passed    0.19 sec
        Start 291: HttpServerTest.DeferringHandlerMayAnswerImmediately
291/667 Test #291: HttpServerTest.DeferringHandlerMayAnswerImmediately ....................................................   Passed    0.05 sec
        Start 292: QuicTransportTest.ExchangesAFramedMessageOverOneVerifiedStream
292/667 Test #292: QuicTransportTest.ExchangesAFramedMessageOverOneVerifiedStream .........................................   Passed    0.06 sec
        Start 293: AccountStoreTest.AuthenticatesValidAccountWithDerivedId
293/667 Test #293: AccountStoreTest.AuthenticatesValidAccountWithDerivedId ................................................   Passed    0.01 sec
        Start 294: AccountStoreTest.HonorsPinnedAccountId
294/667 Test #294: AccountStoreTest.HonorsPinnedAccountId .................................................................   Passed    0.01 sec
        Start 295: AccountStoreTest.WrongCredentialReturnsNothing
295/667 Test #295: AccountStoreTest.WrongCredentialReturnsNothing .........................................................   Passed    0.01 sec
        Start 296: AccountStoreTest.UnknownAccountReturnsNothing
296/667 Test #296: AccountStoreTest.UnknownAccountReturnsNothing ..........................................................   Passed    0.01 sec
        Start 297: AccountStoreTest.ExposesBannedFlag
297/667 Test #297: AccountStoreTest.ExposesBannedFlag .....................................................................   Passed    0.01 sec
        Start 298: AccountStoreTest.ExposesWhitelistFlags
298/667 Test #298: AccountStoreTest.ExposesWhitelistFlags .................................................................   Passed    0.01 sec
        Start 299: AccountStoreTest.LoadsEmptyAccountsTable
299/667 Test #299: AccountStoreTest.LoadsEmptyAccountsTable ...............................................................   Passed    0.01 sec
        Start 300: AccountStoreTest.RejectsDuplicateAccountName
300/667 Test #300: AccountStoreTest.RejectsDuplicateAccountName ...........................................................   Passed    0.01 sec
        Start 301: AccountStoreTest.RejectsDuplicateAccountId
301/667 Test #301: AccountStoreTest.RejectsDuplicateAccountId .............................................................   Passed    0.01 sec
        Start 302: AccountStoreTest.RejectsMissingCredentialField
302/667 Test #302: AccountStoreTest.RejectsMissingCredentialField .........................................................   Passed    0.01 sec
        Start 303: AccountStoreTest.RejectsNonStringCredential
303/667 Test #303: AccountStoreTest.RejectsNonStringCredential ............................................................   Passed    0.01 sec
        Start 304: AccountStoreTest.RejectsNonPositiveAccountId
304/667 Test #304: AccountStoreTest.RejectsNonPositiveAccountId ...........................................................   Passed    0.01 sec
        Start 305: AccountStoreTest.RejectsMissingFile
305/667 Test #305: AccountStoreTest.RejectsMissingFile ....................................................................   Passed    0.01 sec
        Start 306: AccountStoreTest.RejectsRootWithoutAccountsTable
306/667 Test #306: AccountStoreTest.RejectsRootWithoutAccountsTable .......................................................   Passed    0.01 sec
        Start 307: PlayerDataStoreTest.PersistsAccountAndSelectedCharacterAcrossReconnect
307/667 Test #307: PlayerDataStoreTest.PersistsAccountAndSelectedCharacterAcrossReconnect .................................   Passed    2.29 sec
        Start 308: PlayerDataStoreTest.CommittedAccessUpdatesAreVisibleToOtherStores
308/667 Test #308: PlayerDataStoreTest.CommittedAccessUpdatesAreVisibleToOtherStores ......................................   Passed    2.31 sec
        Start 309: PlayerDataStoreTest.PreservesFullUnsignedDomainIds
309/667 Test #309: PlayerDataStoreTest.PreservesFullUnsignedDomainIds .....................................................   Passed    1.79 sec
        Start 310: PlayerDataStoreTest.RejectsSelectingCharacterOwnedByAnotherAccount
310/667 Test #310: PlayerDataStoreTest.RejectsSelectingCharacterOwnedByAnotherAccount .....................................   Passed    1.79 sec
        Start 311: PlayerDataStoreTest.BootstrapsLegacyConfigOnlyWhenDatabaseIsEmpty
311/667 Test #311: PlayerDataStoreTest.BootstrapsLegacyConfigOnlyWhenDatabaseIsEmpty ......................................   Passed    1.86 sec
        Start 312: PlayerDataStoreTest.AnyProcessOpeningAnEmptyDatabaseRunsTheBootstrap
312/667 Test #312: PlayerDataStoreTest.AnyProcessOpeningAnEmptyDatabaseRunsTheBootstrap ...................................   Passed    2.22 sec
        Start 313: PlayerDataStoreTest.PopulatedDatabaseSkipsBootstrapWithoutReadingTheFile
313/667 Test #313: PlayerDataStoreTest.PopulatedDatabaseSkipsBootstrapWithoutReadingTheFile ...............................   Passed    2.29 sec
        Start 314: PlayerDataStoreTest.CredentialHashCostIsRecordedInTheStoredHash
314/667 Test #314: PlayerDataStoreTest.CredentialHashCostIsRecordedInTheStoredHash ........................................   Passed    2.96 sec
        Start 315: PlayerDataStoreTest.RejectsReassigningCharacterOwnership
315/667 Test #315: PlayerDataStoreTest.RejectsReassigningCharacterOwnership ...............................................   Passed    2.28 sec
        Start 316: PlayerDataStoreTest.RejectsAccountNameTakenByAnotherId
316/667 Test #316: PlayerDataStoreTest.RejectsAccountNameTakenByAnotherId .................................................   Passed    1.78 sec
        Start 317: PlayerDataStoreTest.ReprovisioningAccountKeepsSelectedCharacter
317/667 Test #317: PlayerDataStoreTest.ReprovisioningAccountKeepsSelectedCharacter ........................................   Passed    1.82 sec
        Start 318: PlayerDataStoreTest.ConcurrentFirstStartsImportTheBootstrapOnce
318/667 Test #318: PlayerDataStoreTest.ConcurrentFirstStartsImportTheBootstrapOnce ........................................   Passed    3.27 sec
        Start 319: PlayerDataStoreTest.AccountWithoutCharactersIsEligible
319/667 Test #319: PlayerDataStoreTest.AccountWithoutCharactersIsEligible .................................................   Passed    2.32 sec
        Start 320: PlayerDataStoreTest.CreatedCharacterStartsAtZeroAndIsListedInOrder
320/667 Test #320: PlayerDataStoreTest.CreatedCharacterStartsAtZeroAndIsListedInOrder .....................................   Passed    2.28 sec
        Start 321: PlayerDataStoreTest.CharacterNamesAreUniquePerRealm
321/667 Test #321: PlayerDataStoreTest.CharacterNamesAreUniquePerRealm ....................................................   Passed    2.81 sec
        Start 322: PlayerDataStoreTest.CharacterCountIsLimitedPerAccountAndRealm
322/667 Test #322: PlayerDataStoreTest.CharacterCountIsLimitedPerAccountAndRealm ..........................................   Passed    2.34 sec
        Start 323: PlayerDataStoreTest.ConcurrentCreatesNeverExceedTheLimit
323/667 Test #323: PlayerDataStoreTest.ConcurrentCreatesNeverExceedTheLimit ...............................................   Passed    2.20 sec
        Start 324: PlayerDataStoreTest.ConcurrentSameNameCreatesHaveOneWinner
324/667 Test #324: PlayerDataStoreTest.ConcurrentSameNameCreatesHaveOneWinner .............................................   Passed    3.78 sec
        Start 325: PlayerDataStoreTest.ChoosingVerifiesOwnershipAndRecordsLastSelected
325/667 Test #325: PlayerDataStoreTest.ChoosingVerifiesOwnershipAndRecordsLastSelected ....................................   Passed    2.75 sec
        Start 326: PlayerDataStoreTest.TrainingWriteIsConditionalOnThePreviousSeq
326/667 Test #326: PlayerDataStoreTest.TrainingWriteIsConditionalOnThePreviousSeq .........................................   Passed    2.85 sec
        Start 327: PlayerDataStoreTest.MigratesSchemaOneCharacters
327/667 Test #327: PlayerDataStoreTest.MigratesSchemaOneCharacters ........................................................   Passed    2.69 sec
        Start 328: PlayerDataStoreTest.RefusesSchemaNewerThanThisBinary
328/667 Test #328: PlayerDataStoreTest.RefusesSchemaNewerThanThisBinary ...................................................   Passed    2.68 sec
        Start 329: PlayerDataStoreTest.UnreachableDeploymentFailsWithinServerSelectionTimeout
329/667 Test #329: PlayerDataStoreTest.UnreachableDeploymentFailsWithinServerSelectionTimeout .............................   Passed    1.49 sec
        Start 330: PlayerDataStoreTest.RejectsTimeoutsEmbeddedInTheUri
330/667 Test #330: PlayerDataStoreTest.RejectsTimeoutsEmbeddedInTheUri ....................................................   Passed    1.26 sec
        Start 331: AdmissionGrantTest.RoundTripsStrictDeploymentBoundSchema
331/667 Test #331: AdmissionGrantTest.RoundTripsStrictDeploymentBoundSchema ...............................................   Passed    0.01 sec
        Start 332: AdmissionGrantTest.CapsExpiryAtBoundIdentityExpiry
332/667 Test #332: AdmissionGrantTest.CapsExpiryAtBoundIdentityExpiry .....................................................   Passed    0.01 sec
        Start 333: AdmissionGrantTest.RejectsWrongDeploymentIssuerBindingAndUnknownKid
333/667 Test #333: AdmissionGrantTest.RejectsWrongDeploymentIssuerBindingAndUnknownKid ....................................   Passed    0.01 sec
        Start 334: AdmissionGrantTest.RejectsStrictSchemaAndTimeWindowViolations
334/667 Test #334: AdmissionGrantTest.RejectsStrictSchemaAndTimeWindowViolations ..........................................   Passed    0.01 sec
        Start 335: AdmissionGrantTest.AcceptsConfiguredRotationOverlap
335/667 Test #335: AdmissionGrantTest.AcceptsConfiguredRotationOverlap ....................................................   Passed    0.01 sec
        Start 336: AdmissionGrantTest.RejectsExpiredFutureAndMalformedTokens
336/667 Test #336: AdmissionGrantTest.RejectsExpiredFutureAndMalformedTokens ..............................................   Passed    0.01 sec
        Start 337: AdmissionGrantTest.QueueNumberCannotValidateAsGrant
337/667 Test #337: AdmissionGrantTest.QueueNumberCannotValidateAsGrant ....................................................   Passed    0.01 sec
        Start 338: AdmissionGrantTest.GrantCannotValidateAsQueueNumberEvenWithSharedKey
338/667 Test #338: AdmissionGrantTest.GrantCannotValidateAsQueueNumberEvenWithSharedKey ...................................   Passed    0.01 sec
        Start 339: AdmissionGrantTest.RejectsUnsafePolicyRingAndTimes
339/667 Test #339: AdmissionGrantTest.RejectsUnsafePolicyRingAndTimes .....................................................   Passed    0.01 sec
        Start 340: AdmissionSecurityConfigTest.AcceptsSeparatedRolesAndRotationRings
340/667 Test #340: AdmissionSecurityConfigTest.AcceptsSeparatedRolesAndRotationRings ......................................   Passed    0.01 sec
        Start 341: AdmissionSecurityConfigTest.RejectsMissingActiveSigningRole
341/667 Test #341: AdmissionSecurityConfigTest.RejectsMissingActiveSigningRole ............................................   Passed    0.01 sec
        Start 342: AdmissionSecurityConfigTest.RejectsDuplicateAndUnknownActiveKeys
342/667 Test #342: AdmissionSecurityConfigTest.RejectsDuplicateAndUnknownActiveKeys .......................................   Passed    0.01 sec
        Start 343: AdmissionSecurityConfigTest.RejectsRoleConfusedKidOrSigningMaterial
343/667 Test #343: AdmissionSecurityConfigTest.RejectsRoleConfusedKidOrSigningMaterial ....................................   Passed    0.01 sec
        Start 344: AdmissionSecurityConfigTest.RejectsUnsafeBoundsAndIdentifiers
344/667 Test #344: AdmissionSecurityConfigTest.RejectsUnsafeBoundsAndIdentifiers ..........................................   Passed    0.01 sec
        Start 345: AdmissionSecurityConfigTest.ParsesPublicKeysStrictly
345/667 Test #345: AdmissionSecurityConfigTest.ParsesPublicKeysStrictly ...................................................   Passed    0.01 sec
        Start 346: Base64UrlTest.EncodesRfc4648TestVectorsWithoutPadding
346/667 Test #346: Base64UrlTest.EncodesRfc4648TestVectorsWithoutPadding ..................................................   Passed    0.01 sec
        Start 347: Base64UrlTest.DecodesRfc4648TestVectors
347/667 Test #347: Base64UrlTest.DecodesRfc4648TestVectors ................................................................   Passed    0.01 sec
        Start 348: Base64UrlTest.RoundTripsEveryLength
348/667 Test #348: Base64UrlTest.RoundTripsEveryLength ....................................................................   Passed    0.01 sec
        Start 349: Base64UrlTest.RejectsPaddingWhitespaceAndNonAlphabetCharacters
349/667 Test #349: Base64UrlTest.RejectsPaddingWhitespaceAndNonAlphabetCharacters .........................................   Passed    0.01 sec
        Start 350: Base64UrlTest.RejectsImpossibleLengths
350/667 Test #350: Base64UrlTest.RejectsImpossibleLengths .................................................................   Passed    0.01 sec
        Start 351: Base64UrlTest.RejectsNonCanonicalRemainderBits
351/667 Test #351: Base64UrlTest.RejectsNonCanonicalRemainderBits .........................................................   Passed    0.01 sec
        Start 352: CompactJwsTest.EncodeProducesCompactThreeSegments
352/667 Test #352: CompactJwsTest.EncodeProducesCompactThreeSegments ......................................................   Passed    0.01 sec
        Start 353: CompactJwsTest.DecodeRoundTripsVerifiedPayload
353/667 Test #353: CompactJwsTest.DecodeRoundTripsVerifiedPayload .........................................................   Passed    0.01 sec
        Start 354: CompactJwsTest.CurrentDecodeAcceptsTokenOverFourKiB
354/667 Test #354: CompactJwsTest.CurrentDecodeAcceptsTokenOverFourKiB ....................................................   Passed    0.01 sec
        Start 355: CompactJwsTest.CurrentDecodeRejectsVerifiedPayloadAboveJsonLimit
355/667 Test #355: CompactJwsTest.CurrentDecodeRejectsVerifiedPayloadAboveJsonLimit .......................................   Passed    0.01 sec
        Start 356: CompactJwsTest.DecodeRejectsWrongKid
356/667 Test #356: CompactJwsTest.DecodeRejectsWrongKid ...................................................................   Passed    0.01 sec
        Start 357: CompactJwsTest.DecodeRejectsTamperedPayload
357/667 Test #357: CompactJwsTest.DecodeRejectsTamperedPayload ............................................................   Passed    0.01 sec
        Start 358: CompactJwsTest.DecodeRejectsForeignKey
358/667 Test #358: CompactJwsTest.DecodeRejectsForeignKey .................................................................   Passed    0.01 sec
        Start 359: CompactJwsTest.DecodeRejectsMalformedSegmentCount
359/667 Test #359: CompactJwsTest.DecodeRejectsMalformedSegmentCount ......................................................   Passed    0.01 sec
        Start 360: CompactJwsTest.DecodeRejectsHeaderSchemaViolations
360/667 Test #360: CompactJwsTest.DecodeRejectsHeaderSchemaViolations .....................................................   Passed    0.01 sec
        Start 361: CompactJwsTest.ClockLeewayIsSharedConstant
361/667 Test #361: CompactJwsTest.ClockLeewayIsSharedConstant .............................................................   Passed    0.01 sec
        Start 362: CompactJwsTest.ParseSeedRejectsBadHex
362/667 Test #362: CompactJwsTest.ParseSeedRejectsBadHex ..................................................................   Passed    0.01 sec
        Start 363: EdgeAttachProtocolTest.AttachRoundTripsTokens
363/667 Test #363: EdgeAttachProtocolTest.AttachRoundTripsTokens ..........................................................   Passed    0.01 sec
        Start 364: EdgeAttachProtocolTest.AttachAcceptedRoundTripsAccountId
364/667 Test #364: EdgeAttachProtocolTest.AttachAcceptedRoundTripsAccountId ...............................................   Passed    0.01 sec
        Start 365: EdgeAttachProtocolTest.AttachErrorCodesFollowSpec
365/667 Test #365: EdgeAttachProtocolTest.AttachErrorCodesFollowSpec ......................................................   Passed    0.01 sec
        Start 366: EdgeAttachProtocolTest.EnterRealmRoundTripsTicket
366/667 Test #366: EdgeAttachProtocolTest.EnterRealmRoundTripsTicket ......................................................   Passed    0.01 sec
        Start 367: EdgeAttachProtocolTest.EnterRealmAcceptedRoundTripsAccountId
367/667 Test #367: EdgeAttachProtocolTest.EnterRealmAcceptedRoundTripsAccountId ...........................................   Passed    0.01 sec
        Start 368: EdgeAttachProtocolTest.EnterRealmGrantedRoundTripsTicketAndEndpoint
368/667 Test #368: EdgeAttachProtocolTest.EnterRealmGrantedRoundTripsTicketAndEndpoint ....................................   Passed    0.01 sec
        Start 369: RealmProtocolTest.ListCharactersCarriesIdAndRequestId
369/667 Test #369: RealmProtocolTest.ListCharactersCarriesIdAndRequestId ..................................................   Passed    0.01 sec
        Start 370: RealmProtocolTest.CharacterListRoundTripsItemsAndLastSelected
370/667 Test #370: RealmProtocolTest.CharacterListRoundTripsItemsAndLastSelected ..........................................   Passed    0.01 sec
        Start 371: RealmProtocolTest.TrainResultRoundTripsReplayedFlag
371/667 Test #371: RealmProtocolTest.TrainResultRoundTripsReplayedFlag ....................................................   Passed    0.01 sec
        Start 372: RealmProtocolTest.DisplacedIsAServerPush
372/667 Test #372: RealmProtocolTest.DisplacedIsAServerPush ...............................................................   Passed    0.01 sec
        Start 373: RealmProtocolTest.EdgeAndRealmIdsDoNotOverlap
373/667 Test #373: RealmProtocolTest.EdgeAndRealmIdsDoNotOverlap ..........................................................   Passed    0.01 sec
        Start 374: RealmProtocolTest.DecodeRejectsWrongMessageId
374/667 Test #374: RealmProtocolTest.DecodeRejectsWrongMessageId ..........................................................   Passed    0.01 sec
        Start 375: RealmProtocolTest.ErrorCodesFollowSpec
375/667 Test #375: RealmProtocolTest.ErrorCodesFollowSpec .................................................................   Passed    0.01 sec
        Start 376: IdentityReplayGuardTest.ConsumesOnceAndRejectsReplay
376/667 Test #376: IdentityReplayGuardTest.ConsumesOnceAndRejectsReplay ...................................................   Passed    0.01 sec
        Start 377: IdentityReplayGuardTest.DistinctJtiAreIndependent
377/667 Test #377: IdentityReplayGuardTest.DistinctJtiAreIndependent ......................................................   Passed    0.01 sec
        Start 378: IdentityReplayGuardTest.ExpiredEntriesAreEvictedNotReplayed
378/667 Test #378: IdentityReplayGuardTest.ExpiredEntriesAreEvictedNotReplayed ............................................   Passed    0.01 sec
        Start 379: IdentityReplayGuardTest.ReplayWithinLeewayAfterExpiryIsRejected
379/667 Test #379: IdentityReplayGuardTest.ReplayWithinLeewayAfterExpiryIsRejected ........................................   Passed    0.01 sec
        Start 380: IdentityReplayGuardTest.ReplayAtExactLeewayBoundaryIsRejected
380/667 Test #380: IdentityReplayGuardTest.ReplayAtExactLeewayBoundaryIsRejected ..........................................   Passed    0.01 sec
        Start 381: IdentityTokenTest.IssuesDeterministicCompactJwsWithControlledHeader
381/667 Test #381: IdentityTokenTest.IssuesDeterministicCompactJwsWithControlledHeader ....................................   Passed    0.01 sec
        Start 382: IdentityTokenTest.RoundTripsClaimsThroughValidate
382/667 Test #382: IdentityTokenTest.RoundTripsClaimsThroughValidate ......................................................   Passed    0.01 sec
        Start 383: IdentityTokenTest.AcceptsInteropFixturesFromNodeAndPyjwt
383/667 Test #383: IdentityTokenTest.AcceptsInteropFixturesFromNodeAndPyjwt ...............................................   Passed    0.01 sec
        Start 384: IdentityTokenTest.RejectsTamperedInteropFixtures
384/667 Test #384: IdentityTokenTest.RejectsTamperedInteropFixtures .......................................................   Passed    0.01 sec
        Start 385: IdentityTokenTest.RejectsAnyTamperedSegment
385/667 Test #385: IdentityTokenTest.RejectsAnyTamperedSegment ............................................................   Passed    0.01 sec
        Start 386: IdentityTokenTest.RejectsStructuralGarbage
386/667 Test #386: IdentityTokenTest.RejectsStructuralGarbage .............................................................   Passed    0.01 sec
        Start 387: IdentityTokenTest.RejectsWrongExpectedIssuer
387/667 Test #387: IdentityTokenTest.RejectsWrongExpectedIssuer ...........................................................   Passed    0.01 sec
        Start 388: IdentityTokenTest.RejectsForeignAlgorithmTypAndUnsignedTokens
388/667 Test #388: IdentityTokenTest.RejectsForeignAlgorithmTypAndUnsignedTokens ..........................................   Passed    0.01 sec
        Start 389: IdentityTokenTest.RejectsPinnedAudienceAndPurpose
389/667 Test #389: IdentityTokenTest.RejectsPinnedAudienceAndPurpose ......................................................   Passed    0.01 sec
        Start 390: IdentityTokenTest.RejectsForeignKid
390/667 Test #390: IdentityTokenTest.RejectsForeignKid ....................................................................   Passed    0.01 sec
        Start 391: IdentityTokenTest.RejectsMalformedSub
391/667 Test #391: IdentityTokenTest.RejectsMalformedSub ..................................................................   Passed    0.01 sec
        Start 392: IdentityTokenTest.EnforcesLowercaseHexJti
392/667 Test #392: IdentityTokenTest.EnforcesLowercaseHexJti ..............................................................   Passed    0.01 sec
        Start 393: IdentityTokenTest.RejectsExactKeySetViolations
393/667 Test #393: IdentityTokenTest.RejectsExactKeySetViolations .........................................................   Passed    0.01 sec
        Start 394: IdentityTokenTest.RejectsTokenSignedByDifferentKey
394/667 Test #394: IdentityTokenTest.RejectsTokenSignedByDifferentKey .....................................................   Passed    0.01 sec
        Start 395: IdentityTokenTest.EnforcesExpiryLeewayBoundary
395/667 Test #395: IdentityTokenTest.EnforcesExpiryLeewayBoundary .........................................................   Passed    0.01 sec
        Start 396: IdentityTokenTest.EnforcesIssuedAtLeewayBoundary
396/667 Test #396: IdentityTokenTest.EnforcesIssuedAtLeewayBoundary .......................................................   Passed    0.01 sec
        Start 397: IdentityTokenTest.JwksMatchesOkpShapeWithRfc8037VectorKey
397/667 Test #397: IdentityTokenTest.JwksMatchesOkpShapeWithRfc8037VectorKey ..............................................   Passed    0.01 sec
        Start 398: IdentityTokenTest.ParsesSeedHexStrictly
398/667 Test #398: IdentityTokenTest.ParsesSeedHexStrictly ................................................................   Passed    0.01 sec
        Start 399: JsonCodecTest.EncodesSortedKeysInCompactForm
399/667 Test #399: JsonCodecTest.EncodesSortedKeysInCompactForm ...........................................................   Passed    0.01 sec
        Start 400: JsonCodecTest.EncodesEmptyObject
400/667 Test #400: JsonCodecTest.EncodesEmptyObject .......................................................................   Passed    0.01 sec
        Start 401: JsonCodecTest.EscapesQuotesBackslashesAndControlCharacters
401/667 Test #401: JsonCodecTest.EscapesQuotesBackslashesAndControlCharacters .............................................   Passed    0.01 sec
        Start 402: JsonCodecTest.PassesUtf8ThroughUntouched
402/667 Test #402: JsonCodecTest.PassesUtf8ThroughUntouched ...............................................................   Passed    0.01 sec
        Start 403: JsonCodecTest.RoundTripsClaimsShape
403/667 Test #403: JsonCodecTest.RoundTripsClaimsShape ....................................................................   Passed    0.01 sec
        Start 404: JsonCodecTest.RoundTripsInt64Boundary
404/667 Test #404: JsonCodecTest.RoundTripsInt64Boundary ..................................................................   Passed    0.01 sec
        Start 405: JsonCodecTest.DecodesEmptyObject
405/667 Test #405: JsonCodecTest.DecodesEmptyObject .......................................................................   Passed    0.01 sec
        Start 406: JsonCodecTest.DecodesToleratesWhitespaceBetweenTokens
406/667 Test #406: JsonCodecTest.DecodesToleratesWhitespaceBetweenTokens ..................................................   Passed    0.01 sec
        Start 407: JsonCodecTest.DecodesEscapesItEmits
407/667 Test #407: JsonCodecTest.DecodesEscapesItEmits ....................................................................   Passed    0.01 sec
        Start 408: JsonCodecTest.RejectsNonObjectRoots
408/667 Test #408: JsonCodecTest.RejectsNonObjectRoots ....................................................................   Passed    0.01 sec
        Start 409: JsonCodecTest.RejectsNestedContainersAndNullValues
409/667 Test #409: JsonCodecTest.RejectsNestedContainersAndNullValues .....................................................   Passed    0.01 sec
        Start 410: JsonCodecTest.RejectsFloatsAndMalformedNumbers
410/667 Test #410: JsonCodecTest.RejectsFloatsAndMalformedNumbers .........................................................   Passed    0.01 sec
        Start 411: JsonCodecTest.RejectsDuplicateKeys
411/667 Test #411: JsonCodecTest.RejectsDuplicateKeys .....................................................................   Passed    0.01 sec
        Start 412: JsonCodecTest.RejectsMalformedStrings
412/667 Test #412: JsonCodecTest.RejectsMalformedStrings ..................................................................   Passed    0.01 sec
        Start 413: JsonCodecTest.RejectsTrailingContentAfterObject
413/667 Test #413: JsonCodecTest.RejectsTrailingContentAfterObject ........................................................   Passed    0.01 sec
        Start 414: JsonCodecTest.EnforcesInputSizeBound
414/667 Test #414: JsonCodecTest.EnforcesInputSizeBound ...................................................................   Passed    0.01 sec
        Start 415: LegacyQueueNumberCodecTest.RoundTripsQueuedTicket
415/667 Test #415: LegacyQueueNumberCodecTest.RoundTripsQueuedTicket ......................................................   Passed    0.01 sec
        Start 416: LegacyQueueNumberCodecTest.RoundTripsAdmittedTicket
416/667 Test #416: LegacyQueueNumberCodecTest.RoundTripsAdmittedTicket ....................................................   Passed    0.01 sec
        Start 417: LegacyQueueNumberCodecTest.V1PayloadHasNoIdentityBindingOrContext
417/667 Test #417: LegacyQueueNumberCodecTest.V1PayloadHasNoIdentityBindingOrContext ......................................   Passed    0.01 sec
        Start 418: LegacyQueueNumberCodecTest.AcceptsWithinLeewayAfterExpiry
418/667 Test #418: LegacyQueueNumberCodecTest.AcceptsWithinLeewayAfterExpiry ..............................................   Passed    0.01 sec
        Start 419: LegacyQueueNumberCodecTest.RejectsTokenFromFuture
419/667 Test #419: LegacyQueueNumberCodecTest.RejectsTokenFromFuture ......................................................   Passed    0.01 sec
        Start 420: LegacyQueueNumberCodecTest.RejectsWrongKid
420/667 Test #420: LegacyQueueNumberCodecTest.RejectsWrongKid .............................................................   Passed    0.01 sec
        Start 421: LegacyQueueNumberCodecTest.RejectsZeroNumber
421/667 Test #421: LegacyQueueNumberCodecTest.RejectsZeroNumber ...........................................................   Passed    0.01 sec
        Start 422: LegacyQueueNumberCodecTest.RejectsGarbage
422/667 Test #422: LegacyQueueNumberCodecTest.RejectsGarbage ..............................................................   Passed    0.01 sec
        Start 423: QueueNumberV2CodecTest.RoundTripsStrictIdentityBoundSchema
423/667 Test #423: QueueNumberV2CodecTest.RoundTripsStrictIdentityBoundSchema .............................................   Passed    0.01 sec
        Start 424: QueueNumberV2CodecTest.CapsExpiryAtBoundIdentityExpiry
424/667 Test #424: QueueNumberV2CodecTest.CapsExpiryAtBoundIdentityExpiry .................................................   Passed    0.01 sec
        Start 425: QueueNumberV2CodecTest.RejectsSchemaAudiencePurposeAndBindingChanges
425/667 Test #425: QueueNumberV2CodecTest.RejectsSchemaAudiencePurposeAndBindingChanges ...................................   Passed    0.01 sec
        Start 426: QueueNumberV2CodecTest.SelectsKnownKidAndAcceptsRotationOverlap
426/667 Test #426: QueueNumberV2CodecTest.SelectsKnownKidAndAcceptsRotationOverlap ........................................   Passed    0.01 sec
        Start 427: QueueNumberV2CodecTest.RejectsExpiredFutureAndMalformedTokens
427/667 Test #427: QueueNumberV2CodecTest.RejectsExpiredFutureAndMalformedTokens ..........................................   Passed    0.01 sec
        Start 428: QueueNumberV2CodecTest.RejectsUnsafeConstructionAndIssueInputs
428/667 Test #428: QueueNumberV2CodecTest.RejectsUnsafeConstructionAndIssueInputs .........................................   Passed    0.01 sec
        Start 429: SessionTicketTest.ValidatesPurposeExpiryTamperingAndReplay
429/667 Test #429: SessionTicketTest.ValidatesPurposeExpiryTamperingAndReplay .............................................   Passed    0.01 sec
        Start 430: SessionTicketTest.V2CarriesASignedCorrelationIdAndStillAcceptsV1
430/667 Test #430: SessionTicketTest.V2CarriesASignedCorrelationIdAndStillAcceptsV1 .......................................   Passed    0.01 sec
        Start 431: SessionTicketTest.RedeemsATicketExactlyOnce
431/667 Test #431: SessionTicketTest.RedeemsATicketExactlyOnce ............................................................   Passed    0.01 sec
        Start 432: SessionTicketTest.PurposeMismatchDoesNotBurnTheTicket
432/667 Test #432: SessionTicketTest.PurposeMismatchDoesNotBurnTheTicket ..................................................   Passed    0.01 sec
        Start 433: SessionTicketTest.RetiredPurposeTicketsAreNotRedeemable
433/667 Test #433: SessionTicketTest.RetiredPurposeTicketsAreNotRedeemable ................................................   Passed    0.01 sec
        Start 434: SessionTicketTest.EnterRealmPurposeValueIsPinned
434/667 Test #434: SessionTicketTest.EnterRealmPurposeValueIsPinned .......................................................   Passed    0.01 sec
        Start 435: SessionTicketTest.ExpiredTicketsAreInvalidNotReplayed
435/667 Test #435: SessionTicketTest.ExpiredTicketsAreInvalidNotReplayed ..................................................   Passed    0.01 sec
        Start 436: SessionTicketTest.AcceptsTicketsWithinClockLeeway
436/667 Test #436: SessionTicketTest.AcceptsTicketsWithinClockLeeway ......................................................   Passed    0.01 sec
        Start 437: SessionTicketTest.LeewayDoesNotOpenAReplayWindow
437/667 Test #437: SessionTicketTest.LeewayDoesNotOpenAReplayWindow .......................................................   Passed    0.01 sec
        Start 438: SessionTicketsTest.EnterRealmPurposeRoundTripsAndRejectsWrongPurpose
438/667 Test #438: SessionTicketsTest.EnterRealmPurposeRoundTripsAndRejectsWrongPurpose ...................................   Passed    0.01 sec
        Start 439: EdgeProtocolTest.RoundTripsTheGatewayAndRealmMessages
439/667 Test #439: EdgeProtocolTest.RoundTripsTheGatewayAndRealmMessages ..................................................   Passed    0.01 sec
        Start 440: NewChainFlowTest.AttachesToGatewayAndEntersRealm
440/667 Test #440: NewChainFlowTest.AttachesToGatewayAndEntersRealm .......................................................   Passed    4.04 sec
        Start 441: NewChainFlowTest.RestartKeepsCommittedAdmissionConsumed
441/667 Test #441: NewChainFlowTest.RestartKeepsCommittedAdmissionConsumed ................................................   Passed    4.00 sec
        Start 442: GatewayConfigLoaderTest.LoadsQuicPrimaryAndTlsTcpFallbackFromLua
442/667 Test #442: GatewayConfigLoaderTest.LoadsQuicPrimaryAndTlsTcpFallbackFromLua .......................................   Passed    0.02 sec
        Start 443: LayeredConfigLoaderTest.MergesAuthoritativeGatewayTreeFieldByField
443/667 Test #443: LayeredConfigLoaderTest.MergesAuthoritativeGatewayTreeFieldByField .....................................   Passed    0.02 sec
        Start 444: LayeredConfigLoaderTest.RejectsInvalidFetchRetryTuning
444/667 Test #444: LayeredConfigLoaderTest.RejectsInvalidFetchRetryTuning .................................................   Passed    0.03 sec
        Start 445: LayeredConfigLoaderTest.RejectsZeroHandoffGrace
445/667 Test #445: LayeredConfigLoaderTest.RejectsZeroHandoffGrace ........................................................   Passed    0.02 sec
        Start 446: LayeredConfigLoaderTest.CliOverrideWinsAndNamesTheLogFile
446/667 Test #446: LayeredConfigLoaderTest.CliOverrideWinsAndNamesTheLogFile ..............................................   Passed    0.02 sec
        Start 447: GatewayRuntimeTest.AcceptRespondsAndEstablishesAtomically
447/667 Test #447: GatewayRuntimeTest.AcceptRespondsAndEstablishesAtomically ..............................................   Passed    0.03 sec
        Start 448: GatewayRuntimeTest.EstablishedPeerClosePublishesRealSessionClosed
448/667 Test #448: GatewayRuntimeTest.EstablishedPeerClosePublishesRealSessionClosed ......................................   Passed    0.03 sec
        Start 449: GatewayRuntimeTest.DeclineRejectsAndTerminatesPendingSession
449/667 Test #449: GatewayRuntimeTest.DeclineRejectsAndTerminatesPendingSession ...........................................   Passed    0.03 sec
        Start 450: GatewayRuntimeTest.SendsToPendingSessionsCountAsUnknown
450/667 Test #450: GatewayRuntimeTest.SendsToPendingSessionsCountAsUnknown ................................................   Passed    0.03 sec
        Start 451: GatewayRuntimeTest.CommandsForUnknownSessionsCountAsUnknown
451/667 Test #451: GatewayRuntimeTest.CommandsForUnknownSessionsCountAsUnknown ............................................   Passed    0.02 sec
        Start 452: GatewayRuntimeTest.RejectsCommandsWhileStopped
452/667 Test #452: GatewayRuntimeTest.RejectsCommandsWhileStopped .........................................................   Passed    0.02 sec
        Start 453: EdgeSessionTableTest.SendsOnlyThroughThePrimaryTransport
453/667 Test #453: EdgeSessionTableTest.SendsOnlyThroughThePrimaryTransport ...............................................   Passed    0.01 sec
        Start 454: EdgeSessionTableTest.EstablishMovesPendingToEstablished
454/667 Test #454: EdgeSessionTableTest.EstablishMovesPendingToEstablished ................................................   Passed    0.01 sec
        Start 455: EdgeSessionTableTest.FindResolvesOnlyLiveSessions
455/667 Test #455: EdgeSessionTableTest.FindResolvesOnlyLiveSessions ......................................................   Passed    0.01 sec
        Start 456: EdgeSessionTableTest.CloseNotifiesTransportAndRemovesTheRecord
456/667 Test #456: EdgeSessionTableTest.CloseNotifiesTransportAndRemovesTheRecord .........................................   Passed    0.01 sec
        Start 457: EdgeSessionTableTest.TransportReportedCloseRemovesAndSnapshots
457/667 Test #457: EdgeSessionTableTest.TransportReportedCloseRemovesAndSnapshots .........................................   Passed    0.01 sec
        Start 458: EdgeSessionTableTest.UnknownSessionCommandsNeverTouchTransports
458/667 Test #458: EdgeSessionTableTest.UnknownSessionCommandsNeverTouchTransports ........................................   Passed    0.01 sec
        Start 459: InMemoryGatewayPrimaryTransportTest.DrainsEventsWithABound
459/667 Test #459: InMemoryGatewayPrimaryTransportTest.DrainsEventsWithABound .............................................   Passed    0.02 sec
        Start 460: InMemoryGatewayPrimaryTransportTest.ScriptsFullAndStoppedIndependently
460/667 Test #460: InMemoryGatewayPrimaryTransportTest.ScriptsFullAndStoppedIndependently .................................   Passed    0.02 sec
        Start 461: InMemoryGatewayPrimaryTransportTest.RecordsOnlyQueuedSemanticCommands
461/667 Test #461: InMemoryGatewayPrimaryTransportTest.RecordsOnlyQueuedSemanticCommands ..................................   Passed    0.02 sec
        Start 462: GatewayRuntimePrimaryTransportTest.MapsStoppedWithoutTakingOwnership
462/667 Test #462: GatewayRuntimePrimaryTransportTest.MapsStoppedWithoutTakingOwnership ...................................   Passed    0.02 sec
        Start 463: GatewayRuntimePrimaryTransportTest.MapsRuntimeQueueBackpressureToFull
463/667 Test #463: GatewayRuntimePrimaryTransportTest.MapsRuntimeQueueBackpressureToFull ..................................   Passed    0.13 sec
        Start 464: GatewayRuntimePrimaryTransportTest.QueuedDeliveryFailureEventuallyPublishesSessionClosed
464/667 Test #464: GatewayRuntimePrimaryTransportTest.QueuedDeliveryFailureEventuallyPublishesSessionClosed ...............   Passed    0.04 sec
        Start 465: GatewayRuntimePrimaryTransportTest.DeclineTerminatesAnEstablishedSessionForPipelineProtocolRejection
465/667 Test #465: GatewayRuntimePrimaryTransportTest.DeclineTerminatesAnEstablishedSessionForPipelineProtocolRejection ...   Passed    0.03 sec
        Start 466: GatewayHeadersTest.EventsFlowThroughPrimaryTransportWithoutRuntime
466/667 Test #466: GatewayHeadersTest.EventsFlowThroughPrimaryTransportWithoutRuntime .....................................   Passed    0.02 sec
        Start 467: DelayedAccountFetchPortTest.CompletesWithoutBlockingTheSubmitter
467/667 Test #467: DelayedAccountFetchPortTest.CompletesWithoutBlockingTheSubmitter .......................................   Passed    0.01 sec
        Start 468: DelayedAccountFetchPortTest.SeparatesBackpressureFromFailureCompletion
468/667 Test #468: DelayedAccountFetchPortTest.SeparatesBackpressureFromFailureCompletion .................................   Passed    0.01 sec
        Start 469: ScriptedAccountFetchPortTest.PreservesAttemptIdentityForLateDuplicates
469/667 Test #469: ScriptedAccountFetchPortTest.PreservesAttemptIdentityForLateDuplicates .................................   Passed    0.01 sec
        Start 470: ScriptedAccountFetchPortTest.ScriptsFullAndStoppedSubmissions
470/667 Test #470: ScriptedAccountFetchPortTest.ScriptsFullAndStoppedSubmissions ..........................................   Passed    0.01 sec
        Start 471: ScriptedAccountFetchPortTest.StopIsTerminalForTheAdapterInstance
471/667 Test #471: ScriptedAccountFetchPortTest.StopIsTerminalForTheAdapterInstance .......................................   Passed    0.01 sec
        Start 472: PlayerDataAccountFetchPortTest.LoadsEligibilityWithoutBlockingSubmit
472/667 Test #472: PlayerDataAccountFetchPortTest.LoadsEligibilityWithoutBlockingSubmit ...................................   Passed    0.01 sec
        Start 473: PlayerDataAccountFetchPortTest.SlowQueriesDoNotSerializeAcrossWorkers
473/667 Test #473: PlayerDataAccountFetchPortTest.SlowQueriesDoNotSerializeAcrossWorkers ..................................   Passed    0.01 sec
        Start 474: PlayerDataAccountFetchPortTest.RechecksAccountAccessOnEveryAttempt
474/667 Test #474: PlayerDataAccountFetchPortTest.RechecksAccountAccessOnEveryAttempt .....................................   Passed    0.01 sec
        Start 475: PlayerDataAccountFetchPortTest.StoreFailureCompletesAsUnavailable
475/667 Test #475: PlayerDataAccountFetchPortTest.StoreFailureCompletesAsUnavailable ......................................   Passed    0.01 sec
        Start 476: PlayerDataAccountFetchPortTest.RejectsMissingReaderZeroCapacityAndZeroWorkers
476/667 Test #476: PlayerDataAccountFetchPortTest.RejectsMissingReaderZeroCapacityAndZeroWorkers ..........................   Passed    0.01 sec
        Start 477: AdmissionConsumptionOptionsTest.RejectsUnsafeConfiguration
477/667 Test #477: AdmissionConsumptionOptionsTest.RejectsUnsafeConfiguration .............................................   Passed    0.01 sec
        Start 478: InMemoryAdmissionConsumptionStoreTest.ImplementsFencedTwoPhaseContract
478/667 Test #478: InMemoryAdmissionConsumptionStoreTest.ImplementsFencedTwoPhaseContract .................................   Passed    0.01 sec
        Start 479: InMemoryAdmissionConsumptionStoreTest.LeaseExpiryAndOutageFailClosed
479/667 Test #479: InMemoryAdmissionConsumptionStoreTest.LeaseExpiryAndOutageFailClosed ...................................   Passed    0.01 sec
        Start 480: EtcdAdmissionConsumptionStoreTest.UsesLinearizableRangeAndCasWithDigests
480/667 Test #480: EtcdAdmissionConsumptionStoreTest.UsesLinearizableRangeAndCasWithDigests ...............................   Passed    0.01 sec
        Start 481: EtcdAdmissionConsumptionStoreTest.RetriesCasAndFencesReleasedOwner
481/667 Test #481: EtcdAdmissionConsumptionStoreTest.RetriesCasAndFencesReleasedOwner .....................................   Passed    0.01 sec
        Start 482: EtcdAdmissionConsumptionStoreTest.RejectsMismatchedReturnedKey
482/667 Test #482: EtcdAdmissionConsumptionStoreTest.RejectsMismatchedReturnedKey .........................................   Passed    0.01 sec
        Start 483: EtcdAdmissionConsumptionStoreTest.InvalidLeaseGrantFailsClosed
483/667 Test #483: EtcdAdmissionConsumptionStoreTest.InvalidLeaseGrantFailsClosed .........................................   Passed    0.01 sec
        Start 484: EtcdAdmissionConsumptionStoreTest.UnavailableTransportRemovesHealth
484/667 Test #484: EtcdAdmissionConsumptionStoreTest.UnavailableTransportRemovesHealth ....................................   Passed    0.01 sec
        Start 485: GatewayAdmissionTest.TwoInstancesCommitOneIdentityAtMostOnce
485/667 Test #485: GatewayAdmissionTest.TwoInstancesCommitOneIdentityAtMostOnce ...........................................   Passed    0.01 sec
        Start 486: GatewayAdmissionTest.RejectsBindingAndDeploymentBeforeStoreWork
486/667 Test #486: GatewayAdmissionTest.RejectsBindingAndDeploymentBeforeStoreWork ........................................   Passed    0.01 sec
        Start 487: GatewayAdmissionTest.StoreOutageIsRetryableAndAffectsAvailability
487/667 Test #487: GatewayAdmissionTest.StoreOutageIsRetryableAndAffectsAvailability ......................................   Passed    0.01 sec
        Start 488: GatewayAdmissionTest.FullKeepsReservationAndStoppedReleasesIt
488/667 Test #488: GatewayAdmissionTest.FullKeepsReservationAndStoppedReleasesIt ..........................................   Passed    0.01 sec
        Start 489: GatewayAdmissionTest.AmbiguousCommitCanNeverReleaseReservation
489/667 Test #489: GatewayAdmissionTest.AmbiguousCommitCanNeverReleaseReservation .........................................   Passed    0.01 sec
        Start 490: GatewayLoginConfigTest.AcceptsCompleteConfiguration
490/667 Test #490: GatewayLoginConfigTest.AcceptsCompleteConfiguration ....................................................   Passed    0.02 sec
        Start 491: GatewayLoginConfigTest.RejectsInvalidCapacityRetryAndEndpoint
491/667 Test #491: GatewayLoginConfigTest.RejectsInvalidCapacityRetryAndEndpoint ..........................................   Passed    0.02 sec
        Start 492: GatewayLoginConfigTest.RejectsZeroFetchWorkersOrTimeout
492/667 Test #492: GatewayLoginConfigTest.RejectsZeroFetchWorkersOrTimeout ................................................   Passed    0.02 sec
        Start 493: GatewayLoginConfigTest.LoaderParsesFetchWorkersAndTimeout
493/667 Test #493: GatewayLoginConfigTest.LoaderParsesFetchWorkersAndTimeout ..............................................   Passed    0.02 sec
        Start 494: GatewayLoginConfigTest.RejectsIncompleteAdmissionConfiguration
494/667 Test #494: GatewayLoginConfigTest.RejectsIncompleteAdmissionConfiguration .........................................   Passed    0.02 sec
        Start 495: GatewayLoginConfigTest.RejectsMalformedAdmissionKeyRing
495/667 Test #495: GatewayLoginConfigTest.RejectsMalformedAdmissionKeyRing ................................................   Passed    0.02 sec
        Start 496: GatewayLoginConfigTest.RejectsGrantWindowOutsideProtocolLimits
496/667 Test #496: GatewayLoginConfigTest.RejectsGrantWindowOutsideProtocolLimits .........................................   Passed    0.02 sec
        Start 497: GatewayLoginConfigTest.LoaderRejectsRetiredSingleKidKeyName
497/667 Test #497: GatewayLoginConfigTest.LoaderRejectsRetiredSingleKidKeyName ............................................   Passed    0.02 sec
        Start 498: GatewayLoginConfigTest.LoaderParsesKeyRingForRotationOverlap
498/667 Test #498: GatewayLoginConfigTest.LoaderParsesKeyRingForRotationOverlap ...........................................   Passed    0.02 sec
        Start 499: GatewaySourceNormalizerTest.IgnoresForwardingHeadersFromUntrustedPeer
499/667 Test #499: GatewaySourceNormalizerTest.IgnoresForwardingHeadersFromUntrustedPeer ..................................   Passed    0.01 sec
        Start 500: GatewaySourceNormalizerTest.UsesFirstUntrustedForwardedHop
500/667 Test #500: GatewaySourceNormalizerTest.UsesFirstUntrustedForwardedHop .............................................   Passed    0.01 sec
        Start 501: GatewayCredentialIngressTest.RejectsMalformedBeforeVerification
501/667 Test #501: GatewayCredentialIngressTest.RejectsMalformedBeforeVerification ........................................   Passed    0.01 sec
        Start 502: GatewayCredentialIngressTest.BoundsEnvelopeBeforeDecode
502/667 Test #502: GatewayCredentialIngressTest.BoundsEnvelopeBeforeDecode ................................................   Passed    0.01 sec
        Start 503: GatewayLoginPipelineTest.CreationValidatesConfigurationAndInstance
503/667 Test #503: GatewayLoginPipelineTest.CreationValidatesConfigurationAndInstance .....................................   Passed    0.02 sec
        Start 504: GatewayLoginPipelineTest.AcceptFullFullQueuedKeepsOneReservationAndDoesNotOversubscribeFetch
504/667 Test #504: GatewayLoginPipelineTest.AcceptFullFullQueuedKeepsOneReservationAndDoesNotOversubscribeFetch ...........   Passed    0.02 sec
        Start 505: GatewayLoginPipelineTest.ReservedAndCommittedJtiRejectConcurrentAndLaterReplay
505/667 Test #505: GatewayLoginPipelineTest.ReservedAndCommittedJtiRejectConcurrentAndLaterReplay .........................   Passed    0.02 sec
        Start 506: GatewayLoginPipelineTest.AdmissionRejectsCrossIdentityCredentialSplice
506/667 Test #506: GatewayLoginPipelineTest.AdmissionRejectsCrossIdentityCredentialSplice .................................   Passed    0.02 sec
        Start 507: GatewayLoginPipelineTest.AdmissionFullAndPrecommitCloseReleaseWithoutBurningCredentials
507/667 Test #507: GatewayLoginPipelineTest.AdmissionFullAndPrecommitCloseReleaseWithoutBurningCredentials ................   Passed    0.02 sec
        Start 508: GatewayLoginPipelineTest.AdmissionSharedStoreCommitsAcrossPipelineInstancesAtMostOnce
508/667 Test #508: GatewayLoginPipelineTest.AdmissionSharedStoreCommitsAcrossPipelineInstancesAtMostOnce ..................   Passed    0.02 sec
        Start 509: GatewayLoginPipelineTest.AdmissionRejectsCrossIdentitySpliceBeforeTransportAccept
509/667 Test #509: GatewayLoginPipelineTest.AdmissionRejectsCrossIdentitySpliceBeforeTransportAccept ......................   Passed    0.02 sec
        Start 510: GatewayLoginPipelineTest.AdmissionStoreOutageFailsNewAttachClosedWithoutStoppingExistingFetch
510/667 Test #510: GatewayLoginPipelineTest.AdmissionStoreOutageFailsNewAttachClosedWithoutStoppingExistingFetch ..........   Passed    0.02 sec
        Start 511: GatewayLoginPipelineTest.AdmissionAmbiguousCommitClosesWithoutFetchOrRelease
511/667 Test #511: GatewayLoginPipelineTest.AdmissionAmbiguousCommitClosesWithoutFetchOrRelease ...........................   Passed    0.02 sec
        Start 512: GatewayLoginPipelineTest.CloseBeforeAcceptCommitReleasesJtiAndFetchReservation
512/667 Test #512: GatewayLoginPipelineTest.CloseBeforeAcceptCommitReleasesJtiAndFetchReservation .........................   Passed    0.02 sec
        Start 513: GatewayLoginPipelineTest.SameFrameCloseWinsOverFetchSuccessAndLateDuplicateCompletions
513/667 Test #513: GatewayLoginPipelineTest.SameFrameCloseWinsOverFetchSuccessAndLateDuplicateCompletions .................   Passed    0.02 sec
        Start 514: GatewayLoginPipelineTest.DestructionCancelsAcceptedFetchWork
514/667 Test #514: GatewayLoginPipelineTest.DestructionCancelsAcceptedFetchWork ...........................................   Passed    0.02 sec
        Start 515: GatewayLoginPipelineTest.FetchSubmitFullDoesNotConsumeRetryAndFailureUsesBackoff
515/667 Test #515: GatewayLoginPipelineTest.FetchSubmitFullDoesNotConsumeRetryAndFailureUsesBackoff .......................   Passed    0.02 sec
        Start 516: GatewayLoginPipelineTest.HandoffFullKeepsFetchingAndQueuedAttemptUsesFreshTicketAndDynamicEndpoint
516/667 Test #516: GatewayLoginPipelineTest.HandoffFullKeepsFetchingAndQueuedAttemptUsesFreshTicketAndDynamicEndpoint .....   Passed    0.02 sec
        Start 517: GatewayLoginPipelineTest.GraceCloseFullRetainsDeadlineStageAndConnectionUntilSessionClosed
517/667 Test #517: GatewayLoginPipelineTest.GraceCloseFullRetainsDeadlineStageAndConnectionUntilSessionClosed .............   Passed    0.02 sec
        Start 518: GatewayLoginPipelineTest.MissingEndpointCreatesCloseIntentWithoutIssuingHandoff
518/667 Test #518: GatewayLoginPipelineTest.MissingEndpointCreatesCloseIntentWithoutIssuingHandoff ........................   Passed    0.02 sec
        Start 519: GatewayLoginPipelineTest.ExhaustedFetchReleasesFetchCapacityAndDeclinesAsPlayerDataUnavailable
519/667 Test #519: GatewayLoginPipelineTest.ExhaustedFetchReleasesFetchCapacityAndDeclinesAsPlayerDataUnavailable .........   Passed    0.02 sec
        Start 520: GatewayLoginPipelineTest.NotEligibleFetchDeclinesImmediatelyWithoutRetry
520/667 Test #520: GatewayLoginPipelineTest.NotEligibleFetchDeclinesImmediatelyWithoutRetry ...............................   Passed    0.02 sec
        Start 521: GatewayLoginPipelineTest.FetchTimeoutCancelsAttemptAndRetriesWithBackoff
521/667 Test #521: GatewayLoginPipelineTest.FetchTimeoutCancelsAttemptAndRetriesWithBackoff ...............................   Passed    0.02 sec
        Start 522: GatewayLoginPipelineTest.StoppedPrimaryTransportMakesPipelineUnhealthyAndBudgetUnavailable
522/667 Test #522: GatewayLoginPipelineTest.StoppedPrimaryTransportMakesPipelineUnhealthyAndBudgetUnavailable .............   Passed    0.02 sec
        Start 523: GatewayLoginPipelineTest.StoppedFetchPortMakesPipelineUnhealthyAndBudgetUnavailable
523/667 Test #523: GatewayLoginPipelineTest.StoppedFetchPortMakesPipelineUnhealthyAndBudgetUnavailable ....................   Passed    0.02 sec
        Start 524: GatewayIngressThrottleTest.SingleSourceBucketThrottlesThenFlagsAbuse
524/667 Test #524: GatewayIngressThrottleTest.SingleSourceBucketThrottlesThenFlagsAbuse ...................................   Passed    0.02 sec
        Start 525: GatewayIngressThrottlePipelineTest.ThrottleIsRetryableErrorAndAbuseClosesConnection
525/667 Test #525: GatewayIngressThrottlePipelineTest.ThrottleIsRetryableErrorAndAbuseClosesConnection ....................   Passed    0.02 sec
        Start 526: LoginVerifyDataFailureTest.ReturnsServiceUnavailableWithoutCredentialLeak
526/667 Test #526: LoginVerifyDataFailureTest.ReturnsServiceUnavailableWithoutCredentialLeak ..............................   Passed    0.01 sec
        Start 527: LoginVerifyHandlerTest.IssuesTokenForValidAccount
527/667 Test #527: LoginVerifyHandlerTest.IssuesTokenForValidAccount ......................................................   Passed    0.01 sec
        Start 528: LoginVerifyHandlerTest.DerivedAccountIdIsReportedAsDecimalString
528/667 Test #528: LoginVerifyHandlerTest.DerivedAccountIdIsReportedAsDecimalString .......................................   Passed    0.01 sec
        Start 529: LoginVerifyHandlerTest.UnknownAccountAndWrongCredentialIndistinguishable
529/667 Test #529: LoginVerifyHandlerTest.UnknownAccountAndWrongCredentialIndistinguishable ...............................   Passed    0.01 sec
        Start 530: LoginVerifyHandlerTest.BannedAccountReturns1002
530/667 Test #530: LoginVerifyHandlerTest.BannedAccountReturns1002 ........................................................   Passed    0.01 sec
        Start 531: LoginVerifyHandlerTest.UnwhitelistedAccountReturns1003
531/667 Test #531: LoginVerifyHandlerTest.UnwhitelistedAccountReturns1003 .................................................   Passed    0.01 sec
        Start 532: LoginVerifyHandlerTest.MalformedRequestsReturn1000
532/667 Test #532: LoginVerifyHandlerTest.MalformedRequestsReturn1000 .....................................................   Passed    0.01 sec
        Start 533: LoginVerifyHandlerTest.OversizedJsonBodyIsRejectedAsInvalidRequest
533/667 Test #533: LoginVerifyHandlerTest.OversizedJsonBodyIsRejectedAsInvalidRequest .....................................   Passed    0.01 sec
        Start 534: LoginVerifyHandlerTest.UnknownPathReturns404
534/667 Test #534: LoginVerifyHandlerTest.UnknownPathReturns404 ...........................................................   Passed    0.01 sec
        Start 535: LoginVerifyHandlerTest.WrongMethodReturns405
535/667 Test #535: LoginVerifyHandlerTest.WrongMethodReturns405 ...........................................................   Passed    0.01 sec
        Start 536: LoginVerifyHandlerTest.ServesJwksMatchingCodec
536/667 Test #536: LoginVerifyHandlerTest.ServesJwksMatchingCodec .........................................................   Passed    0.01 sec
        Start 537: LoginVerifyHandlerTest.ServesHealthz
537/667 Test #537: LoginVerifyHandlerTest.ServesHealthz ...................................................................   Passed    0.01 sec
        Start 538: LoginVerifyHandlerTest.QueryStringIsIgnored
538/667 Test #538: LoginVerifyHandlerTest.QueryStringIsIgnored ............................................................   Passed    0.01 sec
        Start 539: LoginVerifyHandlerTest.JtiDiffersPerIssuance
539/667 Test #539: LoginVerifyHandlerTest.JtiDiffersPerIssuance ...........................................................   Passed    0.01 sec
        Start 540: LoginVerifyHandlerTest.MetricsCountRequestsRejectsAndIssueLatency
540/667 Test #540: LoginVerifyHandlerTest.MetricsCountRequestsRejectsAndIssueLatency ......................................   Passed    0.01 sec
        Start 541: LoginVerifyDispatcherTest.SlowVerificationDoesNotBlockOtherRoutes
541/667 Test #541: LoginVerifyDispatcherTest.SlowVerificationDoesNotBlockOtherRoutes ......................................   Passed    0.01 sec
        Start 542: LoginVerifyDispatcherTest.FullCapacityAnswersServiceUnavailableWithRetryAfter
542/667 Test #542: LoginVerifyDispatcherTest.FullCapacityAnswersServiceUnavailableWithRetryAfter ..........................   Passed    0.01 sec
        Start 543: LoginVerifyDispatcherTest.WrongMethodOnVerifyRouteAnswersImmediately
543/667 Test #543: LoginVerifyDispatcherTest.WrongMethodOnVerifyRouteAnswersImmediately ...................................   Passed    0.01 sec
        Start 544: LoginVerifyDispatcherTest.RejectsZeroWorkersAndZeroCapacity
544/667 Test #544: LoginVerifyDispatcherTest.RejectsZeroWorkersAndZeroCapacity ............................................   Passed    0.01 sec
        Start 545: LoginVerifyServiceTest.VerifiesAccountOverTlsAndIssuesToken
545/667 Test #545: LoginVerifyServiceTest.VerifiesAccountOverTlsAndIssuesToken ............................................   Passed    2.24 sec
        Start 546: LoginVerifyServiceTest.SeesCommittedAccountAccessUpdates
546/667 Test #546: LoginVerifyServiceTest.SeesCommittedAccountAccessUpdates ...............................................   Passed    2.73 sec
        Start 547: LoginVerifyServiceTest.WrongCredentialIsRejectedOverTls
547/667 Test #547: LoginVerifyServiceTest.WrongCredentialIsRejectedOverTls ................................................   Passed    2.33 sec
        Start 548: LoginVerifyServiceTest.ServesJwksOverTls
548/667 Test #548: LoginVerifyServiceTest.ServesJwksOverTls ...............................................................   Passed    2.29 sec
        Start 549: LoginVerifyServiceTest.ServesHealthzOverTls
549/667 Test #549: LoginVerifyServiceTest.ServesHealthzOverTls ............................................................   Passed    2.32 sec
        Start 550: QueueHandlerTest.IssuesSequentialNumbersForDistinctIdentities
550/667 Test #550: QueueHandlerTest.IssuesSequentialNumbersForDistinctIdentities ..........................................   Passed    0.01 sec
        Start 551: QueueHandlerTest.SameIdentityReplaysSameNumber
551/667 Test #551: QueueHandlerTest.SameIdentityReplaysSameNumber .........................................................   Passed    0.01 sec
        Start 552: QueueHandlerTest.StoreFailureIsRetryableAndDoesNotAdvanceNumber
552/667 Test #552: QueueHandlerTest.StoreFailureIsRetryableAndDoesNotAdvanceNumber ........................................   Passed    0.01 sec
        Start 553: QueueHandlerTest.MissingOrMalformedBearerIs1001
553/667 Test #553: QueueHandlerTest.MissingOrMalformedBearerIs1001 ........................................................   Passed    0.01 sec
        Start 554: QueueHandlerTest.InvalidIdentityIs1001
554/667 Test #554: QueueHandlerTest.InvalidIdentityIs1001 .................................................................   Passed    0.01 sec
        Start 555: QueueHandlerTest.ProgressReportsWaterLevelsAndCachePolicy
555/667 Test #555: QueueHandlerTest.ProgressReportsWaterLevelsAndCachePolicy ..............................................   Passed    0.01 sec
        Start 556: QueueHandlerTest.QueuedNumberReportsLivePosition
556/667 Test #556: QueueHandlerTest.QueuedNumberReportsLivePosition .......................................................   Passed    0.01 sec
        Start 557: QueueHandlerTest.ReleasedNumberGetsIdentityBoundAdmissionGrant
557/667 Test #557: QueueHandlerTest.ReleasedNumberGetsIdentityBoundAdmissionGrant .........................................   Passed    0.01 sec
        Start 558: QueueHandlerTest.RepeatedPollingReturnsStableAdmissionGrant
558/667 Test #558: QueueHandlerTest.RepeatedPollingReturnsStableAdmissionGrant ............................................   Passed    0.01 sec
        Start 559: QueueHandlerTest.InvalidOrExpiredNumberIs2001
559/667 Test #559: QueueHandlerTest.InvalidOrExpiredNumberIs2001 ..........................................................   Passed    0.01 sec
        Start 560: QueueHandlerTest.WrongMethodAndUnknownPath
560/667 Test #560: QueueHandlerTest.WrongMethodAndUnknownPath .............................................................   Passed    0.01 sec
        Start 561: QueueHandlerTest.HealthzAndQueryStrings
561/667 Test #561: QueueHandlerTest.HealthzAndQueryStrings ................................................................   Passed    0.01 sec
        Start 562: QueueHandlerTest.MetricsCountProgressRequests
562/667 Test #562: QueueHandlerTest.MetricsCountProgressRequests ..........................................................   Passed    0.01 sec
        Start 563: QueueCoreTest.ReleaseBatchHonorsStepAndBudgets
563/667 Test #563: QueueCoreTest.ReleaseBatchHonorsStepAndBudgets .........................................................   Passed    0.01 sec
        Start 564: QueueCoreTest.ReleaseLedgerMapsEveryBatchBoundaryToStableTime
564/667 Test #564: QueueCoreTest.ReleaseLedgerMapsEveryBatchBoundaryToStableTime ..........................................   Passed    0.01 sec
        Start 565: QueueCoreTest.ReleaseTimeIsNormalizedToPersistedJwsPrecision
565/667 Test #565: QueueCoreTest.ReleaseTimeIsNormalizedToPersistedJwsPrecision ...........................................   Passed    0.01 sec
        Start 566: QueueCoreTest.ReleaseLedgerPrunesOnlyPastWindowAndClockLeeway
566/667 Test #566: QueueCoreTest.ReleaseLedgerPrunesOnlyPastWindowAndClockLeeway ..........................................   Passed    0.01 sec
        Start 567: QueueCoreTest.ReleaseBatchBoundedByIssuedAhead
567/667 Test #567: QueueCoreTest.ReleaseBatchBoundedByIssuedAhead .........................................................   Passed    0.01 sec
        Start 568: QueueCoreTest.ReleaseBatchFailsClosedWithoutBudgets
568/667 Test #568: QueueCoreTest.ReleaseBatchFailsClosedWithoutBudgets ....................................................   Passed    0.01 sec
        Start 569: QueueCoreTest.AggregationUsesPerInstanceMinimum
569/667 Test #569: QueueCoreTest.AggregationUsesPerInstanceMinimum ........................................................   Passed    0.01 sec
        Start 570: QueueCoreTest.AdmitRateMeasuredOverFixedWindow
570/667 Test #570: QueueCoreTest.AdmitRateMeasuredOverFixedWindow .........................................................   Passed    0.01 sec
        Start 571: QueueCoreTest.SnapshotRoundTripsThroughRestore
571/667 Test #571: QueueCoreTest.SnapshotRoundTripsThroughRestore .........................................................   Passed    0.01 sec
        Start 572: QueueCoreTest.RestartPreservesWindowAndCannotRenewIt
572/667 Test #572: QueueCoreTest.RestartPreservesWindowAndCannotRenewIt ...................................................   Passed    0.01 sec
        Start 573: QueueCoreTest.RestoreRejectsInconsistentSnapshot
573/667 Test #573: QueueCoreTest.RestoreRejectsInconsistentSnapshot .......................................................   Passed    0.01 sec
        Start 574: QueueStoreTest.RefreshBudgetsAggregatesBothPrefixes
574/667 Test #574: QueueStoreTest.RefreshBudgetsAggregatesBothPrefixes ....................................................   Passed    0.01 sec
        Start 575: QueueStoreTest.RefreshBudgetsSkipsMalformedEntries
575/667 Test #575: QueueStoreTest.RefreshBudgetsSkipsMalformedEntries .....................................................   Passed    0.01 sec
        Start 576: QueueStoreTest.RefreshBudgetsFailsClosedOnEtcdError
576/667 Test #576: QueueStoreTest.RefreshBudgetsFailsClosedOnEtcdError ....................................................   Passed    0.01 sec
        Start 577: QueueStoreTest.NewIssueCommitsMappingAndSnapshotInOneTransaction
577/667 Test #577: QueueStoreTest.NewIssueCommitsMappingAndSnapshotInOneTransaction .......................................   Passed    0.01 sec
        Start 578: QueueStoreTest.ExistingIdentityRecoversOriginalNumberAndIssueTime
578/667 Test #578: QueueStoreTest.ExistingIdentityRecoversOriginalNumberAndIssueTime ......................................   Passed    0.01 sec
        Start 579: QueueStoreTest.AmbiguousCommitReadsBackDurableIssue
579/667 Test #579: QueueStoreTest.AmbiguousCommitReadsBackDurableIssue ....................................................   Passed    0.01 sec
        Start 580: QueueStoreTest.FailureBeforeCommitReturnsUnavailableWithoutNumber
580/667 Test #580: QueueStoreTest.FailureBeforeCommitReturnsUnavailableWithoutNumber ......................................   Passed    0.01 sec
        Start 581: QueueStoreTest.UnreadableAmbiguousCommitPoisonsFurtherIssuance
581/667 Test #581: QueueStoreTest.UnreadableAmbiguousCommitPoisonsFurtherIssuance .........................................   Passed    0.01 sec
        Start 582: QueueStoreTest.ReusesOneLeaseForSameExpiryBucket
582/667 Test #582: QueueStoreTest.ReusesOneLeaseForSameExpiryBucket .......................................................   Passed    0.01 sec
        Start 583: QueueStoreTest.SaveSnapshotPutsEncodedValue
583/667 Test #583: QueueStoreTest.SaveSnapshotPutsEncodedValue ............................................................   Passed    0.01 sec
        Start 584: QueueStoreTest.SaveSnapshotReturnsFalseOnFailure
584/667 Test #584: QueueStoreTest.SaveSnapshotReturnsFalseOnFailure .......................................................   Passed    0.01 sec
        Start 585: QueueStoreTest.LoadSnapshotParsesStoredValue
585/667 Test #585: QueueStoreTest.LoadSnapshotParsesStoredValue ...........................................................   Passed    0.01 sec
        Start 586: QueueStoreTest.LegacySnapshotRestoresAsExpiredPrefix
586/667 Test #586: QueueStoreTest.LegacySnapshotRestoresAsExpiredPrefix ...................................................   Passed    0.01 sec
        Start 587: QueueStoreTest.LoadSnapshotValidatesIssuanceAcrossPages
587/667 Test #587: QueueStoreTest.LoadSnapshotValidatesIssuanceAcrossPages ................................................   Passed    0.01 sec
        Start 588: QueueStoreTest.LoadSnapshotReturnsNulloptWhenMissing
588/667 Test #588: QueueStoreTest.LoadSnapshotReturnsNulloptWhenMissing ...................................................   Passed    0.01 sec
        Start 589: QueueStoreTest.LoadSnapshotRejectsOrphanIssuanceMappings
589/667 Test #589: QueueStoreTest.LoadSnapshotRejectsOrphanIssuanceMappings ...............................................   Passed    0.01 sec
        Start 590: QueueStoreTest.LoadSnapshotFailsClosedOnUnavailableIssuanceState
590/667 Test #590: QueueStoreTest.LoadSnapshotFailsClosedOnUnavailableIssuanceState .......................................   Passed    0.01 sec
        Start 591: QueueStoreTest.LoadSnapshotRejectsCorruptIssuanceMapping
591/667 Test #591: QueueStoreTest.LoadSnapshotRejectsCorruptIssuanceMapping ...............................................   Passed    0.01 sec
        Start 592: QueueStoreTest.LoadSnapshotFailsClosedOnUnavailableOrCorrupt
592/667 Test #592: QueueStoreTest.LoadSnapshotFailsClosedOnUnavailableOrCorrupt ...........................................   Passed    0.01 sec
        Start 593: QueueStoreEtcdIntegrationTest.ColdBackupRecoversAcknowledgedIssue
593/667 Test #593: QueueStoreEtcdIntegrationTest.ColdBackupRecoversAcknowledgedIssue ......................................   Passed    0.63 sec
        Start 594: QueueStoreEtcdIntegrationTest.IdentityExpiryRemovesRecoveryMapping
594/667 Test #594: QueueStoreEtcdIntegrationTest.IdentityExpiryRemovesRecoveryMapping .....................................   Passed    2.71 sec
        Start 595: QueueStoreEtcdIntegrationTest.MeasuresIssuanceWriteLoadAgainstTarget
595/667 Test #595: QueueStoreEtcdIntegrationTest.MeasuresIssuanceWriteLoadAgainstTarget ...................................   Passed    8.21 sec
        Start 596: QueueProcessRestartTest.RecoversAcknowledgedIssueFromAuthoritativeStore
596/667 Test #596: QueueProcessRestartTest.RecoversAcknowledgedIssueFromAuthoritativeStore ................................   Passed    3.57 sec
        Start 597: QueueTicketingTest.IssuesIdentityBoundQueueNumberV2
597/667 Test #597: QueueTicketingTest.IssuesIdentityBoundQueueNumberV2 ....................................................   Passed    0.01 sec
        Start 598: QueueTicketingTest.ReturnsQueuedShapeBeforeRelease
598/667 Test #598: QueueTicketingTest.ReturnsQueuedShapeBeforeRelease .....................................................   Passed    0.01 sec
        Start 599: QueueTicketingTest.IdempotentIssueAfterReleaseDoesNotUnderflowEta
599/667 Test #599: QueueTicketingTest.IdempotentIssueAfterReleaseDoesNotUnderflowEta ......................................   Passed    0.01 sec
        Start 600: QueueTicketingTest.RepeatedQueriesReturnByteIdenticalGrant
600/667 Test #600: QueueTicketingTest.RepeatedQueriesReturnByteIdenticalGrant .............................................   Passed    0.01 sec
        Start 601: QueueTicketingTest.RestartKeepsOriginalGrantAndReleaseWindow
601/667 Test #601: QueueTicketingTest.RestartKeepsOriginalGrantAndReleaseWindow ...........................................   Passed    0.01 sec
        Start 602: QueueTicketingTest.ReturnsExplicitExpiredAndInvalidOutcomes
602/667 Test #602: QueueTicketingTest.ReturnsExplicitExpiredAndInvalidOutcomes ............................................   Passed    0.01 sec
        Start 603: QueueServiceTest.ServesHealthzOverTls
603/667 Test #603: QueueServiceTest.ServesHealthzOverTls ..................................................................   Passed    0.03 sec
        Start 604: QueueServiceTest.IssuesAndReleasesByBudgetFrame
604/667 Test #604: QueueServiceTest.IssuesAndReleasesByBudgetFrame ........................................................   Passed    0.05 sec
        Start 605: QueueServiceTest.RejectsLegacyAdmittedQueueNumberAtQueryBoundary
605/667 Test #605: QueueServiceTest.RejectsLegacyAdmittedQueueNumberAtQueryBoundary .......................................   Passed    0.02 sec
        Start 606: QueueServiceTest.FailedSnapshotWriteDoesNotPublishRelease
606/667 Test #606: QueueServiceTest.FailedSnapshotWriteDoesNotPublishRelease ..............................................   Passed    0.07 sec
        Start 607: QueueServiceTest.MetricsTrackIssueAdmitAndProgress
607/667 Test #607: QueueServiceTest.MetricsTrackIssueAdmitAndProgress .....................................................   Passed    0.05 sec
        Start 608: QueueServiceTest.FailClosedWhenBudgetsUnavailable
608/667 Test #608: QueueServiceTest.FailClosedWhenBudgetsUnavailable ......................................................   Passed    0.09 sec
        Start 609: QueueServiceTest.RestoresWaterLevelsFromColdBackup
609/667 Test #609: QueueServiceTest.RestoresWaterLevelsFromColdBackup .....................................................   Passed    0.03 sec
        Start 610: QueueServiceTest.RestartRecoversAcknowledgedIssueAndReleasePosition
610/667 Test #610: QueueServiceTest.RestartRecoversAcknowledgedIssueAndReleasePosition ....................................   Passed    0.06 sec
        Start 611: CharacterNameTest.AcceptsOneToSixteenCodePoints
611/667 Test #611: CharacterNameTest.AcceptsOneToSixteenCodePoints ........................................................   Passed    0.01 sec
        Start 612: CharacterNameTest.CountsCodePointsNotBytes
612/667 Test #612: CharacterNameTest.CountsCodePointsNotBytes .............................................................   Passed    0.01 sec
        Start 613: CharacterNameTest.AllowsInnerWhitespaceButNotAtEitherEnd
613/667 Test #613: CharacterNameTest.AllowsInnerWhitespaceButNotAtEitherEnd ...............................................   Passed    0.01 sec
        Start 614: CharacterNameTest.RejectsControlCharacters
614/667 Test #614: CharacterNameTest.RejectsControlCharacters .............................................................   Passed    0.01 sec
        Start 615: CharacterNameTest.RejectsMalformedUtf8
615/667 Test #615: CharacterNameTest.RejectsMalformedUtf8 .................................................................   Passed    0.01 sec
        Start 616: TrainingRuleTest.ShippedRuleTrainsAndCapsAtLevelTen
616/667 Test #616: TrainingRuleTest.ShippedRuleTrainsAndCapsAtLevelTen ....................................................   Passed    0.01 sec
        Start 617: TrainingRuleTest.CallableFromFrameThreadOtherThanConstructor
617/667 Test #617: TrainingRuleTest.CallableFromFrameThreadOtherThanConstructor ...........................................   Passed    0.01 sec
        Start 618: TrainingRuleTest.MissingFileFailsStartup
618/667 Test #618: TrainingRuleTest.MissingFileFailsStartup ...............................................................   Passed    0.01 sec
        Start 619: TrainingRuleFileTest.SyntaxErrorFailsStartup
619/667 Test #619: TrainingRuleFileTest.SyntaxErrorFailsStartup ...........................................................   Passed    0.01 sec
        Start 620: TrainingRuleFileTest.MissingFunctionsFailStartup
620/667 Test #620: TrainingRuleFileTest.MissingFunctionsFailStartup .......................................................   Passed    0.01 sec
        Start 621: TrainingRuleFileTest.RuleWithoutIoAccess
621/667 Test #621: TrainingRuleFileTest.RuleWithoutIoAccess ...............................................................   Passed    0.01 sec
        Start 622: TrainingRuleFileTest.MalformedResultsFailStartup
622/667 Test #622: TrainingRuleFileTest.MalformedResultsFailStartup .......................................................   Passed    0.01 sec
        Start 623: TrainingRuleFileTest.LaterRuleErrorsThrowAtCallTime
623/667 Test #623: TrainingRuleFileTest.LaterRuleErrorsThrowAtCallTime ....................................................   Passed    0.01 sec
        Start 624: RealmSessionsTest.NewAccountListsEmptyRosterInSelection
624/667 Test #624: RealmSessionsTest.NewAccountListsEmptyRosterInSelection ................................................   Passed    0.03 sec
        Start 625: RealmSessionsTest.ListCarriesLevelAndLastSelected
625/667 Test #625: RealmSessionsTest.ListCarriesLevelAndLastSelected ......................................................   Passed    0.03 sec
        Start 626: RealmSessionsTest.InvalidNameIsRejectedWithoutTouchingStore
626/667 Test #626: RealmSessionsTest.InvalidNameIsRejectedWithoutTouchingStore ............................................   Passed    0.02 sec
        Start 627: RealmSessionsTest.CreateMapsTakenNameAndLimit
627/667 Test #627: RealmSessionsTest.CreateMapsTakenNameAndLimit ..........................................................   Passed    0.03 sec
        Start 628: RealmSessionsTest.SelectingForeignCharacterIsRejected
628/667 Test #628: RealmSessionsTest.SelectingForeignCharacterIsRejected ..................................................   Passed    0.02 sec
        Start 629: RealmSessionsTest.PhaseMismatchKeepsSessionOpen
629/667 Test #629: RealmSessionsTest.PhaseMismatchKeepsSessionOpen ........................................................   Passed    0.03 sec
        Start 630: RealmSessionsTest.TrainingFollowsTheSeqProtocol
630/667 Test #630: RealmSessionsTest.TrainingFollowsTheSeqProtocol ........................................................   Passed    0.03 sec
        Start 631: RealmSessionsTest.SeqZeroBeforeAnyTrainingReplaysCurrentState
631/667 Test #631: RealmSessionsTest.SeqZeroBeforeAnyTrainingReplaysCurrentState ..........................................   Passed    0.03 sec
        Start 632: RealmSessionsTest.MaxLevelRejectsTraining
632/667 Test #632: RealmSessionsTest.MaxLevelRejectsTraining ..............................................................   Passed    0.02 sec
        Start 633: RealmSessionsTest.PipelinedRequestsRunInArrivalOrder
633/667 Test #633: RealmSessionsTest.PipelinedRequestsRunInArrivalOrder ...................................................   Passed    0.02 sec
        Start 634: RealmSessionsTest.DisplacementNotifiesAndClosesOldSession
634/667 Test #634: RealmSessionsTest.DisplacementNotifiesAndClosesOldSession ..............................................   Passed    0.03 sec
        Start 635: RealmSessionsTest.UnavailableDataKeepsSessionOpen
635/667 Test #635: RealmSessionsTest.UnavailableDataKeepsSessionOpen ......................................................   Passed    0.03 sec
        Start 636: RealmSessionsTest.FullDataPoolThrottlesWithRetryAfter
636/667 Test #636: RealmSessionsTest.FullDataPoolThrottlesWithRetryAfter ..................................................   Passed    0.02 sec
        Start 637: RealmSessionsTest.OverlongPerSessionBacklogIsThrottled
637/667 Test #637: RealmSessionsTest.OverlongPerSessionBacklogIsThrottled .................................................   Passed    0.03 sec
        Start 638: RealmSessionsTest.RuleErrorsAnswerUnavailableAndKeepSession
638/667 Test #638: RealmSessionsTest.RuleErrorsAnswerUnavailableAndKeepSession ............................................   Passed    0.03 sec
        Start 639: RealmSessionsTest.NonRealmOrServerMessagesAreNotHandled
639/667 Test #639: RealmSessionsTest.NonRealmOrServerMessagesAreNotHandled ................................................   Passed    0.02 sec
        Start 640: RealmJourneyTest.CharacterLifecycleSurvivesReloginAndRealmRestart
640/667 Test #640: RealmJourneyTest.CharacterLifecycleSurvivesReloginAndRealmRestart ......................................   Passed   20.28 sec
        Start 641: LatencyRecorderTest.EmptyRecorderReportsZeros
641/667 Test #641: LatencyRecorderTest.EmptyRecorderReportsZeros ..........................................................   Passed    0.02 sec
        Start 642: LatencyRecorderTest.PercentilesFollowNearestRank
642/667 Test #642: LatencyRecorderTest.PercentilesFollowNearestRank .......................................................   Passed    0.02 sec
        Start 643: LatencyRecorderTest.PercentileOfSmallSample
643/667 Test #643: LatencyRecorderTest.PercentileOfSmallSample ............................................................   Passed    0.02 sec
        Start 644: PhaseCountersTest.FailuresBreakDownByKindAndMerge
644/667 Test #644: PhaseCountersTest.FailuresBreakDownByKindAndMerge ......................................................   Passed    0.01 sec
        Start 645: LoadgenReportTest.RenderLocksPhaseFieldsAndFailureNames
645/667 Test #645: LoadgenReportTest.RenderLocksPhaseFieldsAndFailureNames ................................................   Passed    0.01 sec
        Start 646: FailureKindNameTest.NamesEveryKind
646/667 Test #646: FailureKindNameTest.NamesEveryKind .....................................................................   Passed    0.01 sec
        Start 647: ParseLoadgenLoginTargetTest.AcceptsExplicitTargetsAndAllAlias
647/667 Test #647: ParseLoadgenLoginTargetTest.AcceptsExplicitTargetsAndAllAlias ..........................................   Passed    0.01 sec
        Start 648: LoginChainAdapterTest.MapsEveryTargetToValidatedLoginRun
648/667 Test #648: LoginChainAdapterTest.MapsEveryTargetToValidatedLoginRun ...............................................   Passed    0.01 sec
        Start 649: LoginChainAdapterTest.RejectsInvalidTargetSpecificConfiguration
649/667 Test #649: LoginChainAdapterTest.RejectsInvalidTargetSpecificConfiguration ........................................   Passed    0.01 sec
        Start 650: LoginChainAdapterTest.PollingProfileChangesPacingOnly
650/667 Test #650: LoginChainAdapterTest.PollingProfileChangesPacingOnly ..................................................   Passed    0.01 sec
        Start 651: LoginChainMetricsTest.MapsOperationsToExistingPhaseCounters
651/667 Test #651: LoginChainMetricsTest.MapsOperationsToExistingPhaseCounters ............................................   Passed    0.01 sec
        Start 652: LoginChainMetricsTest.RecordsRealmEntryFailuresAndLatency
652/667 Test #652: LoginChainMetricsTest.RecordsRealmEntryFailuresAndLatency ..............................................   Passed    0.01 sec
        Start 653: LoginChainMetricsTest.PreservesGatewayDialAttachBucketing
653/667 Test #653: LoginChainMetricsTest.PreservesGatewayDialAttachBucketing ..............................................   Passed    0.01 sec
        Start 654: ParseMetricsLineTest.ParsesPlainAndLabeledSeries
654/667 Test #654: ParseMetricsLineTest.ParsesPlainAndLabeledSeries .......................................................   Passed    0.01 sec
        Start 655: ScrapeMetricsTest.ParsesPrometheusBody
655/667 Test #655: ScrapeMetricsTest.ParsesPrometheusBody .................................................................   Passed    0.01 sec
        Start 656: LoadgenIntegrationTest.L1VerifyDirectsTrafficAndCountersAgree
656/667 Test #656: LoadgenIntegrationTest.L1VerifyDirectsTrafficAndCountersAgree ..........................................   Passed    1.83 sec
        Start 657: LoadgenIntegrationTest.L1TicketsIssueTokensAllValidate
657/667 Test #657: LoadgenIntegrationTest.L1TicketsIssueTokensAllValidate .................................................   Passed    4.31 sec
        Start 658: LoadgenIntegrationTest.L1GatewaySoakHoldsWaterLevelWithoutFdLeak
658/667 Test #658: LoadgenIntegrationTest.L1GatewaySoakHoldsWaterLevelWithoutFdLeak .......................................   Passed   15.29 sec
        Start 659: LoadgenIntegrationTest.AdapterAndDecoratorDriveRealGatewayChain
659/667 Test #659: LoadgenIntegrationTest.AdapterAndDecoratorDriveRealGatewayChain ........................................   Passed    5.26 sec
        Start 660: LoadgenIntegrationTest.FullTargetRedeemsRealmSession
660/667 Test #660: LoadgenIntegrationTest.FullTargetRedeemsRealmSession ...................................................   Passed    4.67 sec
        Start 661: LoadgenIntegrationTest.GatewayReadinessRecoversAfterEtcdOutage
661/667 Test #661: LoadgenIntegrationTest.GatewayReadinessRecoversAfterEtcdOutage .........................................   Passed    5.17 sec
        Start 662: LoadgenIntegrationTest.M2ReducedChainCompletesWithLowFetchFailure
662/667 Test #662: LoadgenIntegrationTest.M2ReducedChainCompletesWithLowFetchFailure ......................................   Passed   11.15 sec
        Start 663: LoadgenIntegrationTest.M3SmokeTenThousandTicketsAndConcurrentPolls
663/667 Test #663: LoadgenIntegrationTest.M3SmokeTenThousandTicketsAndConcurrentPolls .....................................   Passed   46.71 sec
        Start 664: LoadgenIntegrationTest.SuccessfulGatewayDialTimeIsExcludedFromAttach
664/667 Test #664: LoadgenIntegrationTest.SuccessfulGatewayDialTimeIsExcludedFromAttach ...................................   Passed    6.33 sec
        Start 665: LoadgenIntegrationTest.GatewayDialFailureIsChargedToAttach
665/667 Test #665: LoadgenIntegrationTest.GatewayDialFailureIsChargedToAttach .............................................   Passed    7.06 sec
        Start 666: LuaHarnessSelfTest
666/667 Test #666: LuaHarnessSelfTest .....................................................................................   Passed    0.52 sec
        Start 667: RealmTrainingRule
667/667 Test #667: RealmTrainingRule ......................................................................................   Passed    0.01 sec

100% tests passed out of 667

Label Time Summary:
integration                                     = 388.91 sec*proc (163 tests)
lua                                             =   0.52 sec*proc (2 tests)
target=account_fetch_port_test                  =   0.08 sec*proc (10 tests)
target=account_store_test                       =   0.11 sec*proc (14 tests)
target=adaptive_poller_test                     =   0.03 sec*proc (5 tests)
target=admission_consumption_store_test         =   0.07 sec*proc (8 tests)
target=admission_grant_test                     =   0.06 sec*proc (9 tests)
target=admission_security_config_test           =   0.04 sec*proc (6 tests)
target=base64url_test                           =   0.04 sec*proc (6 tests)
target=bounded_queue_test                       =   0.01 sec*proc (2 tests)
target=bounded_work_pool_test                   =   0.09 sec*proc (8 tests)
target=character_name_test                      =   0.03 sec*proc (5 tests)
target=compact_jws_test                         =   0.07 sec*proc (11 tests)
target=config_headers_test                      =   0.01 sec*proc (1 test)
target=configs_load_smoke_test                  =   0.15 sec*proc (7 tests)
target=edge_attach_protocol_test                =   0.07 sec*proc (6 tests)
target=edge_session_table_test                  =   0.04 sec*proc (6 tests)
target=event_loop_test                          =   0.25 sec*proc (5 tests)
target=frame_scheduler_test                     =   0.01 sec*proc (2 tests)
target=gateway_admission_test                   =   0.04 sec*proc (5 tests)
target=gateway_headers_test                     =   0.02 sec*proc (1 test)
target=gateway_ingress_test                     =   0.05 sec*proc (4 tests)
target=gateway_ingress_throttle_test            =   0.04 sec*proc (2 tests)
target=gateway_login_config_test                =   0.18 sec*proc (9 tests)
target=gateway_login_pipeline_test              =   0.48 sec*proc (21 tests)
target=gateway_primary_transport_test           =   0.28 sec*proc (7 tests)
target=gateway_runtime_test                     =   0.16 sec*proc (6 tests)
target=gateway_server_test                      =   0.12 sec*proc (5 tests)
target=http1_codec_test                         =   0.12 sec*proc (16 tests)
target=http1_response_parser_test               =   0.09 sec*proc (14 tests)
target=http_server_test                         =   0.66 sec*proc (7 tests)
target=identity_replay_guard_test               =   0.03 sec*proc (5 tests)
target=identity_token_test                      =   0.12 sec*proc (18 tests)
target=json_field_test                          =   0.03 sec*proc (4 tests)
target=json_test                                =   0.09 sec*proc (16 tests)
target=load_topology_test                       =   0.04 sec*proc (5 tests)
target=loadgen_core_test                        =   0.10 sec*proc (7 tests)
target=loadgen_integration_test                 = 107.78 sec*proc (10 tests)
target=loadgen_login_chain_test                 =   0.04 sec*proc (6 tests)
target=login_chain_test                         =   1.79 sec*proc (26 tests)
target=login_verify_dispatcher_test             =   0.04 sec*proc (4 tests)
target=login_verify_handler_test                =   0.13 sec*proc (15 tests)
target=login_verify_service_test                =  11.90 sec*proc (5 tests)
target=lua_runtime_test                         =   0.02 sec*proc (5 tests)
target=metrics_scrape_test                      =   0.01 sec*proc (2 tests)
target=network_codec_test                       =   0.04 sec*proc (6 tests)
target=new_chain_flow_test                      =   8.04 sec*proc (2 tests)
target=observability_logger_test                =   0.08 sec*proc (8 tests)
target=observability_metrics_registry_test      =   0.02 sec*proc (7 tests)
target=player_data_store_test                   =  56.11 sec*proc (24 tests)
target=preferred_transport_connector_test       =   0.07 sec*proc (4 tests)
target=queue_core_test                          =   0.07 sec*proc (11 tests)
target=queue_handler_test                       =   0.11 sec*proc (13 tests)
target=queue_number_test                        =   0.05 sec*proc (8 tests)
target=queue_number_v2_test                     =   0.04 sec*proc (6 tests)
target=queue_process_restart_test               =   3.57 sec*proc (1 test)
target=queue_service_test                       =   0.40 sec*proc (8 tests)
target=queue_store_etcd_integration_test        =  11.55 sec*proc (3 tests)
target=queue_store_test                         =   0.17 sec*proc (19 tests)
target=queue_ticketing_test                     =   0.05 sec*proc (6 tests)
target=quic_transport_test                      =   0.06 sec*proc (1 test)
target=realm_journey_test                       =  20.28 sec*proc (1 test)
target=realm_lua_cli                            =   0.52 sec*proc (2 tests)
target=realm_protocol_test                      =   0.09 sec*proc (7 tests)
target=realm_sessions_test                      =   0.41 sec*proc (16 tests)
target=service_host_test                        =  15.02 sec*proc (69 tests)
target=service_lifecycle_test                   =   0.01 sec*proc (5 tests)
target=service_registry_test                    =   0.40 sec*proc (34 tests)
target=session_ticket_test                      =   0.13 sec*proc (11 tests)
target=tcp_listener_test                        =   0.25 sec*proc (4 tests)
target=tls_tcp_client_dialer_test               =   0.01 sec*proc (2 tests)
target=tls_tcp_transport_test                   =   1.50 sec*proc (6 tests)
target=training_rule_test                       =   0.06 sec*proc (8 tests)
target=transport_factory_test                   =   0.10 sec*proc (7 tests)
target=wire_login_transport_integration_test    =   1.41 sec*proc (7 tests)
target=wire_login_transport_test                =   0.07 sec*proc (5 tests)
unit                                            =   9.35 sec*proc (504 tests)

Total Test time (real) = 398.43 sec
